-- MySQL dump 10.13  Distrib 8.0.19, for Linux (x86_64)
--
-- Host: localhost    Database: alwdb
-- ------------------------------------------------------
-- Server version	8.0.19

/*!40101 SET @OLD_CHARACTER_SET_CLIENT=@@CHARACTER_SET_CLIENT */;
/*!40101 SET @OLD_CHARACTER_SET_RESULTS=@@CHARACTER_SET_RESULTS */;
/*!40101 SET @OLD_COLLATION_CONNECTION=@@COLLATION_CONNECTION */;
/*!50503 SET NAMES utf8mb4 */;
/*!40103 SET @OLD_TIME_ZONE=@@TIME_ZONE */;
/*!40103 SET TIME_ZONE='+00:00' */;
/*!40014 SET @OLD_UNIQUE_CHECKS=@@UNIQUE_CHECKS, UNIQUE_CHECKS=0 */;
/*!40014 SET @OLD_FOREIGN_KEY_CHECKS=@@FOREIGN_KEY_CHECKS, FOREIGN_KEY_CHECKS=0 */;
/*!40101 SET @OLD_SQL_MODE=@@SQL_MODE, SQL_MODE='NO_AUTO_VALUE_ON_ZERO' */;
/*!40111 SET @OLD_SQL_NOTES=@@SQL_NOTES, SQL_NOTES=0 */;

--
-- Table structure for table `admins`
--

DROP TABLE IF EXISTS `admins`;
/*!40101 SET @saved_cs_client     = @@character_set_client */;
/*!50503 SET character_set_client = utf8mb4 */;
CREATE TABLE `admins` (
  `id` int unsigned NOT NULL AUTO_INCREMENT,
  `role_id` int DEFAULT NULL,
  `name` varchar(255) COLLATE utf8_unicode_ci NOT NULL,
  `email` varchar(255) COLLATE utf8_unicode_ci NOT NULL,
  `avatar` varchar(255) COLLATE utf8_unicode_ci DEFAULT 'users/default.png',
  `email_verified_at` timestamp NULL DEFAULT NULL,
  `password` varchar(255) COLLATE utf8_unicode_ci NOT NULL,
  `remember_token` varchar(255) COLLATE utf8_unicode_ci DEFAULT NULL,
  `settings` text COLLATE utf8_unicode_ci,
  `created_at` timestamp NULL DEFAULT NULL,
  `updated_at` timestamp NULL DEFAULT NULL,
  PRIMARY KEY (`id`)
) ENGINE=InnoDB AUTO_INCREMENT=3 DEFAULT CHARSET=utf8 COLLATE=utf8_unicode_ci;
/*!40101 SET character_set_client = @saved_cs_client */;

--
-- Dumping data for table `admins`
--

LOCK TABLES `admins` WRITE;
/*!40000 ALTER TABLE `admins` DISABLE KEYS */;
INSERT INTO `admins` VALUES (1,1,'admin','admin@admin.com','/admins/December2019/gXs9H7sAYpOqDxw8fzRE.png',NULL,'$2y$10$mF4BmxcF3n56bHtmy.G6UuQvp5jUBlOaHCgyMO7ts0kpiQtQsRG5W','UbQ8vjpOMwwrke9VYY7L0XkZbywAfF9B2fbxltcGBaHX6znkavrKZ7unv80v','{\"locale\":\"en\"}','2020-04-01 06:26:54','2020-09-22 15:13:53'),(2,3,'mahmoud test','Mahmoud.Gouda@Andalusiagroup.net','admins/September2020/gxiXk0QNZ8wcS4AlmQ0c.png',NULL,'$2y$10$Z2Q6PSXeymhnWePfzbOhRODT9sZkWFZD2UjSLmxVK7kVeNCCcaBKO',NULL,'{\"locale\":\"en\"}','2020-09-22 17:46:03','2020-09-22 17:46:03');
/*!40000 ALTER TABLE `admins` ENABLE KEYS */;
UNLOCK TABLES;

--
-- Table structure for table `andalusia_groups`
--

DROP TABLE IF EXISTS `andalusia_groups`;
/*!40101 SET @saved_cs_client     = @@character_set_client */;
/*!50503 SET character_set_client = utf8mb4 */;
CREATE TABLE `andalusia_groups` (
  `id` int unsigned NOT NULL AUTO_INCREMENT,
  `title` text COLLATE utf8_unicode_ci,
  `url` text COLLATE utf8_unicode_ci,
  `status` int DEFAULT '0',
  `created_at` timestamp NULL DEFAULT NULL,
  `updated_at` timestamp NULL DEFAULT NULL,
  PRIMARY KEY (`id`)
) ENGINE=InnoDB DEFAULT CHARSET=utf8 COLLATE=utf8_unicode_ci;
/*!40101 SET character_set_client = @saved_cs_client */;

--
-- Dumping data for table `andalusia_groups`
--

LOCK TABLES `andalusia_groups` WRITE;
/*!40000 ALTER TABLE `andalusia_groups` DISABLE KEYS */;
/*!40000 ALTER TABLE `andalusia_groups` ENABLE KEYS */;
UNLOCK TABLES;

--
-- Table structure for table `appointment_notes`
--

DROP TABLE IF EXISTS `appointment_notes`;
/*!40101 SET @saved_cs_client     = @@character_set_client */;
/*!50503 SET character_set_client = utf8mb4 */;
CREATE TABLE `appointment_notes` (
  `id` int unsigned NOT NULL AUTO_INCREMENT,
  `appointment_id` int DEFAULT NULL,
  `doctor_id` int DEFAULT NULL,
  `user_id` int DEFAULT NULL,
  `note` longtext COLLATE utf8_unicode_ci,
  `created_at` timestamp NULL DEFAULT NULL,
  `updated_at` timestamp NULL DEFAULT NULL,
  `created_by` varchar(255) COLLATE utf8_unicode_ci DEFAULT NULL,
  `name` varchar(255) COLLATE utf8_unicode_ci DEFAULT NULL,
  `description` text COLLATE utf8_unicode_ci,
  `qty` varchar(255) COLLATE utf8_unicode_ci DEFAULT NULL,
  PRIMARY KEY (`id`)
) ENGINE=InnoDB DEFAULT CHARSET=utf8 COLLATE=utf8_unicode_ci;
/*!40101 SET character_set_client = @saved_cs_client */;

--
-- Dumping data for table `appointment_notes`
--

LOCK TABLES `appointment_notes` WRITE;
/*!40000 ALTER TABLE `appointment_notes` DISABLE KEYS */;
/*!40000 ALTER TABLE `appointment_notes` ENABLE KEYS */;
UNLOCK TABLES;

--
-- Table structure for table `appointment_transits`
--

DROP TABLE IF EXISTS `appointment_transits`;
/*!40101 SET @saved_cs_client     = @@character_set_client */;
/*!50503 SET character_set_client = utf8mb4 */;
CREATE TABLE `appointment_transits` (
  `id` int unsigned NOT NULL AUTO_INCREMENT,
  `doctor_id` int DEFAULT NULL,
  `appointment_id` int DEFAULT NULL,
  `user_id` int DEFAULT NULL,
  `start` varchar(255) COLLATE utf8_unicode_ci DEFAULT NULL,
  `duration` varchar(255) COLLATE utf8_unicode_ci DEFAULT NULL,
  `comments` varchar(255) COLLATE utf8_unicode_ci DEFAULT NULL,
  `confirmed` int DEFAULT NULL,
  `payment_confirmed` int DEFAULT NULL,
  `status` varchar(255) COLLATE utf8_unicode_ci DEFAULT 'PENDING',
  `order_id` varchar(255) COLLATE utf8_unicode_ci DEFAULT NULL,
  `created_at` timestamp NULL DEFAULT NULL,
  `updated_at` timestamp NULL DEFAULT NULL,
  `currency` varchar(255) COLLATE utf8_unicode_ci DEFAULT 'SAR',
  PRIMARY KEY (`id`)
) ENGINE=InnoDB DEFAULT CHARSET=utf8 COLLATE=utf8_unicode_ci;
/*!40101 SET character_set_client = @saved_cs_client */;

--
-- Dumping data for table `appointment_transits`
--

LOCK TABLES `appointment_transits` WRITE;
/*!40000 ALTER TABLE `appointment_transits` DISABLE KEYS */;
/*!40000 ALTER TABLE `appointment_transits` ENABLE KEYS */;
UNLOCK TABLES;

--
-- Table structure for table `appointments`
--

DROP TABLE IF EXISTS `appointments`;
/*!40101 SET @saved_cs_client     = @@character_set_client */;
/*!50503 SET character_set_client = utf8mb4 */;
CREATE TABLE `appointments` (
  `id` int unsigned NOT NULL AUTO_INCREMENT,
  `doctor_id` int DEFAULT NULL,
  `user_id` int DEFAULT NULL,
  `start` varchar(255) COLLATE utf8_unicode_ci DEFAULT NULL,
  `duration` varchar(255) COLLATE utf8_unicode_ci DEFAULT NULL,
  `comments` varchar(255) COLLATE utf8_unicode_ci DEFAULT NULL,
  `confirmed` int DEFAULT NULL,
  `payment_confirmed` int DEFAULT NULL,
  `created_at` timestamp NULL DEFAULT NULL,
  `updated_at` timestamp NULL DEFAULT NULL,
  PRIMARY KEY (`id`)
) ENGINE=InnoDB DEFAULT CHARSET=utf8 COLLATE=utf8_unicode_ci;
/*!40101 SET character_set_client = @saved_cs_client */;

--
-- Dumping data for table `appointments`
--

LOCK TABLES `appointments` WRITE;
/*!40000 ALTER TABLE `appointments` DISABLE KEYS */;
/*!40000 ALTER TABLE `appointments` ENABLE KEYS */;
UNLOCK TABLES;

--
-- Table structure for table `attachments`
--

DROP TABLE IF EXISTS `attachments`;
/*!40101 SET @saved_cs_client     = @@character_set_client */;
/*!50503 SET character_set_client = utf8mb4 */;
CREATE TABLE `attachments` (
  `id` int unsigned NOT NULL AUTO_INCREMENT,
  `appointment_id` int unsigned NOT NULL,
  `attachment` text CHARACTER SET utf8 COLLATE utf8_unicode_ci NOT NULL,
  `created_at` timestamp NULL DEFAULT NULL,
  `updated_at` timestamp NULL DEFAULT NULL,
  PRIMARY KEY (`id`)
) ENGINE=InnoDB DEFAULT CHARSET=utf8 COLLATE=utf8_unicode_ci;
/*!40101 SET character_set_client = @saved_cs_client */;

--
-- Dumping data for table `attachments`
--

LOCK TABLES `attachments` WRITE;
/*!40000 ALTER TABLE `attachments` DISABLE KEYS */;
/*!40000 ALTER TABLE `attachments` ENABLE KEYS */;
UNLOCK TABLES;

--
-- Table structure for table `bookings`
--

DROP TABLE IF EXISTS `bookings`;
/*!40101 SET @saved_cs_client     = @@character_set_client */;
/*!50503 SET character_set_client = utf8mb4 */;
CREATE TABLE `bookings` (
  `id` int unsigned NOT NULL AUTO_INCREMENT,
  `clinic_id` int DEFAULT NULL,
  `name` varchar(255) COLLATE utf8_unicode_ci DEFAULT NULL,
  `email` varchar(255) COLLATE utf8_unicode_ci DEFAULT NULL,
  `phone` varchar(255) COLLATE utf8_unicode_ci DEFAULT NULL,
  `comments` varchar(255) COLLATE utf8_unicode_ci DEFAULT NULL,
  `booking_date_time` varchar(255) COLLATE utf8_unicode_ci DEFAULT NULL,
  `created_at` timestamp NULL DEFAULT NULL,
  `updated_at` timestamp NULL DEFAULT NULL,
  `doctor_id` int DEFAULT NULL,
  PRIMARY KEY (`id`)
) ENGINE=InnoDB AUTO_INCREMENT=2 DEFAULT CHARSET=utf8 COLLATE=utf8_unicode_ci;
/*!40101 SET character_set_client = @saved_cs_client */;

--
-- Dumping data for table `bookings`
--

LOCK TABLES `bookings` WRITE;
/*!40000 ALTER TABLE `bookings` DISABLE KEYS */;
INSERT INTO `bookings` VALUES (1,1,'احمد','Mahmoud.Gouda@Andalusiagroup.net','65+6565','صيصضثيضصي',NULL,'2020-09-22 16:45:20','2020-09-22 16:46:29',3);
/*!40000 ALTER TABLE `bookings` ENABLE KEYS */;
UNLOCK TABLES;

--
-- Table structure for table `categories`
--

DROP TABLE IF EXISTS `categories`;
/*!40101 SET @saved_cs_client     = @@character_set_client */;
/*!50503 SET character_set_client = utf8mb4 */;
CREATE TABLE `categories` (
  `id` int unsigned NOT NULL AUTO_INCREMENT,
  `parent_id` int unsigned DEFAULT NULL,
  `order` int NOT NULL DEFAULT '1',
  `name` varchar(255) COLLATE utf8_unicode_ci NOT NULL,
  `slug` varchar(255) COLLATE utf8_unicode_ci NOT NULL,
  `created_at` timestamp NULL DEFAULT NULL,
  `updated_at` timestamp NULL DEFAULT NULL,
  `meta_description` varchar(255) COLLATE utf8_unicode_ci DEFAULT NULL,
  `meta_keywords` varchar(255) COLLATE utf8_unicode_ci DEFAULT NULL,
  `facebook_title` varchar(255) COLLATE utf8_unicode_ci DEFAULT NULL,
  `facebook_description` varchar(255) COLLATE utf8_unicode_ci DEFAULT NULL,
  `facebook_image` varchar(255) COLLATE utf8_unicode_ci DEFAULT NULL,
  `twitter_title` varchar(255) COLLATE utf8_unicode_ci DEFAULT NULL,
  `twitter_description` varchar(255) COLLATE utf8_unicode_ci DEFAULT NULL,
  `twitter_image` varchar(255) COLLATE utf8_unicode_ci DEFAULT NULL,
  PRIMARY KEY (`id`),
  UNIQUE KEY `categories_slug_unique` (`slug`),
  KEY `categories_parent_id_foreign` (`parent_id`),
  CONSTRAINT `categories_parent_id_foreign` FOREIGN KEY (`parent_id`) REFERENCES `categories` (`id`) ON DELETE SET NULL ON UPDATE CASCADE
) ENGINE=InnoDB AUTO_INCREMENT=8 DEFAULT CHARSET=utf8 COLLATE=utf8_unicode_ci;
/*!40101 SET character_set_client = @saved_cs_client */;

--
-- Dumping data for table `categories`
--

LOCK TABLES `categories` WRITE;
/*!40000 ALTER TABLE `categories` DISABLE KEYS */;
INSERT INTO `categories` VALUES (1,NULL,1,'Category 1','category-1','2020-04-01 06:26:54','2020-04-01 06:26:54',NULL,NULL,NULL,NULL,NULL,NULL,NULL,NULL),(2,NULL,1,'Category 2','category-2','2020-04-01 06:26:54','2020-04-01 06:26:54',NULL,NULL,NULL,NULL,NULL,NULL,NULL,NULL),(3,NULL,1,'الاكثر قراءة','cat3','2020-09-20 14:56:18','2020-09-30 11:44:35','Meta description','Meta keywords',NULL,NULL,NULL,NULL,NULL,NULL);
/*!40000 ALTER TABLE `categories` ENABLE KEYS */;
UNLOCK TABLES;

--
-- Table structure for table `clinic_requests`
--

DROP TABLE IF EXISTS `clinic_requests`;
/*!40101 SET @saved_cs_client     = @@character_set_client */;
/*!50503 SET character_set_client = utf8mb4 */;
CREATE TABLE `clinic_requests` (
  `id` int unsigned NOT NULL AUTO_INCREMENT,
  `first_name` varchar(255) COLLATE utf8_unicode_ci DEFAULT NULL,
  `last_name` varchar(255) COLLATE utf8_unicode_ci DEFAULT NULL,
  `email` varchar(255) COLLATE utf8_unicode_ci DEFAULT NULL,
  `phone` int DEFAULT NULL,
  `gender` varchar(255) COLLATE utf8_unicode_ci DEFAULT NULL,
  `clinic_id` int DEFAULT NULL,
  `type` int DEFAULT NULL,
  `url` varchar(255) COLLATE utf8_unicode_ci DEFAULT NULL,
  `further_requirements` longtext COLLATE utf8_unicode_ci,
  `created_at` timestamp NULL DEFAULT NULL,
  `updated_at` timestamp NULL DEFAULT NULL,
  PRIMARY KEY (`id`)
) ENGINE=InnoDB DEFAULT CHARSET=utf8 COLLATE=utf8_unicode_ci;
/*!40101 SET character_set_client = @saved_cs_client */;

--
-- Dumping data for table `clinic_requests`
--

LOCK TABLES `clinic_requests` WRITE;
/*!40000 ALTER TABLE `clinic_requests` DISABLE KEYS */;
/*!40000 ALTER TABLE `clinic_requests` ENABLE KEYS */;
UNLOCK TABLES;

--
-- Table structure for table `clinics`
--

DROP TABLE IF EXISTS `clinics`;
/*!40101 SET @saved_cs_client     = @@character_set_client */;
/*!50503 SET character_set_client = utf8mb4 */;
CREATE TABLE `clinics` (
  `id` int unsigned NOT NULL AUTO_INCREMENT,
  `small_description` text COLLATE utf8_unicode_ci,
  `description` longtext COLLATE utf8_unicode_ci,
  `address` varchar(255) COLLATE utf8_unicode_ci DEFAULT NULL,
  `phone` varchar(255) COLLATE utf8_unicode_ci DEFAULT NULL,
  `email` varchar(255) COLLATE utf8_unicode_ci DEFAULT NULL,
  `map_x` varchar(255) COLLATE utf8_unicode_ci DEFAULT NULL,
  `map_y` varchar(255) COLLATE utf8_unicode_ci DEFAULT NULL,
  `photo` varchar(255) COLLATE utf8_unicode_ci DEFAULT NULL,
  `meta_keywords` longtext COLLATE utf8_unicode_ci,
  `meta_description` longtext COLLATE utf8_unicode_ci,
  `status` int DEFAULT '0',
  `created_at` timestamp NULL DEFAULT NULL,
  `updated_at` timestamp NULL DEFAULT NULL,
  `facebook_title` varchar(255) COLLATE utf8_unicode_ci DEFAULT NULL,
  `facebook_description` varchar(255) COLLATE utf8_unicode_ci DEFAULT NULL,
  `facebook_image` varchar(255) COLLATE utf8_unicode_ci DEFAULT NULL,
  `twitter_title` varchar(255) COLLATE utf8_unicode_ci DEFAULT NULL,
  `twitter_description` varchar(255) COLLATE utf8_unicode_ci DEFAULT NULL,
  `twitter_image` varchar(255) COLLATE utf8_unicode_ci DEFAULT NULL,
  `image_title` varchar(255) COLLATE utf8_unicode_ci DEFAULT NULL,
  `image_alt` varchar(255) COLLATE utf8_unicode_ci DEFAULT NULL,
  `name` varchar(255) COLLATE utf8_unicode_ci DEFAULT NULL,
  `slug` varchar(255) COLLATE utf8_unicode_ci DEFAULT NULL,
  PRIMARY KEY (`id`)
) ENGINE=InnoDB AUTO_INCREMENT=3 DEFAULT CHARSET=utf8 COLLATE=utf8_unicode_ci;
/*!40101 SET character_set_client = @saved_cs_client */;

--
-- Dumping data for table `clinics`
--

LOCK TABLES `clinics` WRITE;
/*!40000 ALTER TABLE `clinics` DISABLE KEYS */;
INSERT INTO `clinics` VALUES (1,'تضم عيادة أمراض القلب بمستشفى أندلسية حي الجامعة أمهر أطباء وخبراء القلب في المملكة والشرق الأوسط، لتقديم خدمة ورعاية أفضل للمرضى بدءاً من التشخيص إلى العلاج، حيث ساعدت عيادة أمراض القلب في علاج ما يزيد على 2000 مريض، وأعادت لهم الأمل في حياة سعيدة وآمنة من جديد.','\n\nتضم عيادة أمراض القلب بمستشفى أندلسية حي الجامعة أمهر أطباء وخبراء القلب في المملكة والشرق الأوسط، لتقديم خدمة ورعاية أفضل للمرضى بدءاً من التشخيص إلى العلاج، حيث ساعدت عيادة أمراض القلب في علاج ما يزيد على 2000 مريض، وأعادت لهم الأمل في حياة سعيدة وآمنة من جديد.\n\n\\n\nوتتميز العيادة بخدمات استثنائية تساعد على أن تكون رحلة العلاج رحلة آمنة وبأقصى درجات الرعاية للمرضى، مثل:-\n\n\\n\n\n\n\\n\n\\n\nخدمة طوارئ القلب متوفرة 24 ساعة يومياً طوال أيام الأسبوع.\n\\n\nوجود استشاري قلب عند الطلب 24 ساعة يومياً طوال أيام الأسبوع.\n\\n\nوحدة رعاية القلب تعمل على مدار 24 ساعة يومياً.\n\\n\n\\n\n\n\n\\n\nالخدمات التي تقدمها عيادة أمراض القلب:-\n\\n\n\\n\nإجراء قسطرة القلب التشخيصية والعلاجية.\n\\n\nعلاج أمراض القلب الروماتيزمية والوراثية.\n\\n\nفشل وتضخم عضلة القلب.\n\\n\nتركيب صمامات ودعامات القلب.\n\\n\nعلاج عدم انتظام ضربات القلب.\n\\n\nعلاج أمراض الشرايين التاجية.\n\\n\nالذبحة الصدرية وجلطة القلب.\n\\n\nتصلب الشرايين.\n\\n\nرسم القلب العادي وبالمجهود.\n\\n\nفحص القلب بالموجات الصوتية (إيكو).\n\\n\nرسم القلب لمدة 24 ساعة (هولتر).\n\\n\n','حي الجامعة - شارع السيرة العطرة','0126806666','hjh.info@andalusiagroup.net','21.58323','29.953463','clinics\\January2020\\fuVVomxRgSDIEwQ6gogq.jpg','عيادة أمراض القلب،امراض القلب،دكتور امراض القلب','تضم عيادة أمراض القلب بمستشفى أندلسية حي الجامعة أمهر أطباء وخبراء القلب في المملكة والشرق الأوسط، لتقديم خدمة ورعاية أفضل للمرضى بدءاً من التشخيص إلى العلاج',1,'2020-01-29 06:34:00','2020-04-04 11:38:00',NULL,NULL,NULL,NULL,NULL,NULL,NULL,NULL,NULL,NULL),(2,'تجربة وصف صغير ','\n\nوصف المنشور\n\n','تجرية ','555555555555','test@example.com',NULL,NULL,'clinics/April2020/jhPeaQXKjhtnAZFrnS7i.png','test','تجربة البيانات الاساسية بالعربي ',1,'2020-04-06 13:18:17','2020-04-06 13:18:28',NULL,NULL,NULL,NULL,NULL,NULL,NULL,NULL,NULL,NULL);
/*!40000 ALTER TABLE `clinics` ENABLE KEYS */;
UNLOCK TABLES;

--
-- Table structure for table `comments`
--

DROP TABLE IF EXISTS `comments`;
/*!40101 SET @saved_cs_client     = @@character_set_client */;
/*!50503 SET character_set_client = utf8mb4 */;
CREATE TABLE `comments` (
  `id` int unsigned NOT NULL AUTO_INCREMENT,
  `name` varchar(250) COLLATE utf8_unicode_ci DEFAULT NULL,
  `comment` text COLLATE utf8_unicode_ci,
  `image` varchar(250) COLLATE utf8_unicode_ci DEFAULT NULL,
  `created_at` timestamp NULL DEFAULT NULL,
  `updated_at` timestamp NULL DEFAULT NULL,
  `meta_description` varchar(255) COLLATE utf8_unicode_ci DEFAULT NULL,
  `meta_keywords` varchar(255) COLLATE utf8_unicode_ci DEFAULT NULL,
  `facebook_title` varchar(255) COLLATE utf8_unicode_ci DEFAULT NULL,
  `facebook_description` varchar(255) COLLATE utf8_unicode_ci DEFAULT NULL,
  `facebook_image` varchar(255) COLLATE utf8_unicode_ci DEFAULT NULL,
  `twitter_title` varchar(255) COLLATE utf8_unicode_ci DEFAULT NULL,
  `twitter_description` varchar(255) COLLATE utf8_unicode_ci DEFAULT NULL,
  `twitter_image` varchar(255) COLLATE utf8_unicode_ci DEFAULT NULL,
  PRIMARY KEY (`id`)
) ENGINE=InnoDB DEFAULT CHARSET=utf8 COLLATE=utf8_unicode_ci;
/*!40101 SET character_set_client = @saved_cs_client */;

--
-- Dumping data for table `comments`
--

LOCK TABLES `comments` WRITE;
/*!40000 ALTER TABLE `comments` DISABLE KEYS */;
/*!40000 ALTER TABLE `comments` ENABLE KEYS */;
UNLOCK TABLES;

--
-- Table structure for table `conversations`
--

DROP TABLE IF EXISTS `conversations`;
/*!40101 SET @saved_cs_client     = @@character_set_client */;
/*!50503 SET character_set_client = utf8mb4 */;
CREATE TABLE `conversations` (
  `id` int unsigned NOT NULL AUTO_INCREMENT,
  `user_one` int NOT NULL,
  `user_two` int NOT NULL,
  `status` tinyint(1) NOT NULL,
  `created_at` timestamp NULL DEFAULT NULL,
  `updated_at` timestamp NULL DEFAULT NULL,
  PRIMARY KEY (`id`)
) ENGINE=InnoDB DEFAULT CHARSET=utf8 COLLATE=utf8_unicode_ci;
/*!40101 SET character_set_client = @saved_cs_client */;

--
-- Dumping data for table `conversations`
--

LOCK TABLES `conversations` WRITE;
/*!40000 ALTER TABLE `conversations` DISABLE KEYS */;
/*!40000 ALTER TABLE `conversations` ENABLE KEYS */;
UNLOCK TABLES;

--
-- Table structure for table `data_rows`
--

DROP TABLE IF EXISTS `data_rows`;
/*!40101 SET @saved_cs_client     = @@character_set_client */;
/*!50503 SET character_set_client = utf8mb4 */;
CREATE TABLE `data_rows` (
  `id` int unsigned NOT NULL AUTO_INCREMENT,
  `data_type_id` int unsigned NOT NULL,
  `field` varchar(255) COLLATE utf8_unicode_ci NOT NULL,
  `type` varchar(255) COLLATE utf8_unicode_ci NOT NULL,
  `display_name` varchar(255) COLLATE utf8_unicode_ci NOT NULL,
  `required` tinyint(1) NOT NULL DEFAULT '0',
  `browse` tinyint(1) NOT NULL DEFAULT '1',
  `read` tinyint(1) NOT NULL DEFAULT '1',
  `edit` tinyint(1) NOT NULL DEFAULT '1',
  `add` tinyint(1) NOT NULL DEFAULT '1',
  `delete` tinyint(1) NOT NULL DEFAULT '1',
  `details` text COLLATE utf8_unicode_ci,
  `order` int NOT NULL DEFAULT '1',
  PRIMARY KEY (`id`),
  KEY `data_rows_data_type_id_foreign` (`data_type_id`),
  CONSTRAINT `data_rows_data_type_id_foreign` FOREIGN KEY (`data_type_id`) REFERENCES `data_types` (`id`) ON DELETE CASCADE ON UPDATE CASCADE
) ENGINE=InnoDB AUTO_INCREMENT=458 DEFAULT CHARSET=utf8 COLLATE=utf8_unicode_ci;
/*!40101 SET character_set_client = @saved_cs_client */;

--
-- Dumping data for table `data_rows`
--

LOCK TABLES `data_rows` WRITE;
/*!40000 ALTER TABLE `data_rows` DISABLE KEYS */;
INSERT INTO `data_rows` VALUES (1,1,'id','number','ID',1,0,0,0,0,0,'{}',1),(2,1,'name','text','First Name',1,1,1,1,1,1,'{}',2),(3,1,'email','text','Email',1,1,1,1,1,1,'{\"validation\":{\"rule\":[\"email\",\"regex:/^[a-zA-Z0-9_.+-]+@(?:(?:[a-zA-Z0-9-]+\\\\.)?[a-zA-Z]+\\\\.)?(Andalusiagroup|andalusiagroup)\\\\.net$/\"]},\"default\":\"@andalusiagroup.net\"}',4),(4,1,'password','password','Password',1,0,0,1,1,0,'{}',5),(5,1,'remember_token','text','Remember Token',0,0,0,0,0,0,'{}',6),(6,1,'created_at','timestamp','Created At',0,1,1,0,0,0,'{}',7),(7,1,'updated_at','timestamp','Updated At',0,0,0,0,0,0,'{}',9),(8,1,'avatar','image','Avatar',0,1,1,1,1,1,'{}',10),(11,1,'settings','hidden','Settings',0,0,0,0,0,0,'{}',12),(12,2,'id','number','ID',1,0,0,0,0,0,NULL,1),(13,2,'name','text','Name',1,1,1,1,1,1,NULL,2),(14,2,'created_at','timestamp','Created At',0,0,0,0,0,0,NULL,3),(15,2,'updated_at','timestamp','Updated At',0,0,0,0,0,0,NULL,4),(16,3,'id','number','ID',1,0,0,0,0,0,NULL,1),(17,3,'name','text','Name',1,1,1,1,1,1,NULL,2),(18,3,'created_at','timestamp','Created At',0,0,0,0,0,0,NULL,3),(19,3,'updated_at','timestamp','Updated At',0,0,0,0,0,0,NULL,4),(20,3,'display_name','text','Display Name',1,1,1,1,1,1,NULL,5),(21,1,'role_id','text','Role',0,0,0,0,0,0,'{}',11),(22,4,'id','number','ID',1,0,0,0,0,0,NULL,1),(23,4,'parent_id','select_dropdown','Parent',0,0,1,1,1,1,'{\"default\":\"\",\"null\":\"\",\"options\":{\"\":\"-- None --\"},\"relationship\":{\"key\":\"id\",\"label\":\"name\"}}',2),(24,4,'order','text','Order',1,1,1,1,1,1,'{\"default\":1}',3),(25,4,'name','text','Name',1,1,1,1,1,1,NULL,4),(26,4,'slug','text','Slug',1,1,1,1,1,1,'{\"slugify\":{\"origin\":\"name\"}}',5),(27,4,'created_at','timestamp','Created At',0,0,1,0,0,0,NULL,6),(28,4,'updated_at','timestamp','Updated At',0,0,0,0,0,0,NULL,7),(29,5,'id','number','ID',1,0,0,0,0,0,'{}',1),(30,5,'author_id','text','Author',1,0,1,1,0,1,'{}',2),(31,5,'category_id','text','Category',0,0,1,1,1,0,'{}',3),(32,5,'title','text','Title',1,1,1,1,1,1,'{}',4),(33,5,'excerpt','text_area','Excerpt',0,0,1,1,1,1,'{}',5),(34,5,'body','rich_text_box','Body',1,0,1,1,1,1,'{}',6),(35,5,'image','image','Post Image',0,1,1,1,1,1,'{\"resize\":{\"width\":\"1000\",\"height\":\"null\"},\"quality\":\"70%\",\"upsize\":true,\"thumbnails\":[{\"name\":\"medium\",\"scale\":\"50%\"},{\"name\":\"small\",\"scale\":\"25%\"},{\"name\":\"cropped\",\"crop\":{\"width\":\"300\",\"height\":\"250\"}}]}',7),(36,5,'slug','text','Slug',1,0,1,1,1,1,'{\"slugify\":{\"origin\":\"title\",\"forceUpdate\":true},\"validation\":{\"rule\":\"unique:posts,slug\"}}',8),(37,5,'meta_description','text_area','Meta Description',0,0,1,1,1,1,'{}',9),(38,5,'meta_keywords','text_area','Meta Keywords',0,0,1,1,1,1,'{}',10),(39,5,'status','select_dropdown','Status',1,0,1,1,1,1,'{\"default\":\"DRAFT\",\"options\":{\"PUBLISHED\":\"published\",\"DRAFT\":\"draft\",\"PENDING\":\"pending\"}}',11),(40,5,'created_at','timestamp','Created At',0,0,0,0,0,0,'{}',12),(41,5,'updated_at','timestamp','Updated At',0,0,0,0,0,0,'{}',13),(42,5,'seo_title','text','SEO Title',0,0,1,1,1,1,'{}',14),(43,5,'featured','checkbox','Featured',1,0,1,1,1,1,'{}',15),(44,6,'id','number','ID',1,0,0,0,0,0,NULL,1),(45,6,'author_id','text','Author',1,0,0,0,0,0,NULL,2),(46,6,'title','text','Title',1,1,1,1,1,1,NULL,3),(47,6,'excerpt','text_area','Excerpt',1,0,1,1,1,1,NULL,4),(48,6,'body','rich_text_box','Body',1,0,1,1,1,1,NULL,5),(49,6,'slug','text','Slug',1,0,1,1,1,1,'{\"slugify\":{\"origin\":\"title\"},\"validation\":{\"rule\":\"unique:pages,slug\"}}',6),(50,6,'meta_description','text','Meta Description',1,0,1,1,1,1,NULL,7),(51,6,'meta_keywords','text','Meta Keywords',1,0,1,1,1,1,NULL,8),(52,6,'status','select_dropdown','Status',1,1,1,1,1,1,'{\"default\":\"INACTIVE\",\"options\":{\"INACTIVE\":\"INACTIVE\",\"ACTIVE\":\"ACTIVE\"}}',9),(53,6,'created_at','timestamp','Created At',1,1,1,0,0,0,NULL,10),(54,6,'updated_at','timestamp','Updated At',1,0,0,0,0,0,NULL,11),(55,6,'image','image','Page Image',0,1,1,1,1,1,NULL,12),(56,1,'email_verified_at','timestamp','',0,0,1,1,1,1,'{}',8),(57,9,'id','number','Id',1,0,0,0,0,0,'{}',1),(58,9,'role_id','text','Role Id',0,1,1,1,1,1,'{}',10),(59,9,'name','text','Name',1,1,1,1,1,1,'{}',2),(60,9,'email','text','Email',1,1,1,1,1,1,'{}',3),(61,9,'avatar','image','Avatar',0,1,1,1,1,1,'{}',9),(62,9,'email_verified_at','timestamp','Email Verified At',0,0,0,0,0,0,'{}',7),(63,9,'password','password','Password',1,0,0,1,1,0,'{}',4),(64,9,'remember_token','text','Remember Token',0,0,0,0,0,0,'{}',5),(65,9,'settings','hidden','Settings',0,0,0,0,0,0,'{}',11),(66,9,'created_at','timestamp','Created At',0,1,1,0,0,0,'{}',6),(67,9,'updated_at','timestamp','Updated At',0,0,0,0,0,0,'{}',8),(68,9,'admin_belongsto_role_relationship','relationship','roles',0,1,1,1,1,1,'{\"model\":\"TCG\\\\Voyager\\\\Models\\\\Role\",\"table\":\"roles\",\"type\":\"belongsTo\",\"column\":\"role_id\",\"key\":\"id\",\"label\":\"display_name\",\"pivot_table\":\"admins\",\"pivot\":\"0\",\"taggable\":\"0\"}',12),(69,16,'id','text','Id',1,0,0,0,0,0,'{}',1),(70,16,'photo_ar','image','Photo Ar',0,1,1,1,1,1,'null',2),(71,16,'photo_en','image','Photo En',0,1,1,1,1,1,'null',3),(72,16,'link','text','Link',0,0,1,1,1,1,'{\"validation\":{\"rule\":\"required\"}}',4),(73,16,'title','text','Title',0,1,1,1,1,1,'{\"validation\":{\"rule\":\"required\"}}',4),(74,16,'description','text_area','Description',0,0,1,1,1,1,'{\"validation\":{\"rule\":\"required\"}}',4),(75,16,'created_at','timestamp','Created_at',0,0,0,0,0,0,'{}',6),(76,16,'updated_at','timestamp','updated at',0,0,0,0,0,0,'{}',7),(77,16,'status','hidden','Status',0,0,0,0,0,0,'{}',5),(125,18,'id','text','Id',1,0,0,0,0,0,'{}',1),(126,18,'name_ar','text','Name Ar',0,1,1,1,1,1,'{\"validation\":{\"rule\":\"required\"}}',2),(127,18,'name_en','text','Name En',0,1,1,1,1,1,'{\"validation\":{\"rule\":\"required\"}}',4),(128,18,'small_description','text_area','Small Description',0,0,1,1,1,1,'{\"validation\":{\"rule\":\"required\"}}',6),(129,18,'description','rich_text_box','Description',0,0,1,1,1,1,'{\"validation\":{\"rule\":\"required\"}}',7),(130,18,'address','text','Address',0,0,1,1,1,1,'{\"validation\":{\"rule\":\"required\"}}',8),(131,18,'phone','text','Phone',0,0,1,1,1,1,'{\"validation\":{\"rule\":\"required\"}}',9),(132,18,'email','text','Email',0,0,1,1,1,1,'{\"validation\":{\"rule\":\"required\"}}',10),(133,18,'map_x','text','Map X',0,0,1,1,1,1,'{}',11),(134,18,'map_y','text','Map Y',0,0,1,1,1,1,'{}',12),(135,18,'photo','image','Photo',0,1,1,1,1,1,'{\"validation\":{\"rule\":\"required\"}}',13),(136,18,'meta_keywords','text','Meta Keywords',0,0,1,1,1,1,'{\"validation\":{\"rule\":\"required\"}}',14),(137,18,'meta_description','text_area','Meta Description',0,0,1,1,1,1,'{\"validation\":{\"rule\":\"required\"}}',15),(138,18,'created_at','timestamp','Created At',0,0,1,1,0,1,'{}',16),(139,18,'updated_at','timestamp','Updated At',0,0,0,0,0,0,'{}',17),(140,18,'status','text','',0,0,0,0,0,0,'{}',18),(141,19,'id','text','Id',1,0,0,0,0,0,'{}',1),(144,19,'small_description','text_area','Small Description',0,0,1,1,1,1,'{\"validation\":{\"rule\":\"required\"}}',4),(145,19,'description','rich_text_box','Description',0,0,1,1,1,1,'{\"validation\":{\"rule\":\"required\"}}',5),(146,19,'photo','image','Photo',0,1,1,1,1,1,'{}',6),(147,19,'meta_keywords','text','Meta Keywords',0,0,1,1,1,1,'{\"validation\":{\"rule\":\"required\"}}',7),(148,19,'meta_description','text_area','Meta Description',0,0,1,1,1,1,'{\"validation\":{\"rule\":\"required\"}}',8),(149,19,'status','text','Status',0,0,0,0,0,0,'{}',9),(150,19,'created_at','timestamp','Created At',0,0,0,0,0,0,'{}',10),(151,19,'updated_at','timestamp','Updated At',0,0,0,0,0,0,'{}',11),(164,21,'id','text','Id',1,0,0,0,0,0,'{}',1),(167,21,'created_at','timestamp','Created At',0,1,1,1,0,1,'{}',4),(168,21,'updated_at','timestamp','Updated At',0,0,0,0,0,0,'{}',5),(169,21,'name','text','name',0,1,1,1,1,1,'{\"validation\":{\"rule\":\"required\"}}',2),(170,21,'slug','text','slug',0,1,1,1,1,1,'{\"slugify\":{\"origin\":\"name\",\"forceUpdate\":true}}',3),(171,21,'description','text_area','description',0,0,1,1,1,1,'{\"validation\":{\"rule\":\"required\"}}',4),(173,5,'post_belongstomany_tag_relationship','relationship','tags',0,0,1,1,1,1,'{\"model\":\"App\\\\Tag\",\"table\":\"tags\",\"type\":\"belongsToMany\",\"column\":\"id\",\"key\":\"id\",\"label\":\"name\",\"pivot_table\":\"post_tag\",\"pivot\":\"1\",\"taggable\":\"on\"}',16),(174,22,'id','text','Id',1,0,0,0,0,0,'{}',1),(176,22,'description','rich_text_box','Description',0,0,1,1,1,1,'{\"validation\":{\"rule\":\"required\"}}',4),(177,22,'start','timestamp','Start',0,0,1,1,1,1,'{\"validation\":{\"rule\":\"required|date\"}}',5),(178,22,'end','timestamp','End',0,0,1,1,1,1,'{\"validation\":{\"rule\":\"required|date|after_or_equal:start\"}}',6),(179,22,'img','image','Image',0,1,1,1,1,1,'{}',7),(180,22,'images','multiple_images','Images',0,0,1,1,1,1,'{}',8),(181,22,'map_x','text','Map X',0,0,1,1,1,1,'{}',9),(182,22,'map_y','text','Map Y',0,0,1,1,1,1,'{}',10),(183,22,'stock','number','Stock',0,0,1,1,1,1,'{}',11),(184,22,'status','number','Status',0,0,0,0,0,0,'{}',12),(185,22,'created_at','timestamp','Created At',0,0,1,1,0,1,'{}',15),(186,22,'updated_at','timestamp','Updated At',0,0,0,0,0,0,'{}',16),(189,22,'meta_keywords','text','meta Keywords',0,0,1,1,1,1,'{\"validation\":{\"rule\":\"required\"}}',13),(190,22,'meta_description','text_area','meta Description',0,0,1,1,1,1,'{\"validation\":{\"rule\":\"required\"}}',14),(191,1,'last_name','text','Last Name',0,1,1,1,1,1,'{}',3),(192,1,'phone','text','Phone',1,1,1,1,1,1,'{\"validation\":{\"rule\":\"digits:8\"}}',13),(193,1,'gender','text','Gender',1,1,1,1,1,1,'{}',14),(194,1,'address','text_area','',0,0,1,1,1,1,'{}',15),(195,5,'post_belongstomany_user_relationship','relationship','users',0,0,0,0,0,0,'{\"model\":\"App\\\\User\",\"table\":\"users\",\"type\":\"belongsToMany\",\"column\":\"id\",\"key\":\"id\",\"label\":\"name\",\"pivot_table\":\"post_user\",\"pivot\":\"1\",\"taggable\":\"0\"}',17),(206,18,'slug_ar','text','Slug Ar',0,1,1,1,1,1,'{\"slugify\":{\"origin\":\"name_ar\",\"forceUpdate\":true},\"validation\":{\"rule\":\"unique:clinics,slug_ar\"}}',3),(207,18,'slug_en','text','Slug En',0,1,1,1,1,1,'{\"slugify\":{\"origin\":\"name_en\",\"forceUpdate\":true},\"validation\":{\"rule\":\"unique:clinics,slug_en\"}}',5),(210,26,'id','text','Id',1,0,0,0,0,0,'{}',1),(211,26,'first_name','text','First Name',0,1,1,1,1,1,'{}',2),(212,26,'last_name','text','Last Name',0,1,1,1,1,1,'{}',3),(213,26,'email','text','Email',0,1,1,1,1,1,'{\"validation\":{\"rule\":\"email\"}}',4),(214,26,'phone','text','Phone',0,1,1,1,1,1,'{\"validation\":{\"rule\":\"regex:/^(009665|9665|\\+9665|05|5)(5|0|3|6|4|9|1|8|7)([0-9]{7})$/\"}}',5),(215,26,'gender','select_dropdown','Gender',0,1,1,1,1,1,'{\"default\":\"Male\",\"options\":{\"1\":\"Male\",\"2\":\"Female\"}}',6),(216,26,'clinic_id','text','Clinic Id',0,0,1,1,1,1,'{}',7),(217,26,'type','select_dropdown','Type',0,1,1,1,1,1,'{\"default\":\"clinic\",\"options\":{\"1\":\"clinic\",\"2\":\"doctor\",\"3\":\"service\",\"4\":\"post\"}}',8),(218,26,'url','text','Url',0,0,1,1,1,1,'{\"validation\":{\"rule\":\"url\"}}',9),(219,26,'further_requirements','text_area','Further Requirements',0,1,1,1,1,1,'{}',10),(220,26,'created_at','timestamp','Created At',0,1,1,1,0,1,'{}',11),(221,26,'updated_at','timestamp','Updated At',0,0,0,0,0,0,'{}',12),(222,26,'clinic_request_belongsto_clinic_relationship','relationship','clinics',0,1,1,1,1,1,'{\"model\":\"App\\\\Clinic\",\"table\":\"clinics\",\"type\":\"belongsTo\",\"column\":\"clinic_id\",\"key\":\"id\",\"label\":\"name_ar\",\"pivot_table\":\"admins\",\"pivot\":\"0\",\"taggable\":\"0\"}',13),(223,28,'id','text','Id',1,0,0,0,0,0,'{}',1),(224,28,'title','text','Title',0,1,1,1,1,1,'{\"validation\":{\"rule\":\"required\"}}',2),(225,28,'url','text','Url',0,1,1,1,1,1,'{\"validation\":{\"rule\":\"required\"}}',3),(226,28,'status','text','Status',0,0,0,0,0,0,'{}',4),(227,28,'created_at','timestamp','Created At',0,1,1,1,0,1,'{}',5),(228,28,'updated_at','timestamp','Updated At',0,0,0,0,0,0,'{}',6),(229,29,'id','number','ID',1,0,0,0,0,0,'{}',1),(230,29,'speciality_id','text','Speciality Id',0,0,1,1,1,1,'{\"relationship\":{\"key\":\"id\",\"label\":\"name\"}}',4),(232,29,'clinic_id','text','Clinic Id',0,0,1,1,1,1,'{\"relationship\":{\"key\":\"id\",\"label\":\"name_ar\"}}',5),(236,29,'description','rich_text_box','Description',0,0,1,1,1,1,'{\"validation\":{\"rule\":\"required\"}}',6),(237,29,'position','text','Position',0,1,1,1,1,1,'{\"validation\":{\"rule\":\"required\"}}',7),(238,29,'speciality','text','Speciality',0,0,1,1,1,1,'{\"validation\":{\"rule\":\"required\"}}',8),(239,29,'photo','image','Photo',0,1,1,1,1,1,'{}',9),(240,29,'meta_keywords','text','Meta Keywords',0,0,1,1,1,1,'{}',10),(241,29,'meta_description','text_area','Meta Description',0,0,1,1,1,1,'{}',11),(242,29,'status','text','Status',0,0,0,0,0,0,'{}',12),(243,29,'created_at','timestamp','Created At',0,0,1,0,0,0,'{}',13),(244,29,'updated_at','timestamp','Updated At',0,0,0,0,0,0,'{}',14),(245,30,'id','number','ID',1,0,0,0,0,0,NULL,0),(246,30,'doctor_id','text','Doctor Id',1,1,1,1,1,1,'{\"validation\":{\"rule\":\"required\"}}',1),(247,30,'workinghours_belongsto_doctor_relationship','relationship','Doctor',1,1,1,1,1,1,'{\"model\":\"App\\\\Doctor\",\"table\":\"doctors\",\"type\":\"belongsTo\",\"column\":\"doctor_id\",\"key\":\"id\",\"label\":\"title_en\",\"pivot_table\":\"admins\",\"pivot\":\"0\",\"taggable\":\"0\"}',2),(248,30,'day','select_dropdown','Day',0,1,1,1,1,1,'{\"default\":\"Saturday\",\"options\":{\"Saturday\":\"Saturday\",\"Sunday\":\"Sunday\",\"Monday\":\"Monday\",\"Tuesday\":\"Tuesday\",\"Wednesday\":\"Wednesday\",\"Thursday\":\"Thursday\",\"Friday\":\"Friday\"}}',3),(249,30,'start','time','Start',1,1,1,1,1,1,'{\"validation\":{\"rule\":\"required\"}}',4),(250,30,'end','time','End',1,1,1,1,1,1,'{\"validation\":{\"rule\":\"required\"}}',5),(251,30,'type','select_dropdown','Type',0,1,1,1,1,1,'{\"default\":\"Working\",\"options\":{\"Working\":\"Working\",\"Break\":\"Break\"}}',6),(252,30,'created_at','timestamp','Created At',0,0,1,0,0,0,NULL,7),(253,30,'updated_at','timestamp','Updated At',0,0,0,0,0,0,NULL,8),(254,31,'id','number','ID',1,0,0,0,0,0,'{}',0),(255,31,'doctor_id','text','Doctor Id',0,1,1,1,1,1,'{\"validation\":{\"rule\":\"required\"}}',1),(257,31,'user_id','text','User Id',0,1,1,1,1,1,'{}',3),(259,31,'start','timestamp','Start',0,1,1,1,1,1,'{\"validation\":{\"rule\":\"required\"}}',5),(260,31,'duration','number','Duration',0,1,1,1,1,1,'{\"validation\":{\"rule\":\"required|integer\"}}',6),(261,31,'comments','text_area','Comments',0,0,1,1,1,1,'{\"validation\":{\"rule\":\"required\"}}',7),(262,31,'confirmed','select_dropdown','Confirmed',0,1,1,1,1,1,'{\"validation\":{\"rule\":\"required\"},\"default\":\"0\",\"options\":{\"0\":\"No\",\"1\":\"Yes\"}}',8),(263,31,'payment_confirmed','select_dropdown','Payment Confirmed',0,0,1,1,1,1,'{\"validation\":{\"rule\":\"required\"},\"default\":\"0\",\"options\":{\"0\":\"No\",\"1\":\"Yes\"}}',9),(264,31,'created_at','timestamp','Created At',0,0,1,0,0,0,'{}',10),(265,31,'updated_at','timestamp','Updated At',0,0,0,0,0,0,'{}',11),(266,32,'id','number','ID',1,0,0,0,0,0,'{}',1),(267,32,'name','text','Name',1,1,1,1,1,1,'{\"validation\":{\"rule\":\"required\"}}',2),(268,32,'created_at','timestamp','Created At',0,0,0,0,0,0,'{}',3),(269,32,'updated_at','timestamp','Updated At',0,0,0,0,0,0,'{}',5),(272,29,'email','text','Email',0,0,1,1,1,1,'{\"validation\":{\"rule\":[\"email\",\"regex:\\/^[a-zA-Z0-9_.+-]+@(?:(?:[a-zA-Z0-9-]+\\\\.)?[a-zA-Z]+\\\\.)?(Andalusiagroup|andalusiagroup)\\\\.net$\\/\"]},\"default\":\"@andalusiagroup.net\"}',15),(273,29,'phone','text','Phone',0,0,1,1,1,1,'{\"validation\":{\"rule\":\"digits:8\"}}',16),(274,29,'price','number','Price',0,0,1,1,1,1,'{\"validation\":{\"rule\":\"integer\"}}',17),(275,29,'duration','number','Duration By Min',0,0,1,1,1,1,'{\"validation\":{\"rule\":\"required|integer\"}}',18),(276,29,'gender','select_dropdown','Gender',0,0,1,1,1,1,'{\"default\":\"male\",\"options\":{\"male\":\"Male\",\"female\":\"Female\"}}',19),(285,29,'doctor_belongsto_clinic_relationship','relationship','clinics',0,0,1,1,1,1,'{\"model\":\"App\\\\Clinic\",\"table\":\"clinics\",\"type\":\"belongsTo\",\"column\":\"clinic_id\",\"key\":\"id\",\"label\":\"name_en\",\"pivot_table\":\"admins\",\"pivot\":\"0\",\"taggable\":\"0\"}',20),(286,29,'doctor_belongsto_speciality_relationship','relationship','specialities',0,0,1,1,1,1,'{\"model\":\"App\\\\Speciality\",\"table\":\"specialities\",\"type\":\"belongsTo\",\"column\":\"speciality_id\",\"key\":\"id\",\"label\":\"name\",\"pivot_table\":\"admins\",\"pivot\":\"0\",\"taggable\":\"0\"}',22),(292,31,'appointment_belongsto_doctor_relationship','relationship','doctors',0,1,1,1,1,1,'{\"model\":\"App\\\\Doctor\",\"table\":\"doctors\",\"type\":\"belongsTo\",\"column\":\"doctor_id\",\"key\":\"id\",\"label\":\"title_en\",\"pivot_table\":\"admins\",\"pivot\":\"0\",\"taggable\":null}',12),(293,31,'appointment_belongsto_user_relationship','relationship','users',0,1,1,1,1,1,'{\"model\":\"App\\\\User\",\"table\":\"users\",\"type\":\"belongsTo\",\"column\":\"user_id\",\"key\":\"id\",\"label\":\"name\",\"pivot_table\":\"admins\",\"pivot\":\"0\",\"taggable\":null}',13),(294,32,'clinic_id','text','Clinic Id',0,0,0,0,0,0,'{}',4),(295,32,'specialities_belongsto_clinic_relationship','relationship','Clinic',0,0,0,0,0,0,'{\"model\":\"App\\\\Clinic\",\"table\":\"clinics\",\"type\":\"belongsTo\",\"column\":\"clinic_id\",\"key\":\"id\",\"label\":\"name_en\",\"pivot_table\":\"admins\",\"pivot\":\"0\",\"taggable\":\"0\"}',6),(296,32,'image','image','Image',0,0,1,1,1,1,'{}',7),(297,33,'id','number','ID',1,0,0,0,0,0,NULL,0),(298,33,'appointment_id','text','	Appointment Id',1,1,1,1,1,1,NULL,1),(299,33,'doctor_id','text','Doctor Id',1,1,1,1,1,1,NULL,2),(300,33,'appointmentnote_belongsto_doctor_relationship','relationship','Doctor',1,1,1,1,1,1,'{\"model\":\"App\\\\Doctor\",\"table\":\"doctors\",\"type\":\"belongsTo\",\"column\":\"doctor_id\",\"key\":\"id\",\"label\":\"title_en\",\"pivot_table\":\"admins\",\"pivot\":\"0\",\"taggable\":\"0\"}',3),(301,33,'user_id','text','User Id',1,1,1,1,1,1,NULL,4),(302,33,'appointmentnote_belongsto_user_relationship','relationship','User',1,1,1,1,1,1,'{\"model\":\"App\\\\User\",\"table\":\"users\",\"type\":\"belongsTo\",\"column\":\"user_id\",\"key\":\"id\",\"label\":\"name\",\"pivot_table\":\"admins\",\"pivot\":\"0\",\"taggable\":\"0\"}',5),(303,33,'note','rich_text_box','Note',0,0,1,1,1,1,'{\"validation\":{\"rule\":\"required\"}}',6),(304,33,'created_at','timestamp','Created At',0,0,1,0,0,0,NULL,7),(305,33,'updated_at','timestamp','Updated At',0,0,0,0,0,0,NULL,8),(306,33,'created_by','timestamp','Created At',0,0,1,0,0,0,NULL,9),(307,34,'id','number','ID',1,0,0,0,0,0,NULL,0),(308,34,'name','text','Name',1,1,1,1,1,1,'{\"validation\":{\"rule\":\"required\"}}',1),(309,34,'comment','rich_text_box','Comment',1,1,1,1,1,1,'{\"validation\":{\"rule\":\"required\"}}',2),(310,34,'image','image','Image',0,1,1,1,1,1,'{\"validation\":{\"rule\":\"required\"}}',3),(311,34,'created_at','timestamp','Created At',0,0,1,0,0,0,NULL,4),(312,34,'updated_at','timestamp','Updated At',0,0,0,0,0,0,NULL,5),(313,35,'id','number','ID',1,0,0,0,0,0,NULL,0),(314,35,'clinic_id','text','Clinic Id',1,1,1,1,1,1,NULL,1),(315,35,'bookings_belongsto_clinic_relationship','relationship','clinic',1,1,1,1,1,1,'{\"model\":\"App\\\\Clinic\",\"table\":\"clinics\",\"type\":\"belongsTo\",\"column\":\"clinic_id\",\"key\":\"id\",\"label\":\"name_ar\",\"pivot_table\":\"admins\",\"pivot\":\"0\",\"taggable\":\"0\"}',2),(316,35,'doctor_id','text','Doctor Id',1,1,1,1,1,1,NULL,3),(317,35,'bookings_belongsto_doctor_relationship','relationship','doctor',1,1,1,1,1,1,'{\"model\":\"App\\\\Doctor\",\"table\":\"doctors\",\"type\":\"belongsTo\",\"column\":\"doctor_id\",\"key\":\"id\",\"label\":\"title_ar\",\"pivot_table\":\"admins\",\"pivot\":\"0\",\"taggable\":\"0\"}',4),(318,35,'name','text','Name',0,1,1,1,1,1,'{\"validation\":{\"rule\":\"required\"}}',5),(319,35,'phone','text','Phone',0,1,1,1,1,1,'{\"validation\":{\"rule\":\"required\"}}',6),(320,35,'comments','text','Comments',0,1,1,1,1,1,'{\"validation\":{\"rule\":\"required\"}}',7),(321,35,'email','text','Email',1,1,1,1,1,1,'{\"validation\":{\"rule\":[\"required\",\"email\"]}}',8),(322,35,'booking_date_time','timestamp','Booking Date Time',0,0,1,0,0,0,NULL,9),(323,35,'created_at','timestamp','Created At',0,0,1,0,0,0,NULL,10),(324,35,'updated_at','timestamp','Updated At',0,0,0,0,0,0,NULL,11),(325,4,'meta_description','text','Meta description',0,1,1,1,1,1,'\"{}\"',31),(326,4,'meta_keywords','text','Meta keywords',0,1,1,1,1,1,'\"{}\"',32),(327,4,'facebook_title','text','Facebook title',0,1,1,1,1,1,'\"{}\"',33),(328,4,'facebook_description','text','Facebook description',0,1,1,1,1,1,'\"{}\"',34),(329,4,'facebook_image','image','Facebook image',0,1,1,1,1,1,'\"{}\"',35),(330,4,'twitter_title','text','Twitter title',0,1,1,1,1,1,'\"{}\"',36),(331,4,'twitter_description','text','Twitter description',0,1,1,1,1,1,'\"{}\"',37),(332,4,'twitter_image','image','Twitter image',0,1,1,1,1,1,'\"{}\"',38),(333,5,'facebook_title','text','Facebook title',0,0,1,1,1,1,'\"{}\"',20),(334,5,'facebook_description','text','Facebook description',0,0,1,1,1,1,'\"{}\"',21),(335,5,'facebook_image','image','Facebook image',0,0,1,1,1,1,'\"{}\"',22),(336,5,'twitter_title','text','Twitter title',0,0,1,1,1,1,'\"{}\"',23),(337,5,'twitter_description','text','Twitter description',0,0,1,1,1,1,'\"{}\"',24),(338,5,'twitter_image','image','Twitter image',0,0,1,1,1,1,'\"{}\"',25),(339,18,'facebook_title','text','Facebook title',0,1,1,1,1,1,'\"{}\"',33),(340,18,'facebook_description','text','Facebook description',0,1,1,1,1,1,'\"{}\"',34),(341,18,'facebook_image','image','Facebook image',0,1,1,1,1,1,'\"{}\"',35),(342,18,'twitter_title','text','Twitter title',0,1,1,1,1,1,'\"{}\"',36),(343,18,'twitter_description','text','Twitter description',0,1,1,1,1,1,'\"{}\"',37),(344,18,'twitter_image','image','Twitter image',0,1,1,1,1,1,'\"{}\"',38),(345,19,'facebook_title','text','Facebook title',0,0,1,1,1,1,'\"{}\"',14),(346,19,'facebook_description','text','Facebook description',0,0,1,1,1,1,'\"{}\"',15),(347,19,'facebook_image','image','Facebook image',0,0,1,1,1,1,'\"{}\"',16),(348,19,'twitter_title','text','Twitter title',0,0,1,1,1,1,'\"{}\"',17),(349,19,'twitter_description','text','Twitter description',0,0,1,1,1,1,'\"{}\"',18),(350,19,'twitter_image','image','Twitter image',0,0,1,1,1,1,'\"{}\"',19),(351,21,'meta_description','text','Meta description',0,1,1,1,1,1,'\"{}\"',31),(352,21,'meta_keywords','text','Meta keywords',0,1,1,1,1,1,'\"{}\"',32),(353,21,'facebook_title','text','Facebook title',0,1,1,1,1,1,'\"{}\"',33),(354,21,'facebook_description','text','Facebook description',0,1,1,1,1,1,'\"{}\"',34),(355,21,'facebook_image','image','Facebook image',0,1,1,1,1,1,'\"{}\"',35),(356,21,'twitter_title','text','Twitter title',0,1,1,1,1,1,'\"{}\"',36),(357,21,'twitter_description','text','Twitter description',0,1,1,1,1,1,'\"{}\"',37),(358,21,'twitter_image','image','Twitter image',0,1,1,1,1,1,'\"{}\"',38),(359,22,'facebook_title','text','Facebook title',0,0,1,1,1,1,'\"{}\"',23),(360,22,'facebook_description','text','Facebook description',0,0,1,1,1,1,'\"{}\"',24),(361,22,'facebook_image','image','Facebook image',0,0,1,1,1,1,'\"{}\"',25),(362,22,'twitter_title','text','Twitter title',0,0,1,1,1,1,'\"{}\"',26),(363,22,'twitter_description','text','Twitter description',0,0,1,1,1,1,'\"{}\"',27),(364,22,'twitter_image','image','Twitter image',0,0,1,1,1,1,'\"{}\"',28),(365,29,'facebook_title','text','Facebook title',0,0,1,1,1,1,'\"{}\"',26),(366,29,'facebook_description','text','Facebook description',0,0,1,1,1,1,'\"{}\"',27),(367,29,'facebook_image','image','Facebook image',0,0,1,1,1,1,'\"{}\"',28),(368,29,'twitter_title','text','Twitter title',0,0,1,1,1,1,'\"{}\"',29),(369,29,'twitter_description','text','Twitter description',0,0,1,1,1,1,'\"{}\"',30),(370,29,'twitter_image','image','Twitter image',0,0,1,1,1,1,'\"{}\"',31),(371,32,'meta_description','text','Meta description',0,0,1,1,1,1,'\"{}\"',8),(372,32,'meta_keywords','text','Meta keywords',0,0,1,1,1,1,'\"{}\"',9),(373,32,'facebook_title','text','Facebook title',0,0,1,1,1,1,'\"{}\"',10),(374,32,'facebook_description','text','Facebook description',0,0,1,1,1,1,'\"{}\"',11),(375,32,'facebook_image','image','Facebook image',0,0,1,1,1,1,'\"{}\"',12),(376,32,'twitter_title','text','Twitter title',0,0,1,1,1,1,'\"{}\"',13),(377,32,'twitter_description','text','Twitter description',0,0,1,1,1,1,'\"{}\"',14),(378,32,'twitter_image','image','Twitter image',0,0,1,1,1,1,'\"{}\"',15),(379,34,'meta_description','text','Meta description',0,1,1,1,1,1,'\"{}\"',31),(380,34,'meta_keywords','text','Meta keywords',0,1,1,1,1,1,'\"{}\"',32),(381,34,'facebook_title','text','Facebook title',0,1,1,1,1,1,'\"{}\"',33),(382,34,'facebook_description','text','Facebook description',0,1,1,1,1,1,'\"{}\"',34),(383,34,'facebook_image','image','Facebook image',0,1,1,1,1,1,'\"{}\"',35),(384,34,'twitter_title','text','Twitter title',0,1,1,1,1,1,'\"{}\"',36),(385,34,'twitter_description','text','Twitter description',0,1,1,1,1,1,'\"{}\"',37),(386,34,'twitter_image','image','Twitter image',0,1,1,1,1,1,'\"{}\"',38),(387,18,'image_title','text','Image title',0,1,1,1,1,1,'\"{}\"',27),(388,18,'image_alt','text','Image alt',0,1,1,1,1,1,'\"{}\"',28),(389,29,'image_title','text','Image title',0,0,1,1,1,1,'\"{}\"',23),(390,29,'image_alt','text','Image alt',0,0,1,1,1,1,'\"{}\"',24),(391,19,'image_title','text','Image title',0,0,1,1,1,1,'{\"default\":\"image title\"}',12),(392,19,'image_alt','text','Image alt',0,0,1,1,1,1,'{\"default\":\"image alt\"}',13),(393,5,'image_title','text','Image title',0,0,1,1,1,1,'\"{}\"',18),(394,5,'image_alt','text','Image alt',0,0,1,1,1,1,'\"{}\"',19),(395,22,'image_title','text','Image title',0,0,1,1,1,1,'{}',18),(396,22,'image_alt','text','Image alt',0,0,1,1,1,1,'\"{}\"',20),(397,36,'id','number','Id',1,0,0,0,0,0,'{}',1),(398,36,'logo','image','Logo',0,1,1,1,1,1,'{}',2),(399,36,'link','text','Link',0,1,1,1,1,1,'{}',3),(400,36,'created_at','timestamp','Created at',0,0,0,0,0,0,'{}',4),(401,36,'updated_at','timestamp','Updated at',0,0,0,0,0,0,'{}',5),(402,36,'image_title','text','image title',0,0,1,1,1,1,'{}',6),(403,36,'image_alt','text','Image alt',0,0,1,1,1,1,'{}',7),(404,37,'id','number','Id',1,0,0,0,0,0,'{}',1),(405,37,'username','text','Username',0,1,1,1,1,1,'{}',6),(406,37,'image','image','Image',0,1,1,1,1,1,'{}',6),(407,37,'description','text_area','Description',0,1,1,1,1,1,'{}',6),(408,37,'created_at','timestamp','Created at',0,0,0,0,0,0,'{}',6),(409,37,'updated_at','timestamp','Updated at',0,0,0,0,0,0,'{}',7),(410,38,'id','number','Id',1,0,0,0,0,0,NULL,1),(411,38,'logo','image','Logo',1,1,1,1,1,1,NULL,2),(412,38,'title','text','Title',1,1,1,1,1,1,NULL,3),(413,38,'description','text_area','Description',1,1,1,1,1,1,NULL,4),(414,38,'created_at','timestamp','Created at',0,0,0,0,0,0,NULL,5),(415,38,'updated_at','timestamp','updated at',0,0,0,0,0,0,NULL,6),(416,37,'image_title','text','Image title',0,0,1,1,1,1,'{}',6),(417,37,'image_alt','text','Image alt',0,0,1,1,1,1,'{}',6),(419,22,'image','text','image',0,0,1,1,1,1,'{}',17),(420,22,'date','text','Date',0,0,1,1,1,1,'{}',19),(421,22,'small_description','text_area','small description',0,0,1,1,1,1,'{}',21),(422,29,'currency','text','Currency',0,0,1,1,1,1,'{}',21),(423,29,'small_description','text_area','Small Description',0,0,1,1,1,1,'{}',25),(424,39,'id','number','Id',1,0,0,0,0,0,'{}',1),(425,39,'title','text','Title',0,1,1,1,1,1,'{\"validation\":{\"rule\":\"required\"}}',2),(426,39,'slug','text','Slug',0,0,1,1,1,1,'{\"slugify\":{\"origin\":\"title\",\"forceUpdate\":true},\"validation\":{\"rule\":\"unique:journeys,slug\"}}',3),(427,39,'image','image','Image',0,1,1,1,1,1,'{}',5),(428,39,'small_description','text_area','Small description',0,0,1,1,1,1,'{\"validation\":{\"rule\":\"required\"}}',6),(429,39,'description','rich_text_box','description',0,0,1,1,1,1,'{\"validation\":{\"rule\":\"required\"}}',4),(430,39,'image_title','text','image title',0,0,1,1,1,1,'{\"validation\":{\"rule\":\"required\"}}',9),(431,39,'image_alt','text','Image alt',0,0,1,1,1,1,'{\"validation\":{\"rule\":\"required\"}}',10),(432,39,'created_at','timestamp','Created at',0,0,0,0,0,0,'{}',7),(433,39,'updated_at','timestamp','Updated at',0,0,0,0,0,0,'{}',8),(434,22,'topevent','checkbox','Topevent',0,0,1,1,1,1,'{}',22),(435,16,'image_title','text','Image Title',0,0,1,1,1,1,'{}',10),(436,16,'image_alt','text','Image Alt',0,0,1,1,1,1,'{}',11),(437,19,'title','text','Title',0,1,1,1,1,1,'{\"validation\":{\"rule\":\"required\"}}',2),(438,19,'slug','text','Slug',0,1,1,1,1,1,'{\"slugify\":{\"origin\":\"title\",\"forceUpdate\":true},\"validation\":{\"rule\":\"unique:services,slug\"}}',3),(439,22,'title','text','Title',0,1,1,1,1,1,'{\"validation\":{\"rule\":\"required\"}}',2),(440,22,'slug','text','Slug',0,1,1,1,1,1,'{\"slugify\":{\"origin\":\"title\",\"forceUpdate\":true},\"validation\":{\"rule\":\"unique:events,slug\"}}',3),(441,29,'title','text','Title',0,1,1,1,1,1,'{\"validation\":{\"rule\":\"required\"}}',2),(442,29,'slug','text','Slug',0,1,1,1,1,1,'{\"slugify\":{\"origin\":\"title\",\"forceUpdate\":true},\"validation\":{\"rule\":\"unique:doctors,slug\"}}',3),(443,39,'order','number','Order',0,1,1,1,1,1,'{\"validation\":{\"rule\":\"required\"}}',11),(444,16,'order','number','Order',0,1,1,1,1,1,'{\"validation\":{\"rule\":\"required\"}}',12),(445,19,'order','number','Order',0,1,1,1,1,1,'{\"validation\":{\"rule\":\"required\"}}',21),(446,29,'order','number','Order',0,1,1,1,1,1,'{}',32),(447,22,'order','number','Order',0,1,1,1,1,1,'{}',34),(448,36,'order','number','Order',0,1,1,1,1,1,'{}',8),(449,37,'order','number','Order',0,1,1,1,1,1,'{}',9),(450,32,'order','number','Order',0,1,1,1,1,1,'{}',16),(451,5,'order','number','Order',0,1,1,1,1,1,'{}',26),(452,22,'facebook','text','Facebook',0,0,1,1,1,1,'{}',29),(453,22,'twitter','text','Twitter',0,0,1,1,1,1,'{}',30),(454,22,'youtube','text','Youtube',0,0,1,1,1,1,'{}',31),(455,22,'whatsapp','text','Whatsapp',0,0,1,1,1,1,'{}',32),(456,22,'instagram','text','Instagram',0,0,1,1,1,1,'{}',33),(457,19,'is_new','checkbox','Is new',0,0,1,1,1,1,'{}',20);
/*!40000 ALTER TABLE `data_rows` ENABLE KEYS */;
UNLOCK TABLES;

--
-- Table structure for table `data_types`
--

DROP TABLE IF EXISTS `data_types`;
/*!40101 SET @saved_cs_client     = @@character_set_client */;
/*!50503 SET character_set_client = utf8mb4 */;
CREATE TABLE `data_types` (
  `id` int unsigned NOT NULL AUTO_INCREMENT,
  `name` varchar(255) COLLATE utf8_unicode_ci NOT NULL,
  `slug` varchar(255) COLLATE utf8_unicode_ci NOT NULL,
  `display_name_singular` varchar(255) COLLATE utf8_unicode_ci NOT NULL,
  `display_name_plural` varchar(255) COLLATE utf8_unicode_ci NOT NULL,
  `icon` varchar(255) COLLATE utf8_unicode_ci DEFAULT NULL,
  `model_name` varchar(255) COLLATE utf8_unicode_ci DEFAULT NULL,
  `policy_name` varchar(255) COLLATE utf8_unicode_ci DEFAULT NULL,
  `controller` varchar(255) COLLATE utf8_unicode_ci DEFAULT NULL,
  `description` varchar(255) COLLATE utf8_unicode_ci DEFAULT NULL,
  `generate_permissions` tinyint(1) NOT NULL DEFAULT '0',
  `server_side` tinyint NOT NULL DEFAULT '0',
  `details` text COLLATE utf8_unicode_ci,
  `created_at` timestamp NULL DEFAULT NULL,
  `updated_at` timestamp NULL DEFAULT NULL,
  PRIMARY KEY (`id`),
  UNIQUE KEY `data_types_name_unique` (`name`),
  UNIQUE KEY `data_types_slug_unique` (`slug`)
) ENGINE=InnoDB AUTO_INCREMENT=40 DEFAULT CHARSET=utf8 COLLATE=utf8_unicode_ci;
/*!40101 SET character_set_client = @saved_cs_client */;

--
-- Dumping data for table `data_types`
--

LOCK TABLES `data_types` WRITE;
/*!40000 ALTER TABLE `data_types` DISABLE KEYS */;
INSERT INTO `data_types` VALUES (1,'users','users','User','Users','voyager-person','App\\User','TCG\\Voyager\\Policies\\UserPolicy','TCG\\Voyager\\Http\\Controllers\\VoyagerUserController',NULL,1,0,'\"\\\\\\\"{\\\\\\\"order_column\\\\\\\":null,\\\\\\\"order_display_column\\\\\\\":null,\\\\\\\"order_direction\\\\\\\":\\\\\\\"desc\\\\\\\",\\\\\\\"default_search_key\\\\\\\":null,\\\\\\\"scope\\\\\\\":null}\\\\\\\"\"','2019-11-10 09:05:36','2020-02-04 07:27:43'),(2,'menus','menus','Menu','Menus','voyager-list','TCG\\Voyager\\Models\\Menu',NULL,'','',1,0,'\"null\"','2019-11-10 09:05:36','2019-11-10 09:05:36'),(3,'roles','roles','Role','Roles','voyager-lock','TCG\\Voyager\\Models\\Role',NULL,'','',1,0,'\"null\"','2019-11-10 09:05:36','2019-11-10 09:05:36'),(4,'categories','categories','Category','Categories','voyager-categories','TCG\\Voyager\\Models\\Category',NULL,'','',1,0,'\"null\"','2019-11-10 09:05:43','2019-11-10 09:05:43'),(5,'posts','posts','Post','Posts','voyager-news','TCG\\Voyager\\Models\\Post','TCG\\Voyager\\Policies\\PostPolicy',NULL,NULL,1,0,'{\"0\":\"\\\\\\\"{\\\\\\\"order_column\\\\\\\":null,\\\\\\\"order_display_column\\\\\\\":null,\\\\\\\"order_direction\\\\\\\":\\\\\\\"desc\\\\\\\",\\\\\\\"default_search_key\\\\\\\":null,\\\\\\\"scope\\\\\\\":null}\\\\\\\"\",\"order_column\":null,\"order_display_column\":null,\"order_direction\":\"desc\",\"default_search_key\":null,\"scope\":null}','2019-11-10 09:05:44','2020-10-06 18:06:43'),(6,'pages','pages','Page','Pages','voyager-file-text','TCG\\Voyager\\Models\\Page',NULL,'','',1,0,'\"null\"','2019-11-10 09:05:45','2019-11-10 09:05:45'),(9,'admins','admins','Admin','Admins','voyager-person','App\\Admin','TCG\\Voyager\\Policies\\UserPolicy','TCG\\Voyager\\Http\\Controllers\\VoyagerUserController',NULL,1,0,'\"\\\\\\\"{\\\\\\\"order_column\\\\\\\":null,\\\\\\\"order_display_column\\\\\\\":null,\\\\\\\"order_direction\\\\\\\":\\\\\\\"asc\\\\\\\",\\\\\\\"default_search_key\\\\\\\":null,\\\\\\\"scope\\\\\\\":null}\\\\\\\"\"','2019-11-11 05:35:32','2019-11-11 06:36:14'),(16,'sliders','sliders','Slider','Sliders','voyager-code','App\\Slider',NULL,'App\\Http\\Controllers\\SliderController',NULL,1,0,'{\"0\":\"\\\\\\\"{\\\\\\\"order_column\\\\\\\":null,\\\\\\\"order_display_column\\\\\\\":null,\\\\\\\"order_direction\\\\\\\":\\\\\\\"asc\\\\\\\",\\\\\\\"default_search_key\\\\\\\":null,\\\\\\\"scope\\\\\\\":null}\\\\\\\"\",\"order_column\":null,\"order_display_column\":null,\"order_direction\":\"desc\",\"default_search_key\":null,\"scope\":null}','2020-01-26 11:49:00','2020-10-06 16:35:35'),(18,'clinics','clinics','Clinic','Clinics',NULL,'App\\Clinic',NULL,NULL,NULL,1,0,'\"\\\\\\\"{\\\\\\\"order_column\\\\\\\":null,\\\\\\\"order_display_column\\\\\\\":null,\\\\\\\"order_direction\\\\\\\":\\\\\\\"asc\\\\\\\",\\\\\\\"default_search_key\\\\\\\":null,\\\\\\\"scope\\\\\\\":null}\\\\\\\"\"','2020-01-27 13:07:26','2020-02-26 13:48:15'),(19,'services','services','Service','Services',NULL,'App\\Service',NULL,NULL,NULL,1,0,'{\"0\":\"\\\\\\\"{\\\\\\\"order_column\\\\\\\":null,\\\\\\\"order_display_column\\\\\\\":null,\\\\\\\"order_direction\\\\\\\":\\\\\\\"asc\\\\\\\",\\\\\\\"default_search_key\\\\\\\":null,\\\\\\\"scope\\\\\\\":null}\\\\\\\"\",\"order_column\":null,\"order_display_column\":null,\"order_direction\":\"desc\",\"default_search_key\":null,\"scope\":null}','2020-01-28 06:29:40','2020-10-27 09:36:35'),(21,'tags','tags','Tag','Tags',NULL,'App\\Tag',NULL,NULL,NULL,1,0,'\"\\\\\\\"{\\\\\\\"order_column\\\\\\\":null,\\\\\\\"order_display_column\\\\\\\":null,\\\\\\\"order_direction\\\\\\\":\\\\\\\"asc\\\\\\\",\\\\\\\"default_search_key\\\\\\\":null,\\\\\\\"scope\\\\\\\":null}\\\\\\\"\"','2020-01-29 05:58:30','2020-02-26 14:00:40'),(22,'events','events','Event','Events',NULL,'App\\Event',NULL,'App\\Http\\Controllers\\EventController',NULL,1,0,'{\"0\":\"\\\\\\\"{\\\\\\\"order_column\\\\\\\":null,\\\\\\\"order_display_column\\\\\\\":null,\\\\\\\"order_direction\\\\\\\":\\\\\\\"asc\\\\\\\",\\\\\\\"default_search_key\\\\\\\":null,\\\\\\\"scope\\\\\\\":null}\\\\\\\"\",\"order_column\":null,\"order_display_column\":null,\"order_direction\":\"desc\",\"default_search_key\":null,\"scope\":null}','2020-02-02 07:38:18','2020-10-07 14:58:26'),(26,'clinic_requests','clinic-requests','Clinic Request','Clinic Requests',NULL,'App\\ClinicRequest',NULL,NULL,NULL,1,0,'\"\\\\\\\"{\\\\\\\"order_column\\\\\\\":null,\\\\\\\"order_display_column\\\\\\\":null,\\\\\\\"order_direction\\\\\\\":\\\\\\\"asc\\\\\\\",\\\\\\\"default_search_key\\\\\\\":null,\\\\\\\"scope\\\\\\\":null}\\\\\\\"\"','2020-02-09 08:45:13','2020-02-09 14:16:55'),(28,'andalusia_groups','andalusia-groups','Andalusia Group','Andalusia Groups',NULL,'App\\AndalusiaGroup',NULL,NULL,NULL,1,0,'\"\\\\\\\"{\\\\\\\"order_column\\\\\\\":null,\\\\\\\"order_display_column\\\\\\\":null,\\\\\\\"order_direction\\\\\\\":\\\\\\\"asc\\\\\\\",\\\\\\\"default_search_key\\\\\\\":null,\\\\\\\"scope\\\\\\\":null}\\\\\\\"\"','2020-02-09 12:51:57','2020-03-01 15:22:52'),(29,'doctors','doctors','Doctor','Doctors','voyager-activity','App\\Doctor',NULL,NULL,NULL,1,0,'{\"0\":\"{\\\\\\\"order_column\\\\\\\":null,\\\\\\\"order_display_column\\\\\\\":null,\\\\\\\"order_direction\\\\\\\":\\\\\\\"desc\\\\\\\",\\\\\\\"default_search_key\\\\\\\":null,\\\\\\\"scope\\\\\\\":null}\",\"order_column\":null,\"order_display_column\":null,\"order_direction\":\"desc\",\"default_search_key\":null,\"scope\":null}','2020-04-01 06:26:54','2020-10-06 16:57:26'),(30,'workinghours','workinghours','Working Hour','Working Hours','voyager-receipt','App\\Workinghour',NULL,'','',1,0,'null','2020-04-01 06:26:54','2020-04-01 06:26:54'),(31,'appointments','appointments','Appointment','Appointments','voyager-alarm-clock','App\\Appointment',NULL,'\\App\\Http\\Controllers\\AppointmentController',NULL,1,0,'\"{\\\\\\\"order_column\\\\\\\":null,\\\\\\\"order_display_column\\\\\\\":null,\\\\\\\"order_direction\\\\\\\":\\\\\\\"desc\\\\\\\",\\\\\\\"default_search_key\\\\\\\":null,\\\\\\\"scope\\\\\\\":null}\"','2020-04-01 06:26:55','2020-04-04 19:22:06'),(32,'specialities','specialities','Speciality','Specialities','voyager-certificate','App\\Speciality',NULL,NULL,NULL,1,0,'{\"order_column\":null,\"order_display_column\":null,\"order_direction\":\"desc\",\"default_search_key\":null,\"scope\":null}','2020-04-01 06:26:55','2020-10-06 17:46:26'),(33,'appointment_notes','appointment-notes','Appointment Note','Appointment Notes','voyager-alarm-clock','App\\AppointmentNote',NULL,'','',1,0,NULL,'2020-09-17 17:03:06','2020-09-17 17:03:06'),(34,'comments','comments','Comment','Comments','voyager-certificate','App\\Comment',NULL,'','',1,0,NULL,'2020-09-17 17:03:06','2020-09-17 17:03:06'),(35,'bookings','bookings','Booking','Bookings','voyager-activity','App\\Booking',NULL,'','',1,0,NULL,'2020-09-17 17:03:06','2020-09-17 17:03:06'),(36,'partners','partners','Partner','Partners','voyager-photos','App\\Partner',NULL,NULL,NULL,1,0,'{\"order_column\":null,\"order_display_column\":null,\"order_direction\":\"desc\",\"default_search_key\":null,\"scope\":null}','2020-09-17 17:03:07','2020-10-06 17:18:12'),(37,'testimonials','testimonials','Testimonial','Testimonials','voyager-people','App\\Testimonial',NULL,NULL,NULL,1,0,'{\"order_column\":null,\"order_display_column\":null,\"order_direction\":\"desc\",\"default_search_key\":null,\"scope\":null}','2020-09-17 17:03:07','2020-10-06 17:22:23'),(38,'selling-points','selling-points','Selling Point','Selling Points','voyager-shop','App\\SellingPoint',NULL,'','',1,0,NULL,'2020-09-17 17:03:07','2020-09-17 17:03:07'),(39,'journeys','journeys','Journey','Journeys','voyager-images','App\\Journey',NULL,NULL,NULL,1,0,'{\"order_column\":null,\"order_display_column\":null,\"order_direction\":\"desc\",\"default_search_key\":null,\"scope\":null}','2020-09-29 13:29:08','2020-10-06 16:22:04');
/*!40000 ALTER TABLE `data_types` ENABLE KEYS */;
UNLOCK TABLES;

--
-- Table structure for table `doctors`
--

DROP TABLE IF EXISTS `doctors`;
/*!40101 SET @saved_cs_client     = @@character_set_client */;
/*!50503 SET character_set_client = utf8mb4 */;
CREATE TABLE `doctors` (
  `id` int unsigned NOT NULL AUTO_INCREMENT,
  `description` longtext COLLATE utf8_unicode_ci,
  `position` varchar(255) COLLATE utf8_unicode_ci DEFAULT NULL,
  `speciality` varchar(255) COLLATE utf8_unicode_ci DEFAULT NULL,
  `photo` varchar(255) COLLATE utf8_unicode_ci DEFAULT NULL,
  `meta_keywords` varchar(255) COLLATE utf8_unicode_ci DEFAULT NULL,
  `meta_description` text COLLATE utf8_unicode_ci,
  `status` int DEFAULT '0',
  `created_at` timestamp NULL DEFAULT NULL,
  `updated_at` timestamp NULL DEFAULT NULL,
  `clinic_id` int DEFAULT NULL,
  `email` varchar(255) COLLATE utf8_unicode_ci DEFAULT NULL,
  `phone` varchar(255) COLLATE utf8_unicode_ci DEFAULT NULL,
  `price` varchar(255) COLLATE utf8_unicode_ci DEFAULT NULL,
  `duration` varchar(255) COLLATE utf8_unicode_ci DEFAULT NULL,
  `speciality_id` int unsigned DEFAULT NULL,
  `gender` varchar(250) COLLATE utf8_unicode_ci DEFAULT NULL,
  `currency` varchar(255) COLLATE utf8_unicode_ci DEFAULT 'SAR',
  `facebook_title` varchar(255) COLLATE utf8_unicode_ci DEFAULT NULL,
  `facebook_description` varchar(255) COLLATE utf8_unicode_ci DEFAULT NULL,
  `facebook_image` varchar(255) COLLATE utf8_unicode_ci DEFAULT NULL,
  `twitter_title` varchar(255) COLLATE utf8_unicode_ci DEFAULT NULL,
  `twitter_description` varchar(255) COLLATE utf8_unicode_ci DEFAULT NULL,
  `twitter_image` varchar(255) COLLATE utf8_unicode_ci DEFAULT NULL,
  `image_title` varchar(255) COLLATE utf8_unicode_ci DEFAULT NULL,
  `image_alt` varchar(255) COLLATE utf8_unicode_ci DEFAULT NULL,
  `small_description` longtext COLLATE utf8_unicode_ci,
  `title` varchar(255) COLLATE utf8_unicode_ci DEFAULT NULL,
  `slug` varchar(255) COLLATE utf8_unicode_ci DEFAULT NULL,
  `order` int DEFAULT NULL,
  PRIMARY KEY (`id`)
) ENGINE=InnoDB AUTO_INCREMENT=33 DEFAULT CHARSET=utf8 COLLATE=utf8_unicode_ci;
/*!40101 SET character_set_client = @saved_cs_client */;

--
-- Dumping data for table `doctors`
--

LOCK TABLES `doctors` WRITE;
/*!40000 ALTER TABLE `doctors` DISABLE KEYS */;
INSERT INTO `doctors` VALUES (1,'<p>بكالوريوس في طب وجراحة الفم والأسنان - الإجراءات والفحوصات التي تخص الأسنان- عمليات خلع الأسنان والخلع الجراحي- تنظيف الأسنان- بانوراما الأسنان - أشعة عادية على الأسنان بمستشفى حي الجامعة</p>','استشاري','أخصائي طب الأسنان','http://admin.alwstage.tk/storage/doctors/September2020/viTf9TzZObk2UiUzCxb2.png','','',1,'2020-04-07 21:10:27','2020-10-06 17:02:23',NULL,'ak@andalusiagroup.net','87965412','150','15',2,'male','SAR',NULL,NULL,NULL,NULL,NULL,NULL,NULL,NULL,'بكالوريوس في طب وجراحة الفم والأسنان - الإجراءات والفحوصات التي تخص الأسنان- عمليات خلع الأسنان والخلع الجراحي- تنظيف الأسنان- بانوراما الأسنان - أشعة عادية على الأسنان بمستشفى حي الجامعة','شيماء عصام','shymaa-asam',12),(3,'<p>استشاري الجراحة العامة لفريقنا الطبي المميز بمستشفى أندلسية حي الجامعة.\\r\\n\\r\\nخبرة أكثر من 15 عامًا في الجراحة العامة، وحاصل على دكتوراه في الجراحة العامة من جامعة الأزهر بالقاهرة، وعمل كأخصائي أول للجراحة العامة بمستشفى جامعة ابن سينا بجدة</p>','استشاري','استشاري الجراحة العامة','http://admin.alwstage.tk/storage/doctors/September2020/55HcUvOmaPKM5W8qWTuD.png','','',1,'2020-04-07 21:10:27','2020-10-06 17:04:36',NULL,'Moustafa-Salama@Andalusiagroup.net','54741523','150','15',7,'male','SAR',NULL,NULL,NULL,NULL,NULL,NULL,NULL,NULL,'وصف عربى وصف عربى وصف عربى وصف عربى وصف عربى وصف عربى وصف عربى وصف عربى وصف عربى وصف عربى وصف عربى وصف عربى وصف عربى وصف عربى وصف عربى وصف عربى وصف عربى وصف عربى وصف عربى وصف عربى وصف عربى وصف عربى وصف عربى وصف عربى وصف عربى وصف عربى وصف عربى وصف عربى وصف عربى وصف عربى وصف عربى وصف عربى وصف عربى وصف عربى وصف عربى وصف عربى وصف عربى وصف عربى ','أهداف عنان','ahdaf-anan',21),(4,'<p>ماجستير الأمراض الجلدية والتناسلية - التهاب الجلد والحكة والحساسية-البقع الجلدية البيضاء والملونة والهالات السوداء-السنطات والزوائد الجلدية-حب الشباب وآثاره</p>','أخصائي','أخصائي الأمراض الجلدية','http://admin.alwstage.tk/storage/doctors/September2020/KIV6oyqJXa6yKmDPhPh9.png','','',1,'2020-04-07 21:10:27','2020-10-06 17:03:04',NULL,'ahmed@andalusiagroup.net','74525368','75','15',5,'male','SAR',NULL,NULL,NULL,NULL,NULL,NULL,NULL,NULL,'وصف ضغير','رانيا الباز','ranya-albaz',20),(5,'<p>لحاصلة على بكالوريوس في الطب من جامعة الإسكندرية 2005م، والحاصلة أيضاً على ماجستير في الأمراض الجلدية والتناسلية، بالإضافة إلى دبلومة في الطب التجميلي والليزر.بمستشفى حي الجامعة</p>','أخصائي','أخصائي الأمراض الجلدية','http://admin.alwstage.tk/storage/doctors/September2020/tcJJxYmqy47birOJWXmh.png','','',1,'2020-04-07 21:10:27','2020-10-06 17:02:55',NULL,'heba.ghazy@andalusiagroup.net','87452369','75','15',5,'female','SAR',NULL,NULL,NULL,NULL,NULL,NULL,NULL,NULL,'وصف صغير','محمد إفريج','mhmd-ifryj',19),(6,'<p>ماجستير في الأنف والأذن والحنجرة - علاج التهاب اللوزتين والحلق وخراج خلف اللوزتين- النزيف الدموي من الأنف- الزدات الأنفية والانسداد</p>','أخصائي','أخصائى أنف وأذن وحنجرة','http://admin.alwstage.tk/storage/doctors/September2020/Y51SB5C0LiG6NZeVxaJD.png','','',1,'2020-04-07 21:10:27','2020-10-06 17:02:54',NULL,'ibram@andalusiagroup.net','58475125','75','15',5,'male','SAR',NULL,NULL,NULL,NULL,NULL,NULL,NULL,NULL,'small desc ar','ميرفت عبد الحميد','myrft-abd-alhmyd',18),(7,'<p>ماجستير أمراض الباطنة - علاج أمراض الجهاز الهضمي والكبد- أمراض سوء الامتصاص والهضم- قرحة المعدة والأثنى عشر- مناظير الجهاز الهضمي- الكبد الدهني وتضخم الكبد- التهابات البنكرياس- القولون العصبي- التشخيص المبكر لأورام الجهاز الهضمي- الغدد الصماء والاضطراب الهرموني- حمى (الضنك &ndash; النزفية &ndash; الانفلونزا)- حمى (التيفويد &ndash; المالطية)- تشخيص مرض السكري والوقاية من مضاعفاته- آلام المفاصل الروماتيزمية- الروماتويد والذئبة الحمراء والأمراض المناعية- المغص والالتهابات الكلوية- الفشل الكلوي ومسبباته- منظار المعدة- منظار القولون- مناظير القنوات المرارية- تركيب بالون المعدة- ربط وحقن دوالي المرئ والمعدة- توسيع المرئ والقولون- استئصال اللحمية بالمنظار</p>','أخصائي','أخصائي أمراض الباطنة وأمراض الكلى','http://admin.alwstage.tk/storage/doctors/September2020/dHCzrDhwJmjhApEGTTi2.png','','',1,'2020-04-07 21:10:27','2020-10-06 17:02:48',NULL,'all@andalusiagroup.net','54785425','75','15',6,'male','SAR',NULL,NULL,NULL,NULL,NULL,NULL,NULL,NULL,'وصف صغير','منصور عبد الله','mnswr-abd-allh',17),(8,'<p>ماجستير أمراض الباطنة - علاج أمراض الجهاز الهضمي والكبد- أمراض سوء الامتصاص والهضم- قرحة المعدة والأثنى عشر- مناظير الجهاز الهضمي- الكبد الدهني وتضخم الكبد- التهابات البنكرياس- القولون العصبي- التشخيص المبكر لأورام الجهاز الهضمي- الغدد الصماء والاضطراب الهرموني- حمى (الضنك &ndash; النزفية &ndash; الانفلونزا)- حمى (التيفويد &ndash; المالطية)- تشخيص مرض السكري والوقاية من مضاعفاته- آلام المفاصل الروماتيزمية- الروماتويد والذئبة الحمراء والأمراض المناعية- المغص والالتهابات الكلوية- الفشل الكلوي ومسبباته- منظار المعدة- منظار القولون- مناظير القنوات المرارية- تركيب بالون المعدة- ربط وحقن دوالي المرئ والمعدة- توسيع المرئ والقولون- استئصال اللحمية بالمنظار بمستشفى حي الجامعة</p>','أخصائي','أخصائي أمراض الجهاز الهضمي والكلى','http://admin.alwstage.tk/storage/doctors/September2020/8SlyJuQNAmS27R0seCPm.png','','Meta Description ar',1,'2020-04-07 21:10:27','2020-10-06 17:02:43',NULL,'KHALID.ABDULATEF@andalusiagroup.net','54758525','75','15',6,'male','SAR',NULL,NULL,NULL,NULL,NULL,NULL,NULL,NULL,'وصف ضغير جدا','محمد العشماوي','mhmd-alashmawy',16),(9,'<p>ماجستير أمراض الباطنة - علاج أمراض الجهاز الهضمي والكبد- أمراض سوء الامتصاص والهضم- قرحة المعدة والأثنى عشر- مناظير الجهاز الهضمي- الكبد الدهني وتضخم الكبد- التهابات البنكرياس- القولون العصبي- التشخيص المبكر لأورام الجهاز الهضمي- الغدد الصماء والاضطراب الهرموني- حمى (الضنك &ndash; النزفية &ndash; الانفلونزا)- حمى (التيفويد &ndash; المالطية)- تشخيص مرض السكري والوقاية من مضاعفاته- آلام المفاصل الروماتيزمية- الروماتويد والذئبة الحمراء والأمراض المناعية- المغص والالتهابات الكلوية- الفشل الكلوي ومسبباته- منظار المعدة- منظار القولون- مناظير القنوات المرارية- تركيب بالون المعدة- ربط وحقن دوالي المرئ والمعدة- توسيع المرئ والقولون- استئصال اللحمية بالمنظار بمستشفى حي الجامعة</p>','أخصائي','أخصائي الامراض الباطنية','http://admin.alwstage.tk/storage/doctors/September2020/kssdQ8YkBLlQdARUtI11.png','','',1,'2020-04-07 21:10:27','2020-10-06 17:02:39',NULL,'Ezzat.Karima@andalusiagroup.net','54714552','75','15',4,'female','SAR',NULL,NULL,NULL,NULL,NULL,NULL,NULL,NULL,'وصف ضغير','محمود حرب','mhmwd-hrb',15),(10,'<p>دكتوراه في الأمراض العصبية - الصرع- ضعف وضمور العضلات- أمراض الأعصاب المركزية والطرفية- شلل وآلام الأعصاب (الخامس والسابع)- الجلطات الدماغية والشلل- أمراض الذاكرة (الزهايمر)- الصداع بأنواعه- أمراض الحركة (الشلل الرعاش)- التهاب الأعصاب الطرفية- فقدان الذاكرة- أمراض الحبل الشوكي- رسم عصب- رسم عضلات بمستشفى حي الجامعة</p>','استشاري','استشارى أمراض المخ و الأعصاب','http://admin.alwstage.tk/storage/doctors/September2020/3oqYftDHSnaZdCm7YcC2.png','','',1,'2020-04-07 21:10:27','2020-10-06 17:02:33',NULL,'a@andalusiagroup.net','74525638','150','15',9,'male','SAR',NULL,NULL,NULL,NULL,NULL,NULL,NULL,NULL,'وصف ضغير عربى','محمد نصر','mhmd-nsr',14),(11,'<p>ماجيستير أمراض النساء والتوليد - التهابات الجهاز التناسلي- آلام واضطرابات الدورة الشهرية- الوقاية والتشخيص المبكر للأورام- استئصال أورام الرحم والمبيض بالمنظار (أكياس المبيض &ndash; الورم الليفي)- سقوط الرحم.- الأندومتريوزيس- متابعة مرحلة ما بعد انقطاع الطمث.- الولادة الطبيعية بدون ألم- الولادة القيصرية- جهاز قياس نبضات قلب الجنين CTG- حالات الحمل الحرج والإجهاض المتكرر- حالات الحمل خارج الرحم- تسمم الحمل- علاج عقم الزوجين- تنظيم الأسرة- إجراء اختبارات الحمل- مسحة عنق الرحم- إجراء الموجات فوق الصوتية</p>','أخصائي','أخصائى أمراض النساء والولادة','http://admin.alwstage.tk/storage/doctors/September2020/ELkZtDg4W9Gw1MySU6i3.png','','Meta Description ar',1,'2020-04-07 21:10:27','2020-10-06 17:02:28',NULL,'MANAL.AHMED@andalusiagroup.net','54123586','75','15',2,'female','SAR',NULL,NULL,NULL,NULL,NULL,NULL,NULL,NULL,'وصف ضغير عربى','نهير درويش','nhyr-drwysh',13),(12,'<p>ماجستير في أمراض النساء والتوليد - التهابات الجهاز التناسلي- آلام واضطرابات الدورة الشهرية- الوقاية والتشخيص المبكر للأورام- استئصال أورام الرحم والمبيض بالمنظار (أكياس المبيض &ndash; الورم الليفي)- سقوط الرحم.- الأندومتريوزيس- متابعة مرحلة ما بعد انقطاع الطمث.- الولادة الطبيعية بدون ألم- الولادة القيصرية- جهاز قياس نبضات قلب الجنين CTG- حالات الحمل الحرج والإجهاض المتكرر- حالات الحمل خارج الرحم- تسمم الحمل- علاج عقم الزوجين- تنظيم الأسرة- إجراء اختبارات الحمل- مسحة عنق الرحم- إجراء الموجات فوق الصوتية</p>','أخصائي','أخصائى أمراض النساء والولادة','doctors/October2020/uMcSEGhAMlmP1pcElsuS.png','','',1,'2020-04-07 21:10:27','2020-10-11 10:43:27',NULL,'SHIMAA.HANAFY@andalusiagroup.net','45874521','75','15',1,'female','SAR',NULL,NULL,NULL,NULL,NULL,NULL,NULL,NULL,'ماجستير في أمراض النساء والتوليد - التهابات الجهاز التناسلي- آلام واضطرابات الدورة الشهرية- الوقاية والتشخيص المبكر للأورام- استئصال أورام الرحم والمبيض بالمنظار (أكياس المبيض – الورم الليفي)- سقوط الرحم.- الأندومتريوزيس- متابعة مرحلة ما بعد انقطاع الطمث.- الولادة الطبيعية بدون ألم- الولادة القيصرية- جهاز قياس نبضات قلب الجنين CTG- حالات الحمل الحرج والإجهاض المتكرر- حالات الحمل خارج الرحم- تسمم الحمل- علاج عقم الزوجين- تنظيم الأسرة- إجراء اختبارات الحمل- مسحة عنق الرحم- إجراء الموجات فوق الصوتية','أكرم ماجد','akrm-majd',1),(13,'<p>خبرة 15 سنة في طب النساء والولادة، وحاصلة على البورد العربي في اختصاص الولادة وأمراض النساء، وعلى بكالوريوس الطب والجراحة، وماجستير في أمراض النساء والولادة. بمستشفى حي الجامعة</p>','أخصائي','أخصائى أول نساء وولادة','http://admin.alwstage.tk/storage/doctors/September2020/h19nRvBqqYhj6y8XHKS5.png','','',1,'2020-04-07 21:10:27','2020-10-06 17:02:18',NULL,'asd@andalusiagroup.net','54752156','75','15',4,'female','SAR',NULL,NULL,NULL,NULL,NULL,NULL,NULL,NULL,'وصف عربى ','منال فوزي','mnal-fwzy',11),(14,'<p>محمد نصر استشاري طب وجراحة العيون والليزر لفريقنا الطبي بمستشفى أندلسية حي الجامعة.\\r\\nاستشاري جراحة العيون بوحدة الليزر بمستشفى قصر العيني، وعضو الجمعية الأوروبية لجراحة المياه البيضاء وإصلاح عيوب الإبصار، والجمعية الأوروبية لجراحة الشبكية، والأكاديمية الأمريكية للعيون، وحاصل على شهادة المجلس العالمي للعيون.</p>','استشاري','استشارى طب و جراحة العيون','http://admin.alwstage.tk/storage/doctors/September2020/i7scrCG50AgyXIIBkDtz.png','','',1,'2020-04-07 21:10:27','2020-10-06 17:01:00',NULL,'m4nasr@andalusiagroup.net','45874521','150','15',3,'male','SAR',NULL,NULL,NULL,NULL,NULL,NULL,NULL,NULL,'وصف عربى ','أسامة عبد السلام','asamh-abd-alslam',10),(15,'<p>ماجستير في جراحة العظام - آلام والتهابات المفاصل- تمزق الأربطة- خلع المفاصل- إصابات غضروف الركبة- تمزق الرباط الصليبي الأمامي والخلفي- علاج الخلع المتكرر لمفصل الكتف- جراحات استبدال المفاصل والمفاصل الصناعية- تغيير مفصل الركبة- الكسور ومضاعفاتها (بطء الالتحام &ndash; الاعوجاج)- خشونة الركبة- آلم القدمين- حقن البلازما للركبة- الاستبدال الكلي لمفصل الركبة والكوع- عملية منظار الركبة ومناظير المفاصل- هشاشة العظام- التهابات وخشونة المفاصل- الطب الرياضي- عمليات العمود الفقري - عمليات تسليك الأعصاب والأوتار- تثبيت الكسور وعمليات الشرائح والمسامير - علاج العيوب الخلقية لعظام اليد</p>','أخصائي','أخصائي أمراض العظام والمفاصل','http://admin.alwstage.tk/storage/doctors/September2020/Bb7sOqEV3QxthEPNc1SY.png','','',1,'2020-04-07 21:10:27','2020-10-06 17:00:56',NULL,'t.ww@andalusiagroup.net','87954125','75','15',3,'male','SAR',NULL,NULL,NULL,NULL,NULL,NULL,NULL,NULL,'وصف عربى 13','عزت كريمة','azt-krymh',9),(16,'<p>خبرة 14 سنة في طب العظام، وحاصل على الماجستير والدكتوراه في طب العظام والكسور والإصابات، والزمالة الألمانية لطب</p>','أخصائي','أخصائي أمراض العظام والمفاصل','http://admin.alwstage.tk/storage/doctors/September2020/bk4o6koExzHHOAD6j5hE.png','','',1,'2020-04-07 21:10:27','2020-10-06 17:00:52',NULL,'mohamedashmway@andalusiagroup.net','54455552','75','15',3,'male','SAR',NULL,NULL,NULL,NULL,NULL,NULL,NULL,NULL,'وصف عربى 12','خالد عبد العزيز','khald-abd-alazyz',8),(17,'<p>ماجستير في طب الأطفال - الفحص الشامل بعد الولادة- متابعة وعلاج الصفراء لحديثي الولادة- مشاكل الرضاعة- أمراض الجهاز التنفسي والهضمي لحديثي الولادة - التهاب الشعب الهوائية والالتهاب الرئوي - الحساسية والربو- الكحة المزمنة - الحمى الروماتيزمية على القلب- الالتهاب الكبدي- التهاب الكلى- تطعيمات الأطفال</p>','أخصائي','أخصائى طب الأطفال','http://admin.alwstage.tk/storage/doctors/September2020/q6AZR1jQmfnJpk7EUclI.png','','',1,'2020-04-07 21:10:27','2020-10-06 17:00:47',NULL,'ew@andalusiagroup.net','47585635','75','15',2,'male','SAR',NULL,NULL,NULL,NULL,NULL,NULL,NULL,NULL,'وصف عربى 4','علاء الشامي','alaa-alshamy',7),(18,'<p>ماجستير في طب الأطفال - الفحص الشامل بعد الولادة- متابعة وعلاج الصفراء لحديثي الولادة- مشاكل الرضاعة- أمراض الجهاز التنفسي والهضمي لحديثي الولادة - التهاب الشعب الهوائية والالتهاب الرئوي - الحساسية والربو- الكحة المزمنة - الحمى الروماتيزمية على القلب- الالتهاب الكبدي- التهاب الكلى- تطعيمات الأطفال</p>','أخصائي','أخصائى طب الأطفال','http://admin.alwstage.tk/storage/doctors/September2020/EdSGbIWvyPayrHShsuUO.png','','',1,'2020-04-07 21:10:27','2020-10-06 17:00:43',NULL,'m@andalusiagroup.net','21545869','75','15',2,'female','SAR',NULL,NULL,NULL,NULL,NULL,NULL,NULL,NULL,'وصف عربى 10','إبراهيم عيد','ibrahym-ayd',6),(19,'<p>أخصائي اول المسالك البوليه - ماجستير في جراحة المسالك البوليه -علاج حصوات الكلى وتفتيتها وحصوات المسالك البولية -مناظير الجهاز البولي (الكلى &ndash; الحالب - المثانية) -العيوب الخلقية في الكلى والحالب والمثانة -ضيق وانسداد مجرى البول -المغص الكلوي المتكرر -أورام الجهاز البولي التناسلي-سلس البول والبول الدومي - أمراض الذكورة والعقم والعجز الجنسي عند الرجال -علاج أمراض البروستاتا والكشف الدوري- تفتيت الحصوات عن طريق جهاز الموجات التصادمية -تفتيت حصوات الكلى بالليزر عن طريق منظار الكلى -تفتيت حصوات المثانة باستخدام المفتت الهوائي والليزر -تفتيت حصوات الحالب باستخدام المفتت الهوائي الكلوي-وحدة مسالك الأطفال-علاج تشوهات الجهاز البولي التناسلي للأطفال-تصليح فتحة مجرى البول- تصليح إعوجاج القضيب-تصليح ضيق حوض الكلى-تصليح الارتجاع البولي من المثانة للحالب جراحياً وبدون جراحة .بمستشفى حي الجامعة</p>','استشاري','استشاري المسالك البولية','http://admin.alwstage.tk/storage/doctors/September2020/Ou7sZvyPCQEMM64CrgmR.png','','',1,'2020-04-07 21:10:27','2020-10-06 17:00:39',NULL,'Mohamed.Efrieg@Andalusiagroup.net','55454854','150','15',2,'male','SAR',NULL,NULL,NULL,NULL,NULL,NULL,NULL,NULL,'وصف عربى 8','هبة غازي','hbh-ghazy',5),(20,'<p>استشاري الامراض النفسية -دكتوراه في الامراض النفسيه -استشارات نفسية -متابعة مرضي الاكتئاب و الزهايمر-أضطرابات المزاج -اكتئاب الحمل و ما بعد الولادة -التدريب على تنمية مهارات أولياء الامور-العلاج السلوكي -التدريب على المهارات الاجتماعية. بمستشفى حي الجامعة</p>','استشاري','استشارى أمراض النفسية','http://admin.alwstage.tk/storage/doctors/September2020/ydTmy7SKiCJdFMiRTudm.png','','',1,'2020-04-07 21:10:27','2020-10-06 17:00:07',NULL,'Rania.ELBaz@andalusiagroup.net','47858885','150','15',16,'female','SAR',NULL,NULL,NULL,NULL,NULL,NULL,NULL,NULL,'وصف عربى ','عصام عبد الفتاح','asam-abd-alftah',4),(21,'<p>وصف عربى&nbsp;</p>','استشاري','استشارى الأمراض الصدرية','http://admin.alwstage.tk/storage/doctors/September2020/SXEsHB8OPPA3QcBgKfcg.png','','',1,'2020-04-07 21:10:27','2020-10-06 16:59:42',NULL,'AHDAF.ANNAN@andalusiagroup.net','54785623','150','15',1,'female','SAR',NULL,NULL,NULL,NULL,NULL,NULL,NULL,NULL,'وصف عربى وصف عربى وصف عربى وصف عربى وصف عربى وصف عربى وصف عربى وصف عربى وصف عربى وصف عربى وصف عربى وصف عربى وصف عربى وصف عربى وصف عربى وصف عربى وصف عربى وصف عربى وصف عربى وصف عربى وصف عربى وصف عربى وصف عربى وصف عربى وصف عربى وصف عربى وصف عربى وصف عربى وصف عربى وصف عربى وصف عربى وصف عربى وصف عربى وصف عربى وصف عربى وصف عربى وصف عربى وصف عربى وصف عربى وصف عربى وصف عربى وصف عربى وصف عربى وصف عربى ','مصطفى سلامة','mstfa-slamh',3),(22,'<p>وصف عربى</p>','استشاري','استشارى الأمراض الصدرية','http://admin.alwstage.tk/storage/doctors/September2020/DFnI2v9UfKJBQAWSXyrT.png','Meta Keywords ar','Meta Description ar',1,'2020-04-07 21:10:27','2020-10-06 16:59:21',NULL,'NABIL.HIBAH@andalusiagroup.net','54785623','150','15',1,'female','SAR',NULL,NULL,NULL,NULL,NULL,NULL,NULL,NULL,'','أحمد جابر','ahmd-jabr',2);
/*!40000 ALTER TABLE `doctors` ENABLE KEYS */;
UNLOCK TABLES;

--
-- Table structure for table `event_user`
--

DROP TABLE IF EXISTS `event_user`;
/*!40101 SET @saved_cs_client     = @@character_set_client */;
/*!50503 SET character_set_client = utf8mb4 */;
CREATE TABLE `event_user` (
  `id` int unsigned NOT NULL AUTO_INCREMENT,
  `user_id` int DEFAULT NULL,
  `event_id` int DEFAULT NULL,
  PRIMARY KEY (`id`)
) ENGINE=InnoDB DEFAULT CHARSET=utf8 COLLATE=utf8_unicode_ci;
/*!40101 SET character_set_client = @saved_cs_client */;

--
-- Dumping data for table `event_user`
--

LOCK TABLES `event_user` WRITE;
/*!40000 ALTER TABLE `event_user` DISABLE KEYS */;
/*!40000 ALTER TABLE `event_user` ENABLE KEYS */;
UNLOCK TABLES;

--
-- Table structure for table `events`
--

DROP TABLE IF EXISTS `events`;
/*!40101 SET @saved_cs_client     = @@character_set_client */;
/*!50503 SET character_set_client = utf8mb4 */;
CREATE TABLE `events` (
  `id` int unsigned NOT NULL AUTO_INCREMENT,
  `description` longtext COLLATE utf8_unicode_ci,
  `start` datetime DEFAULT NULL,
  `end` datetime DEFAULT NULL,
  `img` varchar(255) COLLATE utf8_unicode_ci DEFAULT NULL,
  `images` text COLLATE utf8_unicode_ci,
  `map_x` varchar(255) COLLATE utf8_unicode_ci DEFAULT NULL,
  `map_y` varchar(255) COLLATE utf8_unicode_ci DEFAULT NULL,
  `stock` int DEFAULT NULL,
  `meta_keywords` varchar(255) COLLATE utf8_unicode_ci DEFAULT NULL,
  `meta_description` text COLLATE utf8_unicode_ci,
  `status` int DEFAULT '0',
  `created_at` timestamp NULL DEFAULT NULL,
  `updated_at` timestamp NULL DEFAULT NULL,
  `facebook_title` varchar(255) COLLATE utf8_unicode_ci DEFAULT NULL,
  `facebook_description` varchar(255) COLLATE utf8_unicode_ci DEFAULT NULL,
  `facebook_image` varchar(255) COLLATE utf8_unicode_ci DEFAULT NULL,
  `twitter_title` varchar(255) COLLATE utf8_unicode_ci DEFAULT NULL,
  `twitter_description` varchar(255) COLLATE utf8_unicode_ci DEFAULT NULL,
  `twitter_image` varchar(255) COLLATE utf8_unicode_ci DEFAULT NULL,
  `image` varchar(255) COLLATE utf8_unicode_ci DEFAULT NULL,
  `image_title` varchar(255) COLLATE utf8_unicode_ci DEFAULT NULL,
  `image_alt` varchar(255) COLLATE utf8_unicode_ci DEFAULT NULL,
  `date` date DEFAULT NULL,
  `small_description` longtext COLLATE utf8_unicode_ci,
  `topevent` int DEFAULT NULL,
  `title` varchar(255) COLLATE utf8_unicode_ci DEFAULT NULL,
  `slug` varchar(255) COLLATE utf8_unicode_ci DEFAULT NULL,
  `order` int DEFAULT NULL,
  `facebook` varchar(255) COLLATE utf8_unicode_ci DEFAULT NULL,
  `twitter` varchar(255) COLLATE utf8_unicode_ci DEFAULT NULL,
  `youtube` varchar(255) COLLATE utf8_unicode_ci DEFAULT NULL,
  `whatsapp` varchar(255) COLLATE utf8_unicode_ci DEFAULT NULL,
  `instagram` varchar(255) COLLATE utf8_unicode_ci DEFAULT NULL,
  PRIMARY KEY (`id`)
) ENGINE=InnoDB AUTO_INCREMENT=5 DEFAULT CHARSET=utf8 COLLATE=utf8_unicode_ci;
/*!40101 SET character_set_client = @saved_cs_client */;

--
-- Dumping data for table `events`
--

LOCK TABLES `events` WRITE;
/*!40000 ALTER TABLE `events` DISABLE KEYS */;
INSERT INTO `events` VALUES (1,'<p>استجاب كتاب Veep ونجومه بشكل لا يصدق لأخبار أحد</p>\n<p>غرز مثبتة مسبقًا مطلوبة بواسطة طريقة عميل البريد الإلكتروني ، التقويم</p>','2020-12-05 01:37:00','2021-01-07 01:37:00','events/October2020/nDyd95ha8vek1I6UzrAy.png','[\"events\\/September2020\\/K4pb5O0grovWTF45M0en.png\",\"events\\/September2020\\/jWBgVAuwVAItU1eILu4t.png\",\"events\\/September2020\\/OoGB7L6ucn2TeykfCVRg.png\"]',NULL,NULL,NULL,'meta Keywords ar','meta Description ar',1,'2020-09-21 11:37:00','2020-10-13 11:54:30',NULL,NULL,NULL,NULL,NULL,NULL,NULL,'image title','image alt',NULL,'استجاب كتاب Veep ونجومه بشكل لا يصدق لأخبار أحد\nغرز مثبتة مسبقًا مطلوبة بواسطة طريقة عميل البريد الإلكتروني ، التقويم.',1,'حدث عالمى','حدث-عالمى',2,'https://www.facebook.com','https://www.twitter.com','https://www.youtube.com','whatsapp://send?text=Hello World!&phone=+201229571512','https://www.instagram.com'),(3,'<p>استجاب كتاب Veep ونجومه بشكل لا يصدق لأخبار أحد</p>\n<p>غرز مثبتة مسبقًا مطلوبة بواسطة طريقة عميل البريد الإلكتروني ، التقويم.</p>','2020-10-31 01:38:00','2020-11-07 01:38:00','events/October2020/onwPCeRl9wQ9n7zHtslF.png','[\"events\\/September2020\\/sOr3oJvLg5F3C5EomZFT.png\",\"events\\/September2020\\/O4qPcCaDXKzOOfV7W0j8.png\",\"events\\/September2020\\/PlD14JdndgQiAdyC7Tsd.png\"]',NULL,NULL,NULL,'meta Keywords ar','meta Description ar',1,'2020-09-21 11:39:00','2020-10-13 11:54:17',NULL,NULL,NULL,NULL,NULL,NULL,NULL,'image title','Image alt',NULL,'استجاب كتاب Veep ونجومه بشكل لا يصدق لأخبار أحد\nغرز مثبتة مسبقًا مطلوبة بواسطة طريقة عميل البريد الإلكتروني ، التقويم.',0,'النمط الاصلى','النمط-الاصلى',1,'https://www.facebook.com','https://www.twitter.com','https://www.youtube.com','whatsapp://send?text=Hello World!&phone=+201229571512','https://www.instagram.com'),(4,'<p>ايفنت العناية بالبشرة والريجيم</p>','2020-10-15 00:27:00','2020-11-07 00:27:00','events/October2020/EtIWJgZXWCOIxuOhf8Sh.png','[\"events\\/October2020\\/TsQWwpsUl8EVCjSSksSa.png\"]',NULL,NULL,NULL,'meta Keywords ar','meta Description ar',1,'2020-10-12 10:28:00','2020-10-13 11:54:05','Facebook title',NULL,NULL,NULL,NULL,NULL,'image','Image title','Image alt',NULL,'',0,'ايفنت عالمى','ayfnt-aalma',3,'https://www.facebook.com','https://www.twitter.com','https://www.youtube.com','whatsapp://send?text=Hello World!&phone=+201229571512','https://www.instagram.com');
/*!40000 ALTER TABLE `events` ENABLE KEYS */;
UNLOCK TABLES;

--
-- Table structure for table `failed_jobs`
--

DROP TABLE IF EXISTS `failed_jobs`;
/*!40101 SET @saved_cs_client     = @@character_set_client */;
/*!50503 SET character_set_client = utf8mb4 */;
CREATE TABLE `failed_jobs` (
  `id` bigint unsigned NOT NULL AUTO_INCREMENT,
  `connection` text COLLATE utf8_unicode_ci NOT NULL,
  `queue` text COLLATE utf8_unicode_ci NOT NULL,
  `payload` longtext COLLATE utf8_unicode_ci NOT NULL,
  `exception` longtext COLLATE utf8_unicode_ci NOT NULL,
  `failed_at` timestamp NOT NULL DEFAULT CURRENT_TIMESTAMP,
  PRIMARY KEY (`id`)
) ENGINE=InnoDB DEFAULT CHARSET=utf8 COLLATE=utf8_unicode_ci;
/*!40101 SET character_set_client = @saved_cs_client */;

--
-- Dumping data for table `failed_jobs`
--

LOCK TABLES `failed_jobs` WRITE;
/*!40000 ALTER TABLE `failed_jobs` DISABLE KEYS */;
/*!40000 ALTER TABLE `failed_jobs` ENABLE KEYS */;
UNLOCK TABLES;

--
-- Table structure for table `jobs`
--

DROP TABLE IF EXISTS `jobs`;
/*!40101 SET @saved_cs_client     = @@character_set_client */;
/*!50503 SET character_set_client = utf8mb4 */;
CREATE TABLE `jobs` (
  `id` bigint unsigned NOT NULL AUTO_INCREMENT,
  `queue` varchar(255) COLLATE utf8_unicode_ci NOT NULL,
  `payload` longtext COLLATE utf8_unicode_ci NOT NULL,
  `attempts` tinyint unsigned NOT NULL,
  `reserved_at` int unsigned DEFAULT NULL,
  `available_at` int unsigned NOT NULL,
  `created_at` int unsigned NOT NULL,
  PRIMARY KEY (`id`),
  KEY `jobs_queue_index` (`queue`)
) ENGINE=InnoDB DEFAULT CHARSET=utf8 COLLATE=utf8_unicode_ci;
/*!40101 SET character_set_client = @saved_cs_client */;

--
-- Dumping data for table `jobs`
--

LOCK TABLES `jobs` WRITE;
/*!40000 ALTER TABLE `jobs` DISABLE KEYS */;
/*!40000 ALTER TABLE `jobs` ENABLE KEYS */;
UNLOCK TABLES;

--
-- Table structure for table `journeys`
--

DROP TABLE IF EXISTS `journeys`;
/*!40101 SET @saved_cs_client     = @@character_set_client */;
/*!50503 SET character_set_client = utf8mb4 */;
CREATE TABLE `journeys` (
  `id` int unsigned NOT NULL AUTO_INCREMENT,
  `title` varchar(255) COLLATE utf8_unicode_ci DEFAULT NULL,
  `slug` varchar(255) COLLATE utf8_unicode_ci DEFAULT NULL,
  `image` varchar(255) COLLATE utf8_unicode_ci DEFAULT NULL,
  `small_description` text COLLATE utf8_unicode_ci,
  `description` text COLLATE utf8_unicode_ci,
  `image_alt` varchar(255) COLLATE utf8_unicode_ci DEFAULT NULL,
  `image_title` varchar(255) COLLATE utf8_unicode_ci DEFAULT NULL,
  `created_at` timestamp NULL DEFAULT NULL,
  `updated_at` timestamp NULL DEFAULT NULL,
  `order` int DEFAULT NULL,
  PRIMARY KEY (`id`)
) ENGINE=InnoDB AUTO_INCREMENT=11 DEFAULT CHARSET=utf8 COLLATE=utf8_unicode_ci;
/*!40101 SET character_set_client = @saved_cs_client */;

--
-- Dumping data for table `journeys`
--

LOCK TABLES `journeys` WRITE;
/*!40000 ALTER TABLE `journeys` DISABLE KEYS */;
INSERT INTO `journeys` VALUES (2,'الجمال العناية بالجسم','beauty-bodycare2','journeys/September2020/G718VaOvBEMSMUqGo5ba.png','الجمال العناية بالجسم','<p>الجمال العناية بالجسم</p>','image alt','image title','2020-09-29 14:31:19','2020-10-06 16:26:44',7),(3,'الجمال العناية بالجسم','aljmal-alanayh-baljsm','journeys/September2020/1SepMmsZsrlp5ZDYnL5k.png','الجمال العناية بالجسم','<p>وصف الجمال العناية بالجسم</p>','image alt','image title','2020-09-29 14:48:29','2020-10-06 16:26:21',6),(4,'الجمال العناية بالجسم','beauty-bodycare3','journeys/September2020/OuFR43Sa0rxxD05RL9im.png','الجمال العناية بالجسم','<p>وصف الجمال العناية بالجسم</p>','image alt','image title','2020-09-29 15:39:22','2020-10-06 16:27:39',8),(5,'الجمال العناية بالجسم','beauty-bodycare4','journeys/September2020/60AsTgUmZuo1P0QQr9vp.png','الجمال العناية بالجسم','<p>الجمال العناية بالجسم</p>','image alt','image title','2020-09-29 15:43:11','2020-10-06 16:25:56',4),(6,'الجمال العناية بالجسم','beauty-bodycare','journeys/September2020/u3lv29cQDBtx56dptDAL.png','الجمال العناية بالجسم','<p>الجمال العناية بالجسم</p>','image alt','image title','2020-09-29 15:44:20','2020-10-06 16:25:32',3),(7,'الجمال العناية بالجسم','beauty-bodycare6','journeys/September2020/sxemChz38SdlzrAK2cnL.png','الجمال العناية بالجسم','<p>الجمال العناية بالجسم</p>','image alt','image title','2020-09-29 15:45:54','2020-10-06 16:27:35',5),(8,'الجمال العناية بالجسم','beauty-bodycare7','journeys/September2020/Rf9c9lmQe3ithyxAXQwF.png','الجمال العناية بالجسم','<p>الجمال العناية بالجسم</p>','image alt','image title','2020-09-29 15:48:18','2020-10-06 16:25:05',2),(9,'الجمال العناية بالجسم','beauty-bodycare8','journeys/October2020/89yf5SXXxP2YP7N343xx.png','الجمال العناية بالجسم','<p>الجمال العناية بالجسم</p>','image alt','image title','2020-09-29 15:49:38','2020-10-11 10:52:47',1);
/*!40000 ALTER TABLE `journeys` ENABLE KEYS */;
UNLOCK TABLES;

--
-- Table structure for table `menu_items`
--

DROP TABLE IF EXISTS `menu_items`;
/*!40101 SET @saved_cs_client     = @@character_set_client */;
/*!50503 SET character_set_client = utf8mb4 */;
CREATE TABLE `menu_items` (
  `id` int unsigned NOT NULL AUTO_INCREMENT,
  `menu_id` int unsigned DEFAULT NULL,
  `title` varchar(255) COLLATE utf8_unicode_ci NOT NULL,
  `url` varchar(255) COLLATE utf8_unicode_ci NOT NULL,
  `target` varchar(255) COLLATE utf8_unicode_ci NOT NULL DEFAULT '_self',
  `icon_class` varchar(255) COLLATE utf8_unicode_ci DEFAULT NULL,
  `color` varchar(255) COLLATE utf8_unicode_ci DEFAULT NULL,
  `parent_id` int DEFAULT NULL,
  `order` int NOT NULL,
  `created_at` timestamp NULL DEFAULT NULL,
  `updated_at` timestamp NULL DEFAULT NULL,
  `route` varchar(255) COLLATE utf8_unicode_ci DEFAULT NULL,
  `parameters` text COLLATE utf8_unicode_ci,
  PRIMARY KEY (`id`),
  KEY `menu_items_menu_id_foreign` (`menu_id`),
  CONSTRAINT `menu_items_menu_id_foreign` FOREIGN KEY (`menu_id`) REFERENCES `menus` (`id`) ON DELETE CASCADE
) ENGINE=InnoDB AUTO_INCREMENT=80 DEFAULT CHARSET=utf8 COLLATE=utf8_unicode_ci;
/*!40101 SET character_set_client = @saved_cs_client */;

--
-- Dumping data for table `menu_items`
--

LOCK TABLES `menu_items` WRITE;
/*!40000 ALTER TABLE `menu_items` DISABLE KEYS */;
INSERT INTO `menu_items` VALUES (1,1,'Dashboard','','_self','voyager-dashboard','#000000',NULL,1,'2019-11-10 09:05:37','2019-11-10 09:19:52','voyager.dashboard','null'),(2,1,'Media','','_self','voyager-images','#000000',NULL,20,'2019-11-10 09:05:37','2020-09-30 12:29:23','voyager.media.index','null'),(3,1,'Users','','_self','voyager-person','#000000',16,2,'2019-11-10 09:05:37','2019-11-11 06:34:16','voyager.users.index','null'),(4,1,'Roles','','_self','voyager-lock','#000000',NULL,19,'2019-11-10 09:05:37','2020-09-30 12:29:23','voyager.roles.index','null'),(5,1,'Tools','','_self','voyager-tools','#000000',NULL,22,'2019-11-10 09:05:37','2020-09-30 12:29:23',NULL,''),(6,1,'Menu Builder','','_self','voyager-list','#000000',5,1,'2019-11-10 09:05:37','2019-11-10 09:39:35','voyager.menus.index','null'),(7,1,'Database','','_self','voyager-data','#000000',5,2,'2019-11-10 09:05:37','2019-11-10 09:39:54','voyager.database.index','null'),(8,1,'Compass','','_self','voyager-compass','#000000',5,3,'2019-11-10 09:05:37','2019-11-10 09:40:33','voyager.compass.index','null'),(9,1,'BREAD','','_self','voyager-bread','#000000',5,4,'2019-11-10 09:05:37','2019-11-10 09:40:51','voyager.bread.index','null'),(10,1,'Settings','','_self','voyager-settings','#000000',17,2,'2019-11-10 09:05:37','2020-09-30 12:29:23','voyager.settings.index','null'),(11,1,'Categories','','_self','voyager-categories','#000000',43,2,'2019-11-10 09:05:43','2020-01-29 08:36:31','voyager.categories.index','null'),(12,1,'Posts','','_self','voyager-news','#000000',43,1,'2019-11-10 09:05:44','2020-01-29 08:36:31','voyager.posts.index','null'),(13,1,'Pages','','_self','voyager-file-text','#000000',NULL,21,'2019-11-10 09:05:46','2020-09-30 12:29:23','voyager.pages.index','null'),(14,1,'Hooks','','_self','voyager-hook','#000000',5,5,'2019-11-10 09:05:48','2019-11-10 09:41:04','voyager.hooks','null'),(15,1,'Admins','','_self','voyager-person','#000000',16,1,'2019-11-11 05:35:32','2019-11-11 06:34:30','voyager.admins.index','null'),(16,1,'All Users','','_self','voyager-people','#000000',NULL,17,'2019-11-11 06:33:43','2020-09-30 12:29:23',NULL,''),(17,1,'Site Settings','','_self','voyager-settings','#000000',NULL,16,'2019-11-11 06:43:15','2020-09-30 12:29:23',NULL,''),(31,1,'Sliders','','_self','voyager-code',NULL,NULL,12,'2020-01-26 11:49:00','2020-09-30 12:30:15','voyager.sliders.index',NULL),(33,1,'Clinics','','_self','voyager-home','#000000',NULL,2,'2020-01-27 13:07:26','2020-02-09 14:03:00','voyager.clinics.index','null'),(34,1,'Services','','_self','voyager-puzzle','#000000',NULL,6,'2020-01-28 06:29:40','2020-09-29 13:51:55','voyager.services.index','null'),(36,2,'الصفحة الرئيسية','الصفحة-الرئيسية','_self',NULL,'#000000',NULL,1,'2020-01-28 11:23:39','2020-02-03 10:27:15',NULL,''),(37,2,'خدماتنا','/services','_self',NULL,'#000000',NULL,2,'2020-01-28 11:28:49','2020-02-03 10:19:31',NULL,''),(38,2,'اطبائنا','/اطبائنا','_self',NULL,'#000000',NULL,3,'2020-01-28 11:30:44','2020-02-03 10:19:31',NULL,''),(39,2,'تواصل معنا','/','_self',NULL,'#000000',NULL,5,'2020-01-28 11:31:22','2020-02-03 10:19:31',NULL,''),(40,2,'من نحن','من-نحن','_self',NULL,'#000000',NULL,7,'2020-01-28 11:31:54','2020-02-03 15:19:33',NULL,''),(41,2,'عيادتنا','/عيادتنا','_self',NULL,'#000000',NULL,4,'2020-01-28 11:33:04','2020-02-03 10:19:31',NULL,''),(42,1,'Tags','','_self','voyager-tag','#000000',43,3,'2020-01-29 05:58:30','2020-01-29 08:36:31','voyager.tags.index','null'),(43,1,'Posts','','_self','voyager-file-text','#000000',NULL,11,'2020-01-29 08:35:05','2020-09-29 13:51:55',NULL,''),(46,1,'Yaost','','_self','voyager-megaphone','#000000',NULL,10,'2020-01-30 09:29:54','2020-09-29 13:51:55','voyager.sitesettings.index','null'),(47,1,'Events','','_self','voyager-group','#000000',NULL,8,'2020-02-02 07:38:18','2020-09-29 13:51:55','voyager.events.index','null'),(49,2,'المجموعات','/المجموعات','_self',NULL,'#000000',NULL,6,'2020-02-02 15:34:43','2020-02-03 15:19:33',NULL,''),(50,2,'دكاتره','\\دكاتره','_self',NULL,'#000000',NULL,9,'2020-02-02 16:05:57','2020-02-03 15:19:31',NULL,''),(52,2,'عن الويبسايت','https://www.andalusiahjh.com/ar','_self',NULL,'#000000',NULL,10,'2020-02-03 07:03:04','2020-02-03 15:19:30',NULL,''),(54,2,'تمام','/تم__ام','_self',NULL,'#000000',NULL,8,'2020-02-03 10:19:21','2020-02-03 15:19:31',NULL,''),(58,1,'Clinic Requests','','_self','voyager-bell','#000000',59,1,'2020-02-09 08:45:13','2020-02-09 14:03:00','voyager.clinic-requests.index','null'),(61,1,'Doctors Requests','','_self','voyager-bell','#000000',60,1,'2020-02-09 08:52:35','2020-02-09 14:03:08','voyager.clinic-requests.index',NULL),(63,1,'Services Requests','voyager.clinic-requests.index','_self','voyager-bell','#000000',62,1,'2020-02-09 08:56:52','2020-02-09 14:03:18',NULL,''),(64,1,'Clinic requests','','_self','voyager-bell','#000000',NULL,7,'2020-02-09 09:08:49','2020-09-29 13:51:55','voyager.clinic-requests.index','null'),(66,1,'Andalusia Groups','','_self','voyager-documentation','#000000',17,1,'2020-02-09 12:51:57','2020-09-30 12:29:23','voyager.andalusia-groups.index','null'),(67,1,'Doctors','','_self','voyager-group','#000000',NULL,3,'2020-01-27 13:07:26','2020-02-09 14:03:00','','null'),(68,1,'Doctors','','_self','voyager-activity',NULL,67,1,'2020-04-01 06:26:54','2020-04-01 06:26:54','voyager.doctors.index',NULL),(69,1,'Working Hours','','_self','voyager-receipt',NULL,67,2,'2020-04-01 06:26:54','2020-04-01 06:26:54','voyager.workinghours.index',NULL),(70,1,'Appointments','','_self','voyager-alarm-clock',NULL,67,3,'2020-04-01 06:26:55','2020-04-01 06:26:55','voyager.appointments.index',NULL),(71,1,'Specialities','','_self','voyager-certificate',NULL,67,5,'2020-04-01 06:26:55','2020-09-29 13:51:55','voyager.specialities.index',NULL),(72,1,'Partners','','_self','voyager-photos','#000000',NULL,13,'2020-02-09 12:51:57','2020-09-30 12:30:15','voyager.partners.index',NULL),(73,1,'Testimonials','','_self','voyager-people','#000000',NULL,14,'2020-02-09 12:51:57','2020-09-30 12:30:15','voyager.testimonials.index',NULL),(74,1,'Selling points','','_self','voyager-shop','#000000',NULL,18,'2020-02-09 12:51:57','2020-09-30 12:29:23','voyager.selling-points.index',NULL),(75,1,'AppointmentNote','','_self','voyager-alarm-clock',NULL,67,4,'2020-09-17 17:03:06','2020-09-29 13:51:55','voyager.appointment-notes.index',NULL),(76,1,'Comments','','_self','voyager-file-text',NULL,NULL,9,'2020-09-17 17:03:06','2020-09-29 13:51:55','voyager.comments.index',NULL),(77,1,'Bookings','','_self','voyager-window-list','#000000',NULL,5,'2020-09-17 17:03:06','2020-09-29 13:51:55','',NULL),(78,1,'booking','','_self','voyager-window-list','#000000',NULL,4,'2020-09-17 17:03:06','2020-09-17 17:03:06','voyager.bookings.index',NULL),(79,1,'Journeys','','_self','voyager-images','#000000',NULL,15,'2020-09-29 13:50:58','2020-09-30 12:30:15','voyager.journeys.index','null');
/*!40000 ALTER TABLE `menu_items` ENABLE KEYS */;
UNLOCK TABLES;

--
-- Table structure for table `menus`
--

DROP TABLE IF EXISTS `menus`;
/*!40101 SET @saved_cs_client     = @@character_set_client */;
/*!50503 SET character_set_client = utf8mb4 */;
CREATE TABLE `menus` (
  `id` int unsigned NOT NULL AUTO_INCREMENT,
  `name` varchar(255) COLLATE utf8_unicode_ci NOT NULL,
  `created_at` timestamp NULL DEFAULT NULL,
  `updated_at` timestamp NULL DEFAULT NULL,
  PRIMARY KEY (`id`),
  UNIQUE KEY `menus_name_unique` (`name`)
) ENGINE=InnoDB AUTO_INCREMENT=3 DEFAULT CHARSET=utf8 COLLATE=utf8_unicode_ci;
/*!40101 SET character_set_client = @saved_cs_client */;

--
-- Dumping data for table `menus`
--

LOCK TABLES `menus` WRITE;
/*!40000 ALTER TABLE `menus` DISABLE KEYS */;
INSERT INTO `menus` VALUES (1,'admin','2020-04-01 06:26:52','2020-04-01 06:26:52'),(2,'site','2020-04-01 06:26:52','2020-04-01 06:26:52');
/*!40000 ALTER TABLE `menus` ENABLE KEYS */;
UNLOCK TABLES;

--
-- Table structure for table `messages`
--

DROP TABLE IF EXISTS `messages`;
/*!40101 SET @saved_cs_client     = @@character_set_client */;
/*!50503 SET character_set_client = utf8mb4 */;
CREATE TABLE `messages` (
  `id` int unsigned NOT NULL AUTO_INCREMENT,
  `message` text COLLATE utf8_unicode_ci NOT NULL,
  `is_seen` tinyint(1) NOT NULL DEFAULT '0',
  `deleted_from_sender` tinyint(1) NOT NULL DEFAULT '0',
  `deleted_from_receiver` tinyint(1) NOT NULL DEFAULT '0',
  `user_id` int NOT NULL,
  `conversation_id` int NOT NULL,
  `created_at` timestamp NULL DEFAULT NULL,
  `updated_at` timestamp NULL DEFAULT NULL,
  PRIMARY KEY (`id`)
) ENGINE=InnoDB DEFAULT CHARSET=utf8 COLLATE=utf8_unicode_ci;
/*!40101 SET character_set_client = @saved_cs_client */;

--
-- Dumping data for table `messages`
--

LOCK TABLES `messages` WRITE;
/*!40000 ALTER TABLE `messages` DISABLE KEYS */;
/*!40000 ALTER TABLE `messages` ENABLE KEYS */;
UNLOCK TABLES;

--
-- Table structure for table `migrations`
--

DROP TABLE IF EXISTS `migrations`;
/*!40101 SET @saved_cs_client     = @@character_set_client */;
/*!50503 SET character_set_client = utf8mb4 */;
CREATE TABLE `migrations` (
  `id` int unsigned NOT NULL AUTO_INCREMENT,
  `migration` varchar(255) COLLATE utf8_unicode_ci NOT NULL,
  `batch` int NOT NULL,
  PRIMARY KEY (`id`)
) ENGINE=InnoDB AUTO_INCREMENT=117 DEFAULT CHARSET=utf8 COLLATE=utf8_unicode_ci;
/*!40101 SET character_set_client = @saved_cs_client */;

--
-- Dumping data for table `migrations`
--

LOCK TABLES `migrations` WRITE;
/*!40000 ALTER TABLE `migrations` DISABLE KEYS */;
INSERT INTO `migrations` VALUES (1,'2014_10_12_000000_create_users_table',1),(2,'2014_10_12_100000_create_password_resets_table',1),(3,'2015_10_05_110608_create_messages_table',1),(4,'2015_10_05_110622_create_conversations_table',1),(5,'2016_01_01_000000_add_voyager_user_fields',1),(6,'2016_01_01_000000_create_data_types_table',1),(7,'2016_01_01_000000_create_pages_table',1),(8,'2016_01_01_000000_create_posts_table',1),(9,'2016_02_15_204651_create_categories_table',1),(10,'2016_05_19_173453_create_menu_table',1),(11,'2016_10_21_190000_create_roles_table',1),(12,'2016_10_21_190000_create_settings_table',1),(13,'2016_11_30_135954_create_permission_table',1),(14,'2016_11_30_141208_create_permission_role_table',1),(15,'2016_12_26_201236_data_types__add__server_side',1),(16,'2017_01_13_000000_add_route_to_menu_items_table',1),(17,'2017_01_14_005015_create_translations_table',1),(18,'2017_01_15_000000_make_table_name_nullable_in_permissions_table',1),(19,'2017_03_06_000000_add_controller_to_data_types_table',1),(20,'2017_04_11_000000_alter_post_nullable_fields_table',1),(21,'2017_04_21_000000_add_order_to_data_rows_table',1),(22,'2017_07_05_210000_add_policyname_to_data_types_table',1),(23,'2017_08_05_000000_add_group_to_settings_table',1),(24,'2017_11_26_013050_add_user_role_relationship',1),(25,'2017_11_26_015000_create_user_roles_table',1),(26,'2018_03_11_000000_add_user_settings',1),(27,'2018_03_14_000000_add_details_to_data_types_table',1),(28,'2018_03_16_000000_make_settings_value_nullable',1),(29,'2019_08_19_000000_create_failed_jobs_table',1),(30,'2020_01_26_1580046377_create_sliders_table',1),(31,'2020_01_27_1580130832_create_clinics_table',1),(32,'2020_01_28_082126_create_services_table',1),(33,'2020_01_28_1580202864_create_doctors_table',1),(34,'2020_01_29_1580284673_create_Tags_table',1),(35,'2020_01_29_1580284853_create_post_tag_table',1),(36,'2020_02_02_1580636169_create_events_table',1),(37,'2020_02_03_154301_create_social_accounts_table',1),(38,'2020_02_04_1580806341_add_last_name_phone_gender_address_to_users_table',1),(39,'2020_02_04_1580831332_create_post_user_table',1),(40,'2020_02_05_1580893135_create_andl_groups_table',1),(41,'2020_02_05_162605_create_notifications_table',1),(42,'2020_02_05_162605_create_surveys_table',1),(43,'2020_02_05_162606_create_survey_question_table',1),(44,'2020_02_05_162607_create_survey_answer_table',1),(45,'2020_02_05_162608_create_survey_user_info_table',1),(46,'2020_02_05_162609_create_survey_user_answer_table',1),(47,'2020_02_09_1581244986_create_clinic_requests_table',1),(48,'2020_03_01_1580284853_create_user_event_table',1),(49,'2020_03_02_1583140464_create_adminss_table',1),(50,'2020_03_02_1583140841_create_seo_settingss_table',1),(51,'2020_03_28_1585412097_add_doctor_id_to_users_table',1),(52,'2020_03_28_1585412144_add_clinic_id_to_doctors_table',1),(53,'2020_03_28_1585426557_add_email_to_doctors_table',1),(54,'2020_03_28_1585426751_add_phone_to_doctors_table',1),(55,'2020_03_28_1585434667_create_workinghours_table',1),(56,'2020_03_28_1585437347_create_appointments_table',1),(57,'2020_03_28_1585437491_add_price_duration_to_doctors_table',1),(58,'2020_03_28_1585437756_add_created_at_updated_at_to_appointments_table',1),(59,'2020_03_29_110100_create_jobs_table',1),(60,'2020_03_30_1585536239_create_specialities_table',1),(61,'2020_03_30_1585536398_add_speciality_id_to_doctors_table',1),(62,'2020_03_31_1585639842_create_photos_table',1),(63,'2020_03_31_1585642131_add_gender_to_doctors_table',1),(64,'2020_04_02_104133_create_notes_table',1),(65,'2020_04_05_1586088867_add_reset_token_to_users_table',1),(66,'2020_04_07_1586219016_add_phone_last_name_to_users_table',1),(67,'2020_04_09_1586417879_add_clinic_id_to_specialities_table',1),(68,'2020_04_13_1586779792_create_appointment_notes_table',1),(69,'2020_04_13_1586800605_add_created_by_to_appointment_notes_table',1),(70,'2020_04_15_1586939801_add_image_to_specialities_table',1),(71,'2020_04_15_1586945503_create_attachments_table',1),(72,'2020_04_16_1587026434_create_payment_table',1),(73,'2020_04_16_1587026655_create_appointment_transit_table',1),(74,'2020_04_16_1587058955_add_currency_to_doctors_table',1),(75,'2020_04_16_1587059013_add_currency_to_appointment_transits_table',1),(76,'2020_05_04_1588605682_change_attachment_in_attachments_table',1),(77,'2020_05_05_163607_add_government_id_users_table',1),(78,'2020_05_07_1588849559_add_name_description_qty_to_appointment_notes_table',1),(79,'2020_06_02_1591087129_create_comments_table',1),(80,'2020_06_07_172401_create_bookings_table',1),(81,'2020_06_09_1591703895_rename_doctor_id_to_clinic_id_to_bookings_table',1),(82,'2020_06_09_1713208888_add_doctor_id_to_bookings_table',1),(83,'2020_07_15_155357_add_seo_meta_fields_to_list_of_models_tables',1),(84,'2020_07_16_1594896802_change_booking_date_time_in_bookings_table',1),(85,'2020_07_19_172452_add_title_and_alt_columns_to_images',1),(86,'2020_09_08_1599563961_create_partners_table',1),(87,'2020_09_08_1599566535_create_selling_points_table',1),(88,'2020_09_09_1599646140_add_last_name_to_users_table',1),(89,'2020_09_09_1599654312_add_date_to_events_table',1),(90,'2020_09_10_1599727871_create_testimonials_table',1),(91,'2020_09_16_1600263288_delete_image_from_sliders_table',1),(92,'2020_09_17_1600350439_add_image_title_image_alt_to_testimonials_table',2),(93,'2020_09_22_1600762436_add_small_description_to_events_table',3),(94,'2020_09_23_1600863419_add_small_description_to_doctors_table',4),(95,'2020_09_28_1601286714_create_journeys_table',5),(96,'2020_09_29_1601387915_add_topevent_to_events_table',6),(97,'2020_10_04_1601798482_delete_name_ar_name_en_slug_ar_slug_en_from_services_table',7),(98,'2020_10_04_1601798480_add_title_slug_to_services_table',8),(99,'2020_10_04_1601804249_delete_title_ar_title_en_slug_ar_slug_en_from_events_table',9),(100,'2020_10_04_1601804249_add_title_slug_to_events_table',10),(101,'2020_10_04_1601809217_delete_title_ar_title_en_slug_ar_slug_en_from_doctors_table',11),(102,'2020_10_04_1601809217_add_title_slug_to_doctors_table',12),(103,'2020_10_06_1601981327_add_order_to_sliders_table',13),(104,'2020_10_06_1601981909_add_order_to_doctors_table',14),(105,'2020_10_06_1601982513_add_order_to_specialities_table',15),(106,'2020_10_06_1601985977_add_order_to_services_table',16),(107,'2020_10_06_1601986199_add_order_to_posts_table',17),(108,'2020_10_06_1601987252_add_order_to_journeys_table',18),(109,'2020_10_06_1601989198_add_order_to_events_table',19),(110,'2020_10_06_1601991627_add_order_to_partners_table',20),(111,'2020_10_06_1601992089_add_order_to_testimonials_table',21),(112,'2020_10_07_1602059096_add_facebook_twitter_youtube_whatsapp_instagram_to_events_table',22),(113,'2020_10_11_1602424662_add_name_slug_to_clinics_table',23),(114,'2020_10_11_1602424663_delete_name_ar_name_en_slug_ar_slug_en_from_clinics_table',24),(115,'2020_10_12_1602499304_add_is_new_to_services_table',25),(116,'2020_10_27_1603794459_add_service_icon_to_services_table',26);
/*!40000 ALTER TABLE `migrations` ENABLE KEYS */;
UNLOCK TABLES;

--
-- Table structure for table `notes`
--

DROP TABLE IF EXISTS `notes`;
/*!40101 SET @saved_cs_client     = @@character_set_client */;
/*!50503 SET character_set_client = utf8mb4 */;
CREATE TABLE `notes` (
  `id` bigint unsigned NOT NULL AUTO_INCREMENT,
  `appointment_id` int unsigned NOT NULL,
  `noteable_type` varchar(255) COLLATE utf8_unicode_ci NOT NULL,
  `noteable_id` char(36) COLLATE utf8_unicode_ci NOT NULL,
  `created_at` timestamp NULL DEFAULT NULL,
  `updated_at` timestamp NULL DEFAULT NULL,
  PRIMARY KEY (`id`),
  KEY `notes_appointment_id_foreign` (`appointment_id`),
  KEY `notes_noteable_type_noteable_id_index` (`noteable_type`,`noteable_id`),
  CONSTRAINT `notes_appointment_id_foreign` FOREIGN KEY (`appointment_id`) REFERENCES `appointments` (`id`) ON DELETE CASCADE
) ENGINE=InnoDB DEFAULT CHARSET=utf8 COLLATE=utf8_unicode_ci;
/*!40101 SET character_set_client = @saved_cs_client */;

--
-- Dumping data for table `notes`
--

LOCK TABLES `notes` WRITE;
/*!40000 ALTER TABLE `notes` DISABLE KEYS */;
/*!40000 ALTER TABLE `notes` ENABLE KEYS */;
UNLOCK TABLES;

--
-- Table structure for table `notifications`
--

DROP TABLE IF EXISTS `notifications`;
/*!40101 SET @saved_cs_client     = @@character_set_client */;
/*!50503 SET character_set_client = utf8mb4 */;
CREATE TABLE `notifications` (
  `id` bigint unsigned NOT NULL AUTO_INCREMENT,
  `user_id` bigint unsigned DEFAULT NULL,
  `image` varchar(255) COLLATE utf8_unicode_ci DEFAULT NULL,
  `thumbnail` varchar(255) COLLATE utf8_unicode_ci DEFAULT NULL,
  `link` varchar(255) COLLATE utf8_unicode_ci NOT NULL,
  `message` varchar(255) COLLATE utf8_unicode_ci NOT NULL,
  `type` enum('normal','offer') COLLATE utf8_unicode_ci NOT NULL DEFAULT 'normal',
  `is_read` tinyint(1) NOT NULL DEFAULT '0',
  `created_at` timestamp NULL DEFAULT NULL,
  `updated_at` timestamp NULL DEFAULT NULL,
  PRIMARY KEY (`id`),
  KEY `notifications_user_id_foreign` (`user_id`),
  CONSTRAINT `notifications_user_id_foreign` FOREIGN KEY (`user_id`) REFERENCES `users` (`id`) ON DELETE CASCADE
) ENGINE=InnoDB DEFAULT CHARSET=utf8 COLLATE=utf8_unicode_ci;
/*!40101 SET character_set_client = @saved_cs_client */;

--
-- Dumping data for table `notifications`
--

LOCK TABLES `notifications` WRITE;
/*!40000 ALTER TABLE `notifications` DISABLE KEYS */;
/*!40000 ALTER TABLE `notifications` ENABLE KEYS */;
UNLOCK TABLES;

--
-- Table structure for table `pages`
--

DROP TABLE IF EXISTS `pages`;
/*!40101 SET @saved_cs_client     = @@character_set_client */;
/*!50503 SET character_set_client = utf8mb4 */;
CREATE TABLE `pages` (
  `id` int unsigned NOT NULL AUTO_INCREMENT,
  `author_id` int NOT NULL,
  `title` varchar(255) COLLATE utf8_unicode_ci NOT NULL,
  `excerpt` text COLLATE utf8_unicode_ci,
  `body` text COLLATE utf8_unicode_ci,
  `image` varchar(255) COLLATE utf8_unicode_ci DEFAULT NULL,
  `slug` varchar(255) COLLATE utf8_unicode_ci NOT NULL,
  `meta_description` text COLLATE utf8_unicode_ci,
  `meta_keywords` text COLLATE utf8_unicode_ci,
  `status` enum('ACTIVE','INACTIVE') COLLATE utf8_unicode_ci NOT NULL DEFAULT 'INACTIVE',
  `created_at` timestamp NULL DEFAULT NULL,
  `updated_at` timestamp NULL DEFAULT NULL,
  PRIMARY KEY (`id`),
  UNIQUE KEY `pages_slug_unique` (`slug`)
) ENGINE=InnoDB AUTO_INCREMENT=3 DEFAULT CHARSET=utf8 COLLATE=utf8_unicode_ci;
/*!40101 SET character_set_client = @saved_cs_client */;

--
-- Dumping data for table `pages`
--

LOCK TABLES `pages` WRITE;
/*!40000 ALTER TABLE `pages` DISABLE KEYS */;
INSERT INTO `pages` VALUES (1,0,'Hello World','Hang the jib grog grog blossom grapple dance the hempen jig gangway pressgang bilge rat to go on account lugger. Nelsons folly gabion line draught scallywag fire ship gaff fluke fathom case shot. Sea Legs bilge rat sloop matey gabion long clothes run a shot across the bow Gold Road cog league.','\n\nHello World. Scallywag grog swab Cat o\'nine tails scuttle rigging hardtack cable nipper Yellow Jack. Handsomely spirits knave lad killick landlubber or just lubber deadlights chantey pinnace crack Jennys tea cup. Provost long clothes black spot Yellow Jack bilged on her anchor league lateen sail case shot lee tackle.\n\n\\n\nBallast spirits fluke topmast me quarterdeck schooner landlubber or just lubber gabion belaying pin. Pinnace stern galleon starboard warp carouser to go on account dance the hempen jig jolly boat measured fer yer chains. Man-of-war fire in the hole nipperkin handsomely doubloon barkadeer Brethren of the Coast gibbet driver squiffy.\n\n','pages/page1.jpg','hello-world','Yar Meta Description','Keyword1, Keyword2','ACTIVE','2020-04-01 06:26:54','2020-04-01 06:26:54');
/*!40000 ALTER TABLE `pages` ENABLE KEYS */;
UNLOCK TABLES;

--
-- Table structure for table `partners`
--

DROP TABLE IF EXISTS `partners`;
/*!40101 SET @saved_cs_client     = @@character_set_client */;
/*!50503 SET character_set_client = utf8mb4 */;
CREATE TABLE `partners` (
  `id` int unsigned NOT NULL AUTO_INCREMENT,
  `logo` varchar(255) COLLATE utf8_unicode_ci DEFAULT NULL,
  `link` varchar(255) COLLATE utf8_unicode_ci DEFAULT NULL,
  `image_title` varchar(255) COLLATE utf8_unicode_ci DEFAULT NULL,
  `image_alt` varchar(255) COLLATE utf8_unicode_ci DEFAULT NULL,
  `created_at` timestamp NULL DEFAULT NULL,
  `updated_at` timestamp NULL DEFAULT NULL,
  `order` int DEFAULT NULL,
  PRIMARY KEY (`id`)
) ENGINE=InnoDB AUTO_INCREMENT=6 DEFAULT CHARSET=utf8 COLLATE=utf8_unicode_ci;
/*!40101 SET character_set_client = @saved_cs_client */;

--
-- Dumping data for table `partners`
--

LOCK TABLES `partners` WRITE;
/*!40000 ALTER TABLE `partners` DISABLE KEYS */;
INSERT INTO `partners` VALUES (1,'partners/September2020/ZiWhvfDs35dnMcRCs75b.png','https://www.boss.com','image title','image alt','2020-09-20 11:47:52','2020-10-06 17:19:44',4),(2,'partners/September2020/q6yoTPe4HWXuWHx47GZA.png','https://www.youtube.com/?gl=EG','image title','image alt','2020-09-20 11:48:06','2020-10-06 17:19:42',3),(3,'partners/September2020/7b053nc64c3KhA0U9lk4.png','https://www.disney.com/','image title','image alt','2020-09-20 11:48:18','2020-10-06 17:19:26',2),(4,'partners/September2020/EEi8idGA4pOhKTacyTe3.png','celene.com','image title','image alt','2020-09-20 11:48:31','2020-10-06 17:20:07',5);
/*!40000 ALTER TABLE `partners` ENABLE KEYS */;
UNLOCK TABLES;

--
-- Table structure for table `password_resets`
--

DROP TABLE IF EXISTS `password_resets`;
/*!40101 SET @saved_cs_client     = @@character_set_client */;
/*!50503 SET character_set_client = utf8mb4 */;
CREATE TABLE `password_resets` (
  `email` varchar(255) COLLATE utf8_unicode_ci NOT NULL,
  `token` varchar(255) COLLATE utf8_unicode_ci NOT NULL,
  `created_at` timestamp NULL DEFAULT NULL,
  KEY `password_resets_email_index` (`email`)
) ENGINE=InnoDB DEFAULT CHARSET=utf8 COLLATE=utf8_unicode_ci;
/*!40101 SET character_set_client = @saved_cs_client */;

--
-- Dumping data for table `password_resets`
--

LOCK TABLES `password_resets` WRITE;
/*!40000 ALTER TABLE `password_resets` DISABLE KEYS */;
/*!40000 ALTER TABLE `password_resets` ENABLE KEYS */;
UNLOCK TABLES;

--
-- Table structure for table `payments`
--

DROP TABLE IF EXISTS `payments`;
/*!40101 SET @saved_cs_client     = @@character_set_client */;
/*!50503 SET character_set_client = utf8mb4 */;
CREATE TABLE `payments` (
  `id` int unsigned NOT NULL AUTO_INCREMENT,
  `order_id` varchar(255) COLLATE utf8_unicode_ci NOT NULL,
  `authorizationCode` varchar(255) COLLATE utf8_unicode_ci DEFAULT NULL,
  `receipt` varchar(255) COLLATE utf8_unicode_ci DEFAULT NULL,
  `terminal` varchar(255) COLLATE utf8_unicode_ci DEFAULT NULL,
  `appointment_id` int NOT NULL,
  `user_id` varchar(255) COLLATE utf8_unicode_ci NOT NULL,
  `amount_invoiced` varchar(255) COLLATE utf8_unicode_ci DEFAULT NULL,
  `amount_charged` varchar(255) COLLATE utf8_unicode_ci DEFAULT NULL,
  `currency` varchar(255) COLLATE utf8_unicode_ci NOT NULL,
  `created_at` timestamp NULL DEFAULT NULL,
  `updated_at` timestamp NULL DEFAULT NULL,
  PRIMARY KEY (`id`)
) ENGINE=InnoDB DEFAULT CHARSET=utf8 COLLATE=utf8_unicode_ci;
/*!40101 SET character_set_client = @saved_cs_client */;

--
-- Dumping data for table `payments`
--

LOCK TABLES `payments` WRITE;
/*!40000 ALTER TABLE `payments` DISABLE KEYS */;
/*!40000 ALTER TABLE `payments` ENABLE KEYS */;
UNLOCK TABLES;

--
-- Table structure for table `permission_role`
--

DROP TABLE IF EXISTS `permission_role`;
/*!40101 SET @saved_cs_client     = @@character_set_client */;
/*!50503 SET character_set_client = utf8mb4 */;
CREATE TABLE `permission_role` (
  `permission_id` bigint unsigned NOT NULL,
  `role_id` bigint unsigned NOT NULL,
  PRIMARY KEY (`permission_id`,`role_id`),
  KEY `permission_role_permission_id_index` (`permission_id`),
  KEY `permission_role_role_id_index` (`role_id`),
  CONSTRAINT `permission_role_permission_id_foreign` FOREIGN KEY (`permission_id`) REFERENCES `permissions` (`id`) ON DELETE CASCADE,
  CONSTRAINT `permission_role_role_id_foreign` FOREIGN KEY (`role_id`) REFERENCES `roles` (`id`) ON DELETE CASCADE
) ENGINE=InnoDB DEFAULT CHARSET=utf8 COLLATE=utf8_unicode_ci;
/*!40101 SET character_set_client = @saved_cs_client */;

--
-- Dumping data for table `permission_role`
--

LOCK TABLES `permission_role` WRITE;
/*!40000 ALTER TABLE `permission_role` DISABLE KEYS */;
INSERT INTO `permission_role` VALUES (1,1),(1,3),(2,1),(2,3),(3,1),(3,3),(4,1),(4,3),(5,1),(5,3),(6,1),(6,3),(7,1),(7,3),(8,1),(8,3),(9,1),(9,3),(10,1),(10,3),(11,1),(12,1),(13,1),(14,1),(15,1),(16,1),(17,1),(18,1),(19,1),(20,1),(21,1),(21,3),(22,1),(22,3),(23,1),(23,3),(24,1),(24,3),(25,1),(25,3),(26,1),(26,3),(27,1),(27,3),(28,1),(28,3),(29,1),(29,3),(30,1),(30,3),(31,1),(31,3),(32,1),(32,3),(33,1),(33,3),(34,1),(34,3),(35,1),(35,3),(41,1),(41,3),(42,1),(42,3),(43,1),(43,3),(44,1),(44,3),(45,1),(45,3),(46,1),(47,1),(48,1),(48,3),(49,1),(50,1),(56,1),(57,1),(58,1),(59,1),(60,1),(61,1),(62,1),(63,1),(64,1),(65,1),(66,1),(67,1),(68,1),(69,1),(70,1),(71,1),(72,1),(73,1),(74,1),(75,1),(76,1),(77,1),(78,1),(79,1),(80,1),(86,1),(87,1),(88,1),(89,1),(90,1),(91,1),(92,1),(93,1),(94,1),(94,3),(95,1),(95,3),(121,1),(122,1),(123,1),(124,1),(125,1),(146,1),(147,1),(148,1),(149,1),(150,1),(151,1),(152,1),(153,1),(154,1),(155,1),(157,3),(160,3),(161,1),(162,1),(163,1),(164,1),(165,1);
/*!40000 ALTER TABLE `permission_role` ENABLE KEYS */;
UNLOCK TABLES;

--
-- Table structure for table `permissions`
--

DROP TABLE IF EXISTS `permissions`;
/*!40101 SET @saved_cs_client     = @@character_set_client */;
/*!50503 SET character_set_client = utf8mb4 */;
CREATE TABLE `permissions` (
  `id` bigint unsigned NOT NULL AUTO_INCREMENT,
  `key` varchar(255) COLLATE utf8_unicode_ci NOT NULL,
  `table_name` varchar(255) CHARACTER SET utf8 COLLATE utf8_unicode_ci DEFAULT NULL,
  `created_at` timestamp NULL DEFAULT NULL,
  `updated_at` timestamp NULL DEFAULT NULL,
  PRIMARY KEY (`id`),
  KEY `permissions_key_index` (`key`)
) ENGINE=InnoDB AUTO_INCREMENT=166 DEFAULT CHARSET=utf8 COLLATE=utf8_unicode_ci;
/*!40101 SET character_set_client = @saved_cs_client */;

--
-- Dumping data for table `permissions`
--

LOCK TABLES `permissions` WRITE;
/*!40000 ALTER TABLE `permissions` DISABLE KEYS */;
INSERT INTO `permissions` VALUES (1,'browse_admin',NULL,'2020-09-17 17:03:03','2020-09-17 17:03:03'),(2,'browse_bread',NULL,'2020-09-17 17:03:03','2020-09-17 17:03:03'),(3,'browse_database',NULL,'2020-09-17 17:03:03','2020-09-17 17:03:03'),(4,'browse_media',NULL,'2020-09-17 17:03:03','2020-09-17 17:03:03'),(5,'browse_compass',NULL,'2020-09-17 17:03:03','2020-09-17 17:03:03'),(6,'browse_menus','menus','2020-09-17 17:03:03','2020-09-17 17:03:03'),(7,'read_menus','menus','2020-09-17 17:03:03','2020-09-17 17:03:03'),(8,'edit_menus','menus','2020-09-17 17:03:03','2020-09-17 17:03:03'),(9,'add_menus','menus','2020-09-17 17:03:03','2020-09-17 17:03:03'),(10,'delete_menus','menus','2020-09-17 17:03:03','2020-09-17 17:03:03'),(11,'browse_roles','roles','2020-09-17 17:03:03','2020-09-17 17:03:03'),(12,'read_roles','roles','2020-09-17 17:03:03','2020-09-17 17:03:03'),(13,'edit_roles','roles','2020-09-17 17:03:03','2020-09-17 17:03:03'),(14,'add_roles','roles','2020-09-17 17:03:03','2020-09-17 17:03:03'),(15,'delete_roles','roles','2020-09-17 17:03:03','2020-09-17 17:03:03'),(16,'browse_users','users','2020-09-17 17:03:03','2020-09-17 17:03:03'),(17,'read_users','users','2020-09-17 17:03:03','2020-09-17 17:03:03'),(18,'edit_users','users','2020-09-17 17:03:03','2020-09-17 17:03:03'),(19,'add_users','users','2020-09-17 17:03:03','2020-09-17 17:03:03'),(20,'delete_users','users','2020-09-17 17:03:03','2020-09-17 17:03:03'),(21,'browse_settings','settings','2020-09-17 17:03:03','2020-09-17 17:03:03'),(22,'read_settings','settings','2020-09-17 17:03:03','2020-09-17 17:03:03'),(23,'edit_settings','settings','2020-09-17 17:03:03','2020-09-17 17:03:03'),(24,'add_settings','settings','2020-09-17 17:03:03','2020-09-17 17:03:03'),(25,'delete_settings','settings','2020-09-17 17:03:03','2020-09-17 17:03:03'),(26,'browse_categories','categories','2020-09-17 17:03:03','2020-09-17 17:03:03'),(27,'read_categories','categories','2020-09-17 17:03:03','2020-09-17 17:03:03'),(28,'edit_categories','categories','2020-09-17 17:03:03','2020-09-17 17:03:03'),(29,'add_categories','categories','2020-09-17 17:03:03','2020-09-17 17:03:03'),(30,'delete_categories','categories','2020-09-17 17:03:03','2020-09-17 17:03:03'),(31,'browse_posts','posts','2020-09-17 17:03:03','2020-09-17 17:03:03'),(32,'read_posts','posts','2020-09-17 17:03:03','2020-09-17 17:03:03'),(33,'edit_posts','posts','2020-09-17 17:03:03','2020-09-17 17:03:03'),(34,'add_posts','posts','2020-09-17 17:03:03','2020-09-17 17:03:03'),(35,'delete_posts','posts','2020-09-17 17:03:03','2020-09-17 17:03:03'),(36,'browse_pages','pages','2020-09-17 17:03:03','2020-09-17 17:03:03'),(37,'read_pages','pages','2020-09-17 17:03:03','2020-09-17 17:03:03'),(38,'edit_pages','pages','2020-09-17 17:03:03','2020-09-17 17:03:03'),(39,'add_pages','pages','2020-09-17 17:03:03','2020-09-17 17:03:03'),(40,'delete_pages','pages','2020-09-17 17:03:03','2020-09-17 17:03:03'),(41,'browse_admins','admins','2020-09-17 17:03:03','2020-09-17 17:03:03'),(42,'read_admins','admins','2020-09-17 17:03:03','2020-09-17 17:03:03'),(43,'edit_admins','admins','2020-09-17 17:03:03','2020-09-17 17:03:03'),(44,'add_admins','admins','2020-09-17 17:03:03','2020-09-17 17:03:03'),(45,'delete_admins','admins','2020-09-17 17:03:03','2020-09-17 17:03:03'),(46,'browse_sliders','sliders','2020-09-17 17:03:03','2020-09-17 17:03:03'),(47,'read_sliders','sliders','2020-09-17 17:03:03','2020-09-17 17:03:03'),(48,'edit_sliders','sliders','2020-09-17 17:03:03','2020-09-17 17:03:03'),(49,'add_sliders','sliders','2020-09-17 17:03:03','2020-09-17 17:03:03'),(50,'delete_sliders','sliders','2020-09-17 17:03:03','2020-09-17 17:03:03'),(51,'browse_clinics','clinics','2020-09-17 17:03:03','2020-09-17 17:03:03'),(52,'read_clinics','clinics','2020-09-17 17:03:03','2020-09-17 17:03:03'),(53,'edit_clinics','clinics','2020-09-17 17:03:03','2020-09-17 17:03:03'),(54,'add_clinics','clinics','2020-09-17 17:03:03','2020-09-17 17:03:03'),(55,'delete_clinics','clinics','2020-09-17 17:03:03','2020-09-17 17:03:03'),(56,'browse_services','services','2020-09-17 17:03:03','2020-09-17 17:03:03'),(57,'read_services','services','2020-09-17 17:03:03','2020-09-17 17:03:03'),(58,'edit_services','services','2020-09-17 17:03:03','2020-09-17 17:03:03'),(59,'add_services','services','2020-09-17 17:03:03','2020-09-17 17:03:03'),(60,'delete_services','services','2020-09-17 17:03:03','2020-09-17 17:03:03'),(61,'browse_doctors','doctors','2020-09-17 17:03:03','2020-09-17 17:03:03'),(62,'read_doctors','doctors','2020-09-17 17:03:03','2020-09-17 17:03:03'),(63,'edit_doctors','doctors','2020-09-17 17:03:03','2020-09-17 17:03:03'),(64,'add_doctors','doctors','2020-09-17 17:03:03','2020-09-17 17:03:03'),(65,'delete_doctors','doctors','2020-09-17 17:03:03','2020-09-17 17:03:03'),(66,'browse_tags','tags','2020-09-17 17:03:03','2020-09-17 17:03:03'),(67,'read_tags','tags','2020-09-17 17:03:03','2020-09-17 17:03:03'),(68,'edit_tags','tags','2020-09-17 17:03:03','2020-09-17 17:03:03'),(69,'add_tags','tags','2020-09-17 17:03:03','2020-09-17 17:03:03'),(70,'delete_tags','tags','2020-09-17 17:03:03','2020-09-17 17:03:03'),(71,'browse_sitesettings','sitesettings','2020-09-17 17:03:03','2020-09-17 17:03:03'),(72,'read_sitesettings','sitesettings','2020-09-17 17:03:03','2020-09-17 17:03:03'),(73,'edit_sitesettings','sitesettings','2020-09-17 17:03:03','2020-09-17 17:03:03'),(74,'add_sitesettings','sitesettings','2020-09-17 17:03:03','2020-09-17 17:03:03'),(75,'delete_sitesettings','sitesettings','2020-09-17 17:03:03','2020-09-17 17:03:03'),(76,'browse_events','events','2020-09-17 17:03:03','2020-09-17 17:03:03'),(77,'read_events','events','2020-09-17 17:03:03','2020-09-17 17:03:03'),(78,'edit_events','events','2020-09-17 17:03:03','2020-09-17 17:03:03'),(79,'add_events','events','2020-09-17 17:03:03','2020-09-17 17:03:03'),(80,'delete_events','events','2020-09-17 17:03:03','2020-09-17 17:03:03'),(81,'browse_clinic_requests','clinic_requests','2020-09-17 17:03:03','2020-09-17 17:03:03'),(82,'read_clinic_requests','clinic_requests','2020-09-17 17:03:03','2020-09-17 17:03:03'),(83,'edit_clinic_requests','clinic_requests','2020-09-17 17:03:03','2020-09-17 17:03:03'),(84,'add_clinic_requests','clinic_requests','2020-09-17 17:03:03','2020-09-17 17:03:03'),(85,'delete_clinic_requests','clinic_requests','2020-09-17 17:03:03','2020-09-17 17:03:03'),(86,'browse_andalusia_groups','andalusia_groups','2020-09-17 17:03:03','2020-09-17 17:03:03'),(87,'read_andalusia_groups','andalusia_groups','2020-09-17 17:03:03','2020-09-17 17:03:03'),(88,'edit_andalusia_groups','andalusia_groups','2020-09-17 17:03:03','2020-09-17 17:03:03'),(89,'add_andalusia_groups','andalusia_groups','2020-09-17 17:03:03','2020-09-17 17:03:03'),(90,'delete_andalusia_groups','andalusia_groups','2020-09-17 17:03:03','2020-09-17 17:03:03'),(91,'browse_notifications','notifications','2020-09-17 17:03:03','2020-09-17 17:03:03'),(92,'read_notifications','notifications','2020-09-17 17:03:03','2020-09-17 17:03:03'),(93,'edit_notifications','notifications','2020-09-17 17:03:03','2020-09-17 17:03:03'),(94,'add_notifications','notifications','2020-09-17 17:03:03','2020-09-17 17:03:03'),(95,'delete_notifications','notifications','2020-09-17 17:03:03','2020-09-17 17:03:03'),(96,'browse_survey_question','survey_question','2020-09-17 17:03:03','2020-09-17 17:03:03'),(97,'read_survey_question','survey_question','2020-09-17 17:03:03','2020-09-17 17:03:03'),(98,'edit_survey_question','survey_question','2020-09-17 17:03:03','2020-09-17 17:03:03'),(99,'add_survey_question','survey_question','2020-09-17 17:03:03','2020-09-17 17:03:03'),(100,'delete_survey_question','survey_question','2020-09-17 17:03:03','2020-09-17 17:03:03'),(101,'browse_surveys','surveys','2020-09-17 17:03:03','2020-09-17 17:03:03'),(102,'read_surveys','surveys','2020-09-17 17:03:03','2020-09-17 17:03:03'),(103,'edit_surveys','surveys','2020-09-17 17:03:03','2020-09-17 17:03:03'),(104,'add_surveys','surveys','2020-09-17 17:03:03','2020-09-17 17:03:03'),(105,'delete_surveys','surveys','2020-09-17 17:03:03','2020-09-17 17:03:03'),(106,'browse_survey_answer','survey_answer','2020-09-17 17:03:03','2020-09-17 17:03:03'),(107,'read_survey_answer','survey_answer','2020-09-17 17:03:03','2020-09-17 17:03:03'),(108,'edit_survey_answer','survey_answer','2020-09-17 17:03:03','2020-09-17 17:03:03'),(109,'add_survey_answer','survey_answer','2020-09-17 17:03:03','2020-09-17 17:03:03'),(110,'delete_survey_answer','survey_answer','2020-09-17 17:03:03','2020-09-17 17:03:03'),(111,'browse_workinghours','workinghours','2020-09-17 17:03:03','2020-09-17 17:03:03'),(112,'read_workinghours','workinghours','2020-09-17 17:03:03','2020-09-17 17:03:03'),(113,'edit_workinghours','workinghours','2020-09-17 17:03:03','2020-09-17 17:03:03'),(114,'add_workinghours','workinghours','2020-09-17 17:03:03','2020-09-17 17:03:03'),(115,'delete_workinghours','workinghours','2020-09-17 17:03:03','2020-09-17 17:03:03'),(116,'browse_appointments','appointments','2020-09-17 17:03:03','2020-09-17 17:03:03'),(117,'read_appointments','appointments','2020-09-17 17:03:03','2020-09-17 17:03:03'),(118,'edit_appointments','appointments','2020-09-17 17:03:03','2020-09-17 17:03:03'),(119,'add_appointments','appointments','2020-09-17 17:03:03','2020-09-17 17:03:03'),(120,'delete_appointments','appointments','2020-09-17 17:03:03','2020-09-17 17:03:03'),(121,'browse_specialities','specialities','2020-09-17 17:03:03','2020-09-17 17:03:03'),(122,'read_specialities','specialities','2020-09-17 17:03:03','2020-09-17 17:03:03'),(123,'edit_specialities','specialities','2020-09-17 17:03:03','2020-09-17 17:03:03'),(124,'add_specialities','specialities','2020-09-17 17:03:03','2020-09-17 17:03:03'),(125,'delete_specialities','specialities','2020-09-17 17:03:03','2020-09-17 17:03:03'),(126,'browse_bookings','bookings','2020-09-17 17:03:03','2020-09-17 17:03:03'),(127,'read_bookings','bookings','2020-09-17 17:03:03','2020-09-17 17:03:03'),(128,'edit_bookings','bookings','2020-09-17 17:03:03','2020-09-17 17:03:03'),(129,'add_bookings','bookings','2020-09-17 17:03:03','2020-09-17 17:03:03'),(130,'delete_bookings','bookings','2020-09-17 17:03:03','2020-09-17 17:03:03'),(131,'browse_booking_phones','booking_phones','2020-09-17 17:03:03','2020-09-17 17:03:03'),(132,'read_booking_phones','booking_phones','2020-09-17 17:03:03','2020-09-17 17:03:03'),(133,'edit_booking_phones','booking_phones','2020-09-17 17:03:03','2020-09-17 17:03:03'),(134,'add_booking_phones','booking_phones','2020-09-17 17:03:03','2020-09-17 17:03:03'),(135,'delete_booking_phones','booking_phones','2020-09-17 17:03:03','2020-09-17 17:03:03'),(136,'browse_appointment_notes','appointment_notes','2020-09-17 17:03:06','2020-09-17 17:03:06'),(137,'read_appointment_notes','appointment_notes','2020-09-17 17:03:06','2020-09-17 17:03:06'),(138,'edit_appointment_notes','appointment_notes','2020-09-17 17:03:06','2020-09-17 17:03:06'),(139,'add_appointment_notes','appointment_notes','2020-09-17 17:03:06','2020-09-17 17:03:06'),(140,'delete_appointment_notes','appointment_notes','2020-09-17 17:03:06','2020-09-17 17:03:06'),(141,'browse_comments','comments','2020-09-17 17:03:06','2020-09-17 17:03:06'),(142,'read_comments','comments','2020-09-17 17:03:06','2020-09-17 17:03:06'),(143,'edit_comments','comments','2020-09-17 17:03:06','2020-09-17 17:03:06'),(144,'add_comments','comments','2020-09-17 17:03:06','2020-09-17 17:03:06'),(145,'delete_comments','comments','2020-09-17 17:03:06','2020-09-17 17:03:06'),(146,'browse_partners','partners','2020-09-17 17:03:07','2020-09-17 17:03:07'),(147,'read_partners','partners','2020-09-17 17:03:07','2020-09-17 17:03:07'),(148,'edit_partners','partners','2020-09-17 17:03:07','2020-09-17 17:03:07'),(149,'add_partners','partners','2020-09-17 17:03:07','2020-09-17 17:03:07'),(150,'delete_partners','partners','2020-09-17 17:03:07','2020-09-17 17:03:07'),(151,'browse_testimonials','testimonials','2020-09-17 17:03:07','2020-09-17 17:03:07'),(152,'read_testimonials','testimonials','2020-09-17 17:03:07','2020-09-17 17:03:07'),(153,'edit_testimonials','testimonials','2020-09-17 17:03:07','2020-09-17 17:03:07'),(154,'add_testimonials','testimonials','2020-09-17 17:03:07','2020-09-17 17:03:07'),(155,'delete_testimonials','testimonials','2020-09-17 17:03:07','2020-09-17 17:03:07'),(156,'browse_selling-points','selling-points','2020-09-17 17:03:07','2020-09-17 17:03:07'),(157,'read_selling-points','selling-points','2020-09-17 17:03:07','2020-09-17 17:03:07'),(158,'edit_selling-points','selling-points','2020-09-17 17:03:07','2020-09-17 17:03:07'),(159,'add_selling-points','selling-points','2020-09-17 17:03:07','2020-09-17 17:03:07'),(160,'delete_selling-points','selling-points','2020-09-17 17:03:07','2020-09-17 17:03:07'),(161,'browse_journeys','journeys','2020-09-29 13:29:08','2020-09-29 13:29:08'),(162,'read_journeys','journeys','2020-09-29 13:29:08','2020-09-29 13:29:08'),(163,'edit_journeys','journeys','2020-09-29 13:29:08','2020-09-29 13:29:08'),(164,'add_journeys','journeys','2020-09-29 13:29:08','2020-09-29 13:29:08'),(165,'delete_journeys','journeys','2020-09-29 13:29:08','2020-09-29 13:29:08');
/*!40000 ALTER TABLE `permissions` ENABLE KEYS */;
UNLOCK TABLES;

--
-- Table structure for table `photos`
--

DROP TABLE IF EXISTS `photos`;
/*!40101 SET @saved_cs_client     = @@character_set_client */;
/*!50503 SET character_set_client = utf8mb4 */;
CREATE TABLE `photos` (
  `id` int unsigned NOT NULL AUTO_INCREMENT,
  `doctor_id` int unsigned NOT NULL,
  `photo` varchar(250) COLLATE utf8_unicode_ci NOT NULL,
  `created_at` timestamp NULL DEFAULT NULL,
  `updated_at` timestamp NULL DEFAULT NULL,
  PRIMARY KEY (`id`)
) ENGINE=InnoDB DEFAULT CHARSET=utf8 COLLATE=utf8_unicode_ci;
/*!40101 SET character_set_client = @saved_cs_client */;

--
-- Dumping data for table `photos`
--

LOCK TABLES `photos` WRITE;
/*!40000 ALTER TABLE `photos` DISABLE KEYS */;
/*!40000 ALTER TABLE `photos` ENABLE KEYS */;
UNLOCK TABLES;

--
-- Table structure for table `post_tag`
--

DROP TABLE IF EXISTS `post_tag`;
/*!40101 SET @saved_cs_client     = @@character_set_client */;
/*!50503 SET character_set_client = utf8mb4 */;
CREATE TABLE `post_tag` (
  `id` int unsigned NOT NULL AUTO_INCREMENT,
  `post_id` int DEFAULT NULL,
  `tag_id` int DEFAULT NULL,
  `created_at` timestamp NULL DEFAULT NULL,
  `updated_at` timestamp NULL DEFAULT NULL,
  PRIMARY KEY (`id`)
) ENGINE=InnoDB AUTO_INCREMENT=24 DEFAULT CHARSET=utf8 COLLATE=utf8_unicode_ci;
/*!40101 SET character_set_client = @saved_cs_client */;

--
-- Dumping data for table `post_tag`
--

LOCK TABLES `post_tag` WRITE;
/*!40000 ALTER TABLE `post_tag` DISABLE KEYS */;
INSERT INTO `post_tag` VALUES (3,5,1,NULL,NULL),(11,11,2,NULL,NULL),(12,10,3,NULL,NULL),(13,9,3,NULL,NULL),(14,8,3,NULL,NULL),(15,7,4,NULL,NULL),(16,6,4,NULL,NULL),(17,4,4,NULL,NULL),(18,3,3,NULL,NULL),(19,2,4,NULL,NULL),(20,1,3,NULL,NULL),(21,13,3,NULL,NULL),(22,14,3,NULL,NULL),(23,15,3,NULL,NULL);
/*!40000 ALTER TABLE `post_tag` ENABLE KEYS */;
UNLOCK TABLES;

--
-- Table structure for table `post_user`
--

DROP TABLE IF EXISTS `post_user`;
/*!40101 SET @saved_cs_client     = @@character_set_client */;
/*!50503 SET character_set_client = utf8mb4 */;
CREATE TABLE `post_user` (
  `id` int unsigned NOT NULL AUTO_INCREMENT,
  `post_id` int DEFAULT NULL,
  `user_id` int DEFAULT NULL,
  PRIMARY KEY (`id`)
) ENGINE=InnoDB DEFAULT CHARSET=utf8 COLLATE=utf8_unicode_ci;
/*!40101 SET character_set_client = @saved_cs_client */;

--
-- Dumping data for table `post_user`
--

LOCK TABLES `post_user` WRITE;
/*!40000 ALTER TABLE `post_user` DISABLE KEYS */;
/*!40000 ALTER TABLE `post_user` ENABLE KEYS */;
UNLOCK TABLES;

--
-- Table structure for table `posts`
--

DROP TABLE IF EXISTS `posts`;
/*!40101 SET @saved_cs_client     = @@character_set_client */;
/*!50503 SET character_set_client = utf8mb4 */;
CREATE TABLE `posts` (
  `id` int unsigned NOT NULL AUTO_INCREMENT,
  `author_id` int NOT NULL,
  `category_id` int DEFAULT NULL,
  `title` varchar(255) COLLATE utf8_unicode_ci NOT NULL,
  `seo_title` varchar(255) COLLATE utf8_unicode_ci DEFAULT NULL,
  `excerpt` text CHARACTER SET utf8 COLLATE utf8_unicode_ci,
  `body` text COLLATE utf8_unicode_ci NOT NULL,
  `image` varchar(255) COLLATE utf8_unicode_ci DEFAULT NULL,
  `slug` varchar(255) COLLATE utf8_unicode_ci NOT NULL,
  `meta_description` text CHARACTER SET utf8 COLLATE utf8_unicode_ci,
  `meta_keywords` text CHARACTER SET utf8 COLLATE utf8_unicode_ci,
  `status` enum('PUBLISHED','DRAFT','PENDING') COLLATE utf8_unicode_ci NOT NULL DEFAULT 'DRAFT',
  `featured` tinyint(1) NOT NULL DEFAULT '0',
  `created_at` timestamp NULL DEFAULT NULL,
  `updated_at` timestamp NULL DEFAULT NULL,
  `facebook_title` varchar(255) COLLATE utf8_unicode_ci DEFAULT NULL,
  `facebook_description` varchar(255) COLLATE utf8_unicode_ci DEFAULT NULL,
  `facebook_image` varchar(255) COLLATE utf8_unicode_ci DEFAULT NULL,
  `twitter_title` varchar(255) COLLATE utf8_unicode_ci DEFAULT NULL,
  `twitter_description` varchar(255) COLLATE utf8_unicode_ci DEFAULT NULL,
  `twitter_image` varchar(255) COLLATE utf8_unicode_ci DEFAULT NULL,
  `image_title` varchar(255) COLLATE utf8_unicode_ci DEFAULT NULL,
  `image_alt` varchar(255) COLLATE utf8_unicode_ci DEFAULT NULL,
  `order` int DEFAULT NULL,
  PRIMARY KEY (`id`),
  UNIQUE KEY `posts_slug_unique` (`slug`)
) ENGINE=InnoDB AUTO_INCREMENT=16 DEFAULT CHARSET=utf8 COLLATE=utf8_unicode_ci;
/*!40101 SET character_set_client = @saved_cs_client */;

--
-- Dumping data for table `posts`
--

LOCK TABLES `posts` WRITE;
/*!40000 ALTER TABLE `posts` DISABLE KEYS */;
INSERT INTO `posts` VALUES (2,1,1,'عالم مستحضرات التجميل','','وصف صغير عالم مستحضرات التجميل','<p>وصف عالم مستحضرات التجميل</p>','posts/September2020/VhgpYsBhL1aI5TCqkzPo.png','aalm-msthdhrat-altjmyl','','','PUBLISHED',0,'2020-09-20 14:53:27','2020-10-06 18:23:52',NULL,NULL,NULL,NULL,NULL,NULL,'Image title','Image alt',1),(3,1,1,'The cosmetics world title','','Est diam debitis an, error recusabo id pro, quo\neripuit civibus ut. Mel ut tamquam erroribus, ad\nnonumy vituperata mei.Et','<p>Est diam debitis an, error recusabo id pro, quo</p>\n<p>eripuit civibus ut. Mel ut tamquam erroribus, ad</p>\n<p>nonumy vituperata mei.Et</p>','posts/September2020/DUVCpZ6pSCFD9AGPu3aO.png','the-cosmetics-world-title','','','PUBLISHED',0,'2020-09-20 14:54:29','2020-10-06 18:09:27',NULL,NULL,NULL,NULL,NULL,NULL,NULL,NULL,9),(4,1,2,'The cosmetics world title title','','Est diam debitis an, error recusabo id pro, quo\neripuit civibus ut. Mel ut tamquam erroribus, ad\nnonumy vituperata mei.Et','<p>Est diam debitis an, error recusabo id pro, quo</p>\n<p>eripuit civibus ut. Mel ut tamquam erroribus, ad</p>\n<p>nonumy vituperata mei.Et</p>','posts/September2020/FpXuE2cQls2OsTu8Nasi.png','the-cosmetics-world-title-title','','','PUBLISHED',0,'2020-09-20 14:54:59','2020-10-06 18:09:24',NULL,NULL,NULL,NULL,NULL,NULL,NULL,NULL,8),(7,1,2,'The cosmetics world title title title title','','Est diam debitis an, error recusabo id pro, quo\neripuit civibus ut. Mel ut tamquam erroribus, ad\nnonumy vituperata mei.Et','<p>Est diam debitis an, error recusabo id pro, quo</p>\n<p>eripuit civibus ut. Mel ut tamquam erroribus, ad</p>\n<p>nonumy vituperata mei.Et</p>','posts/September2020/DWB0jk7s7DblyBTjyuuq.png','the-cosmetics-world-title-title-title-title','','','PUBLISHED',0,'2020-09-28 17:40:58','2020-10-06 18:09:22',NULL,NULL,NULL,NULL,NULL,NULL,NULL,NULL,7),(8,1,2,'The cosmetics world title title title title title','','','<p>Est diam debitis an, error recusabo id pro, quo</p>\n<p>eripuit civibus ut. Mel ut tamquam erroribus, ad</p>\n<p>nonumy vituperata mei.Et</p>','posts/September2020/0q3880XwzYALuYKO9uxU.png','the-cosmetics-world-title-title-title-title-title','','','PUBLISHED',0,'2020-09-28 17:44:56','2020-10-06 18:09:17',NULL,NULL,NULL,NULL,NULL,NULL,NULL,NULL,6),(9,1,1,'The cosmetics world title title title title title title','','Est diam debitis an, error recusabo id pro, quo\neripuit civibus ut. Mel ut tamquam erroribus, ad\nnonumy vituperata mei.Et','<p>Est diam debitis an, error recusabo id pro, quo</p>\n<p>eripuit civibus ut. Mel ut tamquam erroribus, ad</p>\n<p>nonumy vituperata mei.Et</p>','posts/September2020/78x6sFMe3gqMP6LAk5NC.png','the-cosmetics-world-title-title-title-title-title-title','','','PUBLISHED',0,'2020-09-28 17:47:40','2020-10-06 18:09:14',NULL,NULL,NULL,NULL,NULL,NULL,NULL,NULL,5),(10,1,1,'العناية بالصحة','','','','posts/September2020/nxPbVLL73kz8cEp845bo.png','alanayh-balshh','','','PUBLISHED',0,'2020-09-28 17:49:41','2020-10-06 18:27:23',NULL,NULL,NULL,NULL,NULL,NULL,NULL,NULL,10),(13,1,3,'وجه','SEO Title','وصف عربى صغير','<p>نص عربى</p>','posts/September2020/4OGEDzLBa8RARzaivV56.png','wjh','Meta Description','Meta Keywords','PUBLISHED',0,'2020-09-30 14:01:45','2020-10-06 18:09:08','Facebook title','Facebook description',NULL,'Twitter title','Twitter description',NULL,'image title','image alt',3),(14,1,3,'تخسيس','','وصف صغير تخسيس','<p>وصف تخسيس</p>','posts/October2020/tYwlHwMHQ0rjYXtEtrRN.png','tkhsys','','','PUBLISHED',0,'2020-10-01 12:10:10','2020-10-06 18:09:06',NULL,NULL,NULL,NULL,NULL,NULL,NULL,NULL,2),(15,1,3,'لياقة بدنية','','وصف ضغير لياقة بدنية','<p>وصف لياقة بدنية</p>','posts/October2020/cZuUAmadcrstSrzP6bk3.png','lyaqh-bdnyh','Meta Description','Meta Keywords','PUBLISHED',0,'2020-10-01 12:14:08','2020-10-11 10:51:58',NULL,NULL,NULL,NULL,NULL,NULL,NULL,NULL,1);
/*!40000 ALTER TABLE `posts` ENABLE KEYS */;
UNLOCK TABLES;

--
-- Table structure for table `roles`
--

DROP TABLE IF EXISTS `roles`;
/*!40101 SET @saved_cs_client     = @@character_set_client */;
/*!50503 SET character_set_client = utf8mb4 */;
CREATE TABLE `roles` (
  `id` bigint unsigned NOT NULL AUTO_INCREMENT,
  `name` varchar(255) COLLATE utf8_unicode_ci NOT NULL,
  `display_name` varchar(255) COLLATE utf8_unicode_ci NOT NULL,
  `created_at` timestamp NULL DEFAULT NULL,
  `updated_at` timestamp NULL DEFAULT NULL,
  PRIMARY KEY (`id`),
  UNIQUE KEY `roles_name_unique` (`name`)
) ENGINE=InnoDB AUTO_INCREMENT=5 DEFAULT CHARSET=utf8 COLLATE=utf8_unicode_ci;
/*!40101 SET character_set_client = @saved_cs_client */;

--
-- Dumping data for table `roles`
--

LOCK TABLES `roles` WRITE;
/*!40000 ALTER TABLE `roles` DISABLE KEYS */;
INSERT INTO `roles` VALUES (1,'admin','Administrator','2020-09-17 17:03:03','2020-09-17 17:03:03'),(2,'user','Normal User','2020-09-17 17:03:03','2020-09-17 17:03:03'),(3,'TYETS','TESTAWY','2020-09-22 16:59:25','2020-09-22 16:59:25');
/*!40000 ALTER TABLE `roles` ENABLE KEYS */;
UNLOCK TABLES;

--
-- Table structure for table `selling_points`
--

DROP TABLE IF EXISTS `selling_points`;
/*!40101 SET @saved_cs_client     = @@character_set_client */;
/*!50503 SET character_set_client = utf8mb4 */;
CREATE TABLE `selling_points` (
  `id` int unsigned NOT NULL AUTO_INCREMENT,
  `logo` varchar(255) COLLATE utf8_unicode_ci DEFAULT NULL,
  `title` varchar(255) COLLATE utf8_unicode_ci DEFAULT NULL,
  `description` text COLLATE utf8_unicode_ci,
  `created_at` timestamp NULL DEFAULT NULL,
  `updated_at` timestamp NULL DEFAULT NULL,
  PRIMARY KEY (`id`)
) ENGINE=InnoDB DEFAULT CHARSET=utf8 COLLATE=utf8_unicode_ci;
/*!40101 SET character_set_client = @saved_cs_client */;

--
-- Dumping data for table `selling_points`
--

LOCK TABLES `selling_points` WRITE;
/*!40000 ALTER TABLE `selling_points` DISABLE KEYS */;
/*!40000 ALTER TABLE `selling_points` ENABLE KEYS */;
UNLOCK TABLES;

--
-- Table structure for table `seo_settings`
--

DROP TABLE IF EXISTS `seo_settings`;
/*!40101 SET @saved_cs_client     = @@character_set_client */;
/*!50503 SET character_set_client = utf8mb4 */;
CREATE TABLE `seo_settings` (
  `id` int unsigned NOT NULL AUTO_INCREMENT,
  `key` varchar(255) COLLATE utf8_unicode_ci NOT NULL,
  `display_name` varchar(255) COLLATE utf8_unicode_ci NOT NULL,
  `value` text COLLATE utf8_unicode_ci,
  `details` text COLLATE utf8_unicode_ci,
  `type` varchar(255) COLLATE utf8_unicode_ci NOT NULL,
  `order` int NOT NULL DEFAULT '1',
  `group` varchar(255) COLLATE utf8_unicode_ci DEFAULT NULL,
  PRIMARY KEY (`id`)
) ENGINE=InnoDB AUTO_INCREMENT=70 DEFAULT CHARSET=utf8 COLLATE=utf8_unicode_ci;
/*!40101 SET character_set_client = @saved_cs_client */;

--
-- Dumping data for table `seo_settings`
--

LOCK TABLES `seo_settings` WRITE;
/*!40000 ALTER TABLE `seo_settings` DISABLE KEYS */;
INSERT INTO `seo_settings` VALUES (3,'title-meta.Title_Separator','Title Separator','|','\\n            {\\n    \"default\" : \"|\",\\n    \"options\" : {\\n        \"-\": \"-\",\\n        \"_\": \"_\",\\n        \"__\": \"__\",\\n        \".\": \".\",\\n        \"*\": \"*\",\\n        \"|\": \"|\",\\n        \"~\": \"~\",\\n        \"<\": \"<\",\\n        \">\": \">\",\\n        \"«\": \"«\",\\n        \"»\": \"»\"\\n    }\\n    }\\n            ','select_dropdown',2,'Title & Meta'),(4,'title-meta.Title_template','Title template',NULL,NULL,'text',1,'Title & Meta'),(5,'title-meta.meta_description_template','Meta description template',NULL,NULL,'text_area',3,'Title & Meta'),(9,'social.Facebook_page_uRL','Facebook Page URL','http://facebook.com',NULL,'text',5,'Social'),(10,'social.Twitter_username','Twitter Username','http://twitter.com',NULL,'text',6,'Social'),(11,'social.Instagram_uRL','Instagram URL','http://instagram.com',NULL,'text',7,'Social'),(12,'social.LinkedIn_uRL','LinkedIn URL','http://linkedin.com',NULL,'text',8,'Social'),(13,'social.YouTube_uRL','YouTube URL','http://youtube.com',NULL,'text',9,'Social'),(14,'open-graph.title','title',NULL,NULL,'text',10,'Open Graph'),(15,'open-graph.description','description',NULL,NULL,'text',11,'Open Graph'),(16,'open-graph.url','url',NULL,NULL,'text',12,'Open Graph'),(17,'open-graph.image','image','settings\\February2020\\7GifG2E3SPoOjatdYazK.jpg',NULL,'image',13,'Open Graph'),(19,'open-graph.image:secure_url','image:secure_url','settings\\February2020\\dfBs9bkLbAyjymF0AZ5J.jpg',NULL,'image',14,'Open Graph'),(20,'twitter.cart','cart',NULL,NULL,'text',15,'Twitter'),(21,'twitter.title','title',NULL,NULL,'text',16,'Twitter'),(22,'twitter.description','description',NULL,NULL,'text',17,'Twitter'),(23,'twitter.site','site',NULL,NULL,'text',18,'Twitter'),(24,'twitter.image','image','settings\\February2020\\BNMlDDtOFWtAWA76EuZF.jpg',NULL,'image',19,'Twitter'),(25,'clinics.meta.title','Clinics Meta title','',NULL,'text',31,'Clinics Metas'),(26,'clinics.meta.description','Clinics Meta description','',NULL,'text',32,'Clinics Metas'),(27,'clinics.meta.keywords','Clinics Meta keywords','',NULL,'text',33,'Clinics Metas'),(28,'clinics.facebook.title','Clinics Facebook title','',NULL,'text',34,'Clinics Metas'),(29,'clinics.facebook.description','Clinics Facebook description','',NULL,'text',35,'Clinics Metas'),(30,'clinics.facebook.image','Clinics Facebook image','',NULL,'image',36,'Clinics Metas'),(31,'clinics.twitter.title','Clinics Twitter title','',NULL,'text',37,'Clinics Metas'),(32,'clinics.twitter.description','Clinics Twitter description','',NULL,'text',38,'Clinics Metas'),(33,'clinics.twitter.image','Clinics Twitter image','',NULL,'image',39,'Clinics Metas'),(34,'doctors.meta.title','Doctors Meta title','',NULL,'text',40,'Doctors Metas'),(35,'doctors.meta.description','Doctors Meta description','',NULL,'text',41,'Doctors Metas'),(36,'doctors.meta.keywords','Doctors Meta keywords','',NULL,'text',42,'Doctors Metas'),(37,'doctors.facebook.title','Doctors Facebook title','',NULL,'text',43,'Doctors Metas'),(38,'doctors.facebook.description','Doctors Facebook description','',NULL,'text',44,'Doctors Metas'),(39,'doctors.facebook.image','Doctors Facebook image','',NULL,'image',45,'Doctors Metas'),(40,'doctors.twitter.title','Doctors Twitter title','',NULL,'text',46,'Doctors Metas'),(41,'doctors.twitter.description','Doctors Twitter description','',NULL,'text',47,'Doctors Metas'),(42,'doctors.twitter.image','Doctors Twitter image','',NULL,'image',48,'Doctors Metas'),(43,'services.meta.title','Services Meta title','',NULL,'text',49,'Services Metas'),(44,'services.meta.description','Services Meta description','',NULL,'text',50,'Services Metas'),(45,'services.meta.keywords','Services Meta keywords','',NULL,'text',51,'Services Metas'),(46,'services.facebook.title','Services Facebook title','',NULL,'text',52,'Services Metas'),(47,'services.facebook.description','Services Facebook description','',NULL,'text',53,'Services Metas'),(48,'services.facebook.image','Services Facebook image','',NULL,'image',54,'Services Metas'),(49,'services.twitter.title','Services Twitter title','',NULL,'text',55,'Services Metas'),(50,'services.twitter.description','Services Twitter description','',NULL,'text',56,'Services Metas'),(51,'services.twitter.image','Services Twitter image','',NULL,'image',57,'Services Metas'),(52,'posts.meta.title','Posts Meta title','',NULL,'text',58,'Posts Metas'),(53,'posts.meta.description','Posts Meta description','',NULL,'text',59,'Posts Metas'),(54,'posts.meta.keywords','Posts Meta keywords','',NULL,'text',60,'Posts Metas'),(55,'posts.facebook.title','Posts Facebook title','',NULL,'text',61,'Posts Metas'),(56,'posts.facebook.description','Posts Facebook description','',NULL,'text',62,'Posts Metas'),(57,'posts.facebook.image','Posts Facebook image','',NULL,'image',63,'Posts Metas'),(58,'posts.twitter.title','Posts Twitter title','',NULL,'text',64,'Posts Metas'),(59,'posts.twitter.description','Posts Twitter description','',NULL,'text',65,'Posts Metas'),(60,'posts.twitter.image','Posts Twitter image','',NULL,'image',66,'Posts Metas'),(61,'events.meta.title','Events Meta title','',NULL,'text',67,'Events Metas'),(62,'events.meta.description','Events Meta description','',NULL,'text',68,'Events Metas'),(63,'events.meta.keywords','Events Meta keywords','',NULL,'text',69,'Events Metas'),(64,'events.facebook.title','Events Facebook title','',NULL,'text',70,'Events Metas'),(65,'events.facebook.description','Events Facebook description','',NULL,'text',71,'Events Metas'),(66,'events.facebook.image','Events Facebook image','',NULL,'image',72,'Events Metas'),(67,'events.twitter.title','Events Twitter title','',NULL,'text',73,'Events Metas'),(68,'events.twitter.description','Events Twitter description','',NULL,'text',74,'Events Metas'),(69,'events.twitter.image','Events Twitter image','',NULL,'image',75,'Events Metas');
/*!40000 ALTER TABLE `seo_settings` ENABLE KEYS */;
UNLOCK TABLES;

--
-- Table structure for table `services`
--

DROP TABLE IF EXISTS `services`;
/*!40101 SET @saved_cs_client     = @@character_set_client */;
/*!50503 SET character_set_client = utf8mb4 */;
CREATE TABLE `services` (
  `id` int unsigned NOT NULL AUTO_INCREMENT,
  `small_description` text COLLATE utf8_unicode_ci,
  `description` longtext COLLATE utf8_unicode_ci,
  `photo` varchar(255) COLLATE utf8_unicode_ci DEFAULT NULL,
  `meta_keywords` longtext COLLATE utf8_unicode_ci,
  `meta_description` longtext COLLATE utf8_unicode_ci,
  `status` int DEFAULT '0',
  `created_at` timestamp NULL DEFAULT NULL,
  `updated_at` timestamp NULL DEFAULT NULL,
  `facebook_title` varchar(255) COLLATE utf8_unicode_ci DEFAULT NULL,
  `facebook_description` varchar(255) COLLATE utf8_unicode_ci DEFAULT NULL,
  `facebook_image` varchar(255) COLLATE utf8_unicode_ci DEFAULT NULL,
  `twitter_title` varchar(255) COLLATE utf8_unicode_ci DEFAULT NULL,
  `twitter_description` varchar(255) COLLATE utf8_unicode_ci DEFAULT NULL,
  `twitter_image` varchar(255) COLLATE utf8_unicode_ci DEFAULT NULL,
  `image_title` varchar(255) COLLATE utf8_unicode_ci DEFAULT NULL,
  `image_alt` varchar(255) COLLATE utf8_unicode_ci DEFAULT NULL,
  `title` varchar(255) COLLATE utf8_unicode_ci DEFAULT NULL,
  `slug` varchar(255) COLLATE utf8_unicode_ci DEFAULT NULL,
  `order` int DEFAULT NULL,
  `is_new` int DEFAULT NULL,
  `service_icon` varchar(255) COLLATE utf8_unicode_ci DEFAULT NULL,
  PRIMARY KEY (`id`)
) ENGINE=InnoDB AUTO_INCREMENT=6 DEFAULT CHARSET=utf8 COLLATE=utf8_unicode_ci;
/*!40101 SET character_set_client = @saved_cs_client */;

--
-- Dumping data for table `services`
--

LOCK TABLES `services` WRITE;
/*!40000 ALTER TABLE `services` DISABLE KEYS */;
INSERT INTO `services` VALUES (3,'وصف صغير عناية بالبشرة','<div class=\"serv-content position-relative\" style=\"background-image: url(\'https://admin.alwstage.tk/storage/services/October2020/NuaCTn4ZuYLCHqeV6Y2j.png\');\">\n<div class=\"d-none d-sm-block\">&nbsp;</div>\n<div class=\"container-fluid cont\">\n<div class=\"row\">\n<div class=\"col-md-12\">\n<h3 class=\"text-center text-capitalize mb-5\">أسنان<span style=\"color: #daa358;\">تبييض</span></h3>\n</div>\n<div class=\"col-md-6\">&nbsp;</div>\n<div class=\"col-md-6\">\n<p>ن حذاء Nike Air Max 270 ، وهو أول وحدة هوائية لنمط الحياة من Nike ، هو توازن القديم والجديد. صُممت لتحمل الارتداء طوال اليوم لممارسة الرياضة نمط الحياة ، لديه تصميم وميزات مع وضع الأداء في الاعتبار دون الحاجة إلى التضحية بأسلوب لا غنى عنه مثل Air Max المتابعون يتوقون إليه. يتباهى بهواء كعب مبالغ فيه الوحدة (الأطول حتى الآن قياس 32 مم) ، وهي عبارة عن حذاء رياضي ، وجزء علوي منسوج وشبك قابل للتنفس في العديد من الألوان بشكل جماعي يدلي ببيان ويعطي الصورة الظلية توقيعًا المظهر الذي حصل على موافقة مدراء الأحذية الرياضية ، Nike Air Max المتابعين ، وسوق الأحذية الرياضية بشكل عام.</p>\n</div>\n</div>\n<div class=\"row\">\n<div class=\"col-md-12\">\n<h3 class=\"text-center text-capitalize mb-5\">اسنان <span style=\"color: #daa358;\">تبييض</span></h3>\n</div>\n<div class=\"col-md-6\">&nbsp;</div>\n<div class=\"col-md-6\">\n<p>ن حذاء Nike Air Max 270 ، وهو أول وحدة هوائية لنمط الحياة من Nike ، هو توازن القديم والجديد. صُممت لتحمل الارتداء طوال اليوم لممارسة الرياضة نمط الحياة ، لديه تصميم وميزات مع وضع الأداء في الاعتبار دون الحاجة إلى التضحية بأسلوب لا غنى عنه مثل Air Max المتابعون يتوقون إليه. يتباهى بهواء كعب مبالغ فيه الوحدة (الأطول حتى الآن قياس 32 مم) ، وهي عبارة عن حذاء رياضي ، وجزء علوي منسوج وشبك قابل للتنفس في العديد من الألوان بشكل جماعي يدلي ببيان ويعطي الصورة الظلية توقيعًا المظهر الذي حصل على موافقة مدراء الأحذية الرياضية ، Nike Air Max المتابعين ، وسوق الأحذية الرياضية بشكل عام.</p>\n</div>\n</div>\n<div class=\"row\">\n<div class=\"col-md-12\">\n<h3 class=\"text-center text-capitalize mb-5\"><span style=\"color: #daa358;\">تبييض</span></h3>\n</div>\n<div class=\"col-md-6\">&nbsp;</div>\n<div class=\"col-md-6\">\n<p>ن حذاء Nike Air Max 270 ، وهو أول وحدة هوائية لنمط الحياة من Nike ، هو توازن القديم والجديد. صُممت لتحمل الارتداء طوال اليوم لممارسة الرياضة نمط الحياة ، لديه تصميم وميزات مع وضع الأداء في الاعتبار دون الحاجة إلى التضحية بأسلوب لا غنى عنه مثل Air Max المتابعون يتوقون إليه. يتباهى بهواء كعب مبالغ فيه الوحدة (الأطول حتى الآن قياس 32 مم) ، وهي عبارة عن حذاء رياضي ، وجزء علوي منسوج وشبك قابل للتنفس في العديد من الألوان بشكل جماعي يدلي ببيان ويعطي الصورة الظلية توقيعًا المظهر الذي حصل على موافقة مدراء الأحذية الرياضية ، Nike Air Max المتابعين ، وسوق الأحذية الرياضية بشكل عام.</p>\n</div>\n</div>\n</div>\n</div>','services/October2020/NuaCTn4ZuYLCHqeV6Y2j.png','Meta Keywords ar','وصف ميتا عربى',1,'2020-09-20 11:53:00','2020-10-12 14:21:38',NULL,NULL,NULL,NULL,NULL,NULL,'image title','image alt','عناية بالبشرة','عناية-بالبشرة',3,1,NULL),(4,'Small Description ar','<div class=\"serv-content position-relative\" style=\"background-image: url(\'https://admin.alwstage.tk/storage/services/October2020/rV9BB7cFYKlSdB04R9rO.png\');\">\n<div class=\"d-none d-sm-block\">&nbsp;</div>\n<div class=\"container-fluid cont\">\n<div class=\"row\">\n<div class=\"col-md-12\">\n<h3 class=\"text-center text-capitalize mb-5\">أسنان<span style=\"color: #daa358;\">تبييض</span></h3>\n</div>\n<div class=\"col-md-6\">&nbsp;</div>\n<div class=\"col-md-6\">\n<p>ن حذاء Nike Air Max 270 ، وهو أول وحدة هوائية لنمط الحياة من Nike ، هو توازن القديم والجديد. صُممت لتحمل الارتداء طوال اليوم لممارسة الرياضة نمط الحياة ، لديه تصميم وميزات مع وضع الأداء في الاعتبار دون الحاجة إلى التضحية بأسلوب لا غنى عنه مثل Air Max المتابعون يتوقون إليه. يتباهى بهواء كعب مبالغ فيه الوحدة (الأطول حتى الآن قياس 32 مم) ، وهي عبارة عن حذاء رياضي ، وجزء علوي منسوج وشبك قابل للتنفس في العديد من الألوان بشكل جماعي يدلي ببيان ويعطي الصورة الظلية توقيعًا المظهر الذي حصل على موافقة مدراء الأحذية الرياضية ، Nike Air Max المتابعين ، وسوق الأحذية الرياضية بشكل عام.</p>\n</div>\n</div>\n<div class=\"row\">\n<div class=\"col-md-12\">\n<h3 class=\"text-center text-capitalize mb-5\">اسنان <span style=\"color: #daa358;\">تبييض</span></h3>\n</div>\n<div class=\"col-md-6\">&nbsp;</div>\n<div class=\"col-md-6\">\n<p>ن حذاء Nike Air Max 270 ، وهو أول وحدة هوائية لنمط الحياة من Nike ، هو توازن القديم والجديد. صُممت لتحمل الارتداء طوال اليوم لممارسة الرياضة نمط الحياة ، لديه تصميم وميزات مع وضع الأداء في الاعتبار دون الحاجة إلى التضحية بأسلوب لا غنى عنه مثل Air Max المتابعون يتوقون إليه. يتباهى بهواء كعب مبالغ فيه الوحدة (الأطول حتى الآن قياس 32 مم) ، وهي عبارة عن حذاء رياضي ، وجزء علوي منسوج وشبك قابل للتنفس في العديد من الألوان بشكل جماعي يدلي ببيان ويعطي الصورة الظلية توقيعًا المظهر الذي حصل على موافقة مدراء الأحذية الرياضية ، Nike Air Max المتابعين ، وسوق الأحذية الرياضية بشكل عام.</p>\n</div>\n</div>\n<div class=\"row\">\n<div class=\"col-md-12\">\n<h3 class=\"text-center text-capitalize mb-5\"><span style=\"color: #daa358;\">تبييض</span></h3>\n</div>\n<div class=\"col-md-6\">&nbsp;</div>\n<div class=\"col-md-6\">\n<p>ن حذاء Nike Air Max 270 ، وهو أول وحدة هوائية لنمط الحياة من Nike ، هو توازن القديم والجديد. صُممت لتحمل الارتداء طوال اليوم لممارسة الرياضة نمط الحياة ، لديه تصميم وميزات مع وضع الأداء في الاعتبار دون الحاجة إلى التضحية بأسلوب لا غنى عنه مثل Air Max المتابعون يتوقون إليه. يتباهى بهواء كعب مبالغ فيه الوحدة (الأطول حتى الآن قياس 32 مم) ، وهي عبارة عن حذاء رياضي ، وجزء علوي منسوج وشبك قابل للتنفس في العديد من الألوان بشكل جماعي يدلي ببيان ويعطي الصورة الظلية توقيعًا المظهر الذي حصل على موافقة مدراء الأحذية الرياضية ، Nike Air Max المتابعين ، وسوق الأحذية الرياضية بشكل عام.</p>\n</div>\n</div>\n</div>\n</div>','services/October2020/rV9BB7cFYKlSdB04R9rO.png','Meta Keywords ar','Meta Description ar',1,'2020-09-20 11:54:00','2020-10-12 14:22:08',NULL,NULL,NULL,NULL,NULL,NULL,'image title','image alt','خدمة تجميل','خدمة-تجميل',2,0,NULL),(5,'وصف طب اسنان','<div class=\"serv-content position-relative\" style=\"background-image: url(\'https://admin.alwstage.tk/storage/services/October2020/Omw7OXrzJPXwSbPQYEw2.png\');\">\n<div class=\"d-none d-sm-block\">&nbsp;</div>\n<div class=\"container-fluid cont\">\n<div class=\"row\">\n<div class=\"col-md-12\">\n<h3 class=\"text-center text-capitalize mb-5\">أسنان<span style=\"color: #daa358;\">تبييض</span></h3>\n</div>\n<div class=\"col-md-6\">&nbsp;</div>\n<div class=\"col-md-6\">\n<p>ن حذاء Nike Air Max 270 ، وهو أول وحدة هوائية لنمط الحياة من Nike ، هو توازن القديم والجديد. صُممت لتحمل الارتداء طوال اليوم لممارسة الرياضة نمط الحياة ، لديه تصميم وميزات مع وضع الأداء في الاعتبار دون الحاجة إلى التضحية بأسلوب لا غنى عنه مثل Air Max المتابعون يتوقون إليه. يتباهى بهواء كعب مبالغ فيه الوحدة (الأطول حتى الآن قياس 32 مم) ، وهي عبارة عن حذاء رياضي ، وجزء علوي منسوج وشبك قابل للتنفس في العديد من الألوان بشكل جماعي يدلي ببيان ويعطي الصورة الظلية توقيعًا المظهر الذي حصل على موافقة مدراء الأحذية الرياضية ، Nike Air Max المتابعين ، وسوق الأحذية الرياضية بشكل عام.</p>\n</div>\n</div>\n<div class=\"row\">\n<div class=\"col-md-12\">\n<h3 class=\"text-center text-capitalize mb-5\">اسنان <span style=\"color: #daa358;\">تبييض</span></h3>\n</div>\n<div class=\"col-md-6\">&nbsp;</div>\n<div class=\"col-md-6\">\n<p>ن حذاء Nike Air Max 270 ، وهو أول وحدة هوائية لنمط الحياة من Nike ، هو توازن القديم والجديد. صُممت لتحمل الارتداء طوال اليوم لممارسة الرياضة نمط الحياة ، لديه تصميم وميزات مع وضع الأداء في الاعتبار دون الحاجة إلى التضحية بأسلوب لا غنى عنه مثل Air Max المتابعون يتوقون إليه. يتباهى بهواء كعب مبالغ فيه الوحدة (الأطول حتى الآن قياس 32 مم) ، وهي عبارة عن حذاء رياضي ، وجزء علوي منسوج وشبك قابل للتنفس في العديد من الألوان بشكل جماعي يدلي ببيان ويعطي الصورة الظلية توقيعًا المظهر الذي حصل على موافقة مدراء الأحذية الرياضية ، Nike Air Max المتابعين ، وسوق الأحذية الرياضية بشكل عام.</p>\n</div>\n</div>\n<div class=\"row\">\n<div class=\"col-md-12\">\n<h3 class=\"text-center text-capitalize mb-5\"><span style=\"color: #daa358;\">تبييض</span></h3>\n</div>\n<div class=\"col-md-6\">&nbsp;</div>\n<div class=\"col-md-6\">\n<p>ن حذاء Nike Air Max 270 ، وهو أول وحدة هوائية لنمط الحياة من Nike ، هو توازن القديم والجديد. صُممت لتحمل الارتداء طوال اليوم لممارسة الرياضة نمط الحياة ، لديه تصميم وميزات مع وضع الأداء في الاعتبار دون الحاجة إلى التضحية بأسلوب لا غنى عنه مثل Air Max المتابعون يتوقون إليه. يتباهى بهواء كعب مبالغ فيه الوحدة (الأطول حتى الآن قياس 32 مم) ، وهي عبارة عن حذاء رياضي ، وجزء علوي منسوج وشبك قابل للتنفس في العديد من الألوان بشكل جماعي يدلي ببيان ويعطي الصورة الظلية توقيعًا المظهر الذي حصل على موافقة مدراء الأحذية الرياضية ، Nike Air Max المتابعين ، وسوق الأحذية الرياضية بشكل عام.</p>\n</div>\n</div>\n</div>\n</div>','services/October2020/Omw7OXrzJPXwSbPQYEw2.png','Meta Keywords ar','Meta Description ar',1,'2020-09-22 16:43:00','2020-10-12 14:21:32','Facebook title','Facebook description','services/September2020/6PUcxxHc4jZiKJtlGCac.png',NULL,NULL,'services/September2020/2ZunzMxNcxB9311vRqDz.png','Image title','Image alt','طب اسنان','طب-اسنان',1,1,NULL);
/*!40000 ALTER TABLE `services` ENABLE KEYS */;
UNLOCK TABLES;

--
-- Table structure for table `settings`
--

DROP TABLE IF EXISTS `settings`;
/*!40101 SET @saved_cs_client     = @@character_set_client */;
/*!50503 SET character_set_client = utf8mb4 */;
CREATE TABLE `settings` (
  `id` int unsigned NOT NULL AUTO_INCREMENT,
  `key` varchar(255) COLLATE utf8_unicode_ci NOT NULL,
  `display_name` varchar(255) COLLATE utf8_unicode_ci NOT NULL,
  `value` text CHARACTER SET utf8 COLLATE utf8_unicode_ci,
  `details` text COLLATE utf8_unicode_ci,
  `type` varchar(255) COLLATE utf8_unicode_ci NOT NULL,
  `order` int NOT NULL DEFAULT '1',
  `group` varchar(255) COLLATE utf8_unicode_ci DEFAULT NULL,
  PRIMARY KEY (`id`),
  UNIQUE KEY `settings_key_unique` (`key`)
) ENGINE=InnoDB AUTO_INCREMENT=115 DEFAULT CHARSET=utf8 COLLATE=utf8_unicode_ci;
/*!40101 SET character_set_client = @saved_cs_client */;

--
-- Dumping data for table `settings`
--

LOCK TABLES `settings` WRITE;
/*!40000 ALTER TABLE `settings` DISABLE KEYS */;
INSERT INTO `settings` VALUES (5,'admin.bg_image','Admin Background Image','settings\\December2019\\uwHa7tePgQ7T8DsDm1VO.jpg','','image',5,'Admin'),(8,'admin.loader','Admin Loader','settings\\December2019\\aoMDezpMVFGX2Xfj4AvD.png','','image',3,'Admin'),(9,'admin.icon_image','Admin Icon Image','settings\\December2019\\TA2m2BERw1japFLiKb0S.png','','image',4,'Admin'),(12,'site.address_ar','Address Arabic','شارع الاسلكى المعادى',NULL,'text',7,'Site'),(13,'site.address_en','Address English','Seestrasse 21, Zurich',NULL,'text',9,'Site'),(14,'site.phone','phone','+ 99 411 725 39 12',NULL,'text',8,'Site'),(15,'site.facebook','FaceBook','https://www.facebook.com/',NULL,'text',10,'Site'),(22,'home.Planning','Planning','settings\\January2020\\NJQ1neyWoaqGQ1UjQzE1.png',NULL,'image',16,'home'),(23,'home.Build','Build','settings\\January2020\\LexhiWNqEE9ZhWGrJ8A4.png',NULL,'image',17,'home'),(24,'home.Our_Work_1','Our Work 1','settings\\January2020\\Szv9f79pN5hMK0Iu2mai.jpg',NULL,'image',18,'home'),(25,'home.Our_Work_2','Our Work 2','settings\\January2020\\UmD0BeZQfn3cGeNbwLKm.jpg',NULL,'image',19,'home'),(26,'home.Our_Work_3','Our Work 3','settings\\January2020\\v9ZiHGxNC4XZumvUqkU8.jpg',NULL,'image',20,'home'),(34,'site.title_ar','title Ar','www',NULL,'text',21,'Site'),(35,'site.title_en','title EN','www',NULL,'text',22,'Site'),(36,'site.description_ar','description Ar','www',NULL,'text_area',23,'Site'),(37,'site.description_en','description En',NULL,NULL,'text_area',24,'Site'),(38,'site.logo','logo','settings\\January2020\\TvNmuG4QHsS2wSfN2iiN.jpg',NULL,'image',25,'Site'),(39,'site.ahmed','ahmed',NULL,NULL,'text',26,'Site'),(41,'site.fav','fav','settings\\February2020\\2FZbQZs2EdsFgSzNgeVS.jpg',NULL,'image',27,'Site'),(42,'site.title_meta_data','Meta Data',NULL,NULL,'text',28,'Site'),(43,'site.desc','123123',NULL,NULL,'text_area',29,'Site'),(44,'.description Ar','description Ar',NULL,NULL,'text_area',30,NULL),(46,'site.terms','terms','<p>Welcome to Website Name! \\r\\n These terms and conditions outline the rules and regulations for the use of Company Name\'s Website, located at Website.com. \\r\\n By accessing this website we assume you accept these terms and conditions. Do not continue to use Website Name if you do not agree to take all of the terms and conditions stated on this page. \\r\\n The following terminology applies to these Terms and Conditions, Privacy Statement and Disclaimer Notice and all Agreements: &ldquo;Client&rdquo;, &ldquo;You&rdquo; and &ldquo;Your&rdquo; refers to you, the person log on this website and compliant to the Company\'s terms and conditions. &ldquo;The Company&rdquo;, &ldquo;Ourselves&rdquo;, &ldquo;We&rdquo;, &ldquo;Our&rdquo; and &ldquo;Us&rdquo;, refers to our Company. &ldquo;Party&rdquo;, &ldquo;Parties&rdquo;, or &ldquo;Us&rdquo;, refers to both the Client and ourselves. All terms refer to the offer, acceptance and consideration of payment necessary to undertake the process of our assistance to the Client in the most appropriate manner for the express purpose of meeting the Client\'s needs in respect of provision of the Company\'s stated services, in accordance with and subject to, prevailing law of Netherlands. Any use of the above terminology or other words in the singular, plural, capitalization and/or he/she or they, are taken as interchangeable and therefore as referring to same. \\r\\n Cookies \\r\\n We employ the use of cookies. By accessing Website Name, you agreed to use cookies in agreement with the Company Name\'s Privacy Policy. \\r\\n Most interactive websites use cookies to let us retrieve the user\'s details for each visit. Cookies are used by our website to enable the functionality of certain areas to make it easier for people visiting our website. Some of our affiliate/advertising partners may also use cookies. \\r\\n License \\r\\n Unless otherwise stated, Company Name and/or its licensors own the intellectual property rights for all material on Website Name. All intellectual property rights are reserved. You may access this from Website Name for your own personal use subjected to restrictions set in these terms and conditions. \\r\\n You must not: \\r\\n \\r\\n Republish material from Website Name \\r\\n Sell, rent or sub-license material from Website Name \\r\\n Reproduce, duplicate or copy material from Website Name \\r\\n Redistribute content from Website Name \\r\\n \\r\\n This Agreement shall begin on the date hereof. \\r\\n Parts of this website offer an opportunity for users to post and exchange opinions and information in certain areas of the website. Company Name does not filter, edit, publish or review Comments prior to their presence on the website. Comments do not reflect the views and opinions of Company Name,its agents and/or affiliates. Comments reflect the views and opinions of the person who post their views and opinions. To the extent permitted by applicable laws, Company Name shall not be liable for the Comments or for any liability, damages or expenses caused and/or suffered as a result of any use of and/or posting of and/or appearance of the Comments on this website. \\r\\n Company Name reserves the right to monitor all Comments and to remove any Comments which can be considered inappropriate, offensive or causes breach of these Terms and Conditions. \\r\\n You warrant and represent that: \\r\\n \\r\\n You are entitled to post the Comments on our website and have all necessary licenses and consents to do so; \\r\\n The Comments do not invade any intellectual property right, including without limitation copyright, patent or trademark of any third party; \\r\\n The Comments do not contain any defamatory, libelous, offensive, indecent or otherwise unlawful material which is an invasion of privacy \\r\\n The Comments will not be used to solicit or promote business or custom or present commercial activities or unlawful activity. \\r\\n \\r\\n You hereby grant Company Name a non-exclusive license to use, reproduce, edit and authorize others to use, reproduce and edit any of your Comments in any and all forms, formats or media. \\r\\n Hyperlinking to our Content \\r\\n The following organizations may link to our Website without prior written approval: \\r\\n \\r\\n Government agencies; \\r\\n Search engines; \\r\\n News organizations; \\r\\n Online directory distributors may link to our Website in the same manner as they hyperlink to the Websites of other listed businesses; and \\r\\n System wide Accredited Businesses except soliciting non-profit organizations, charity shopping malls, and charity fundraising groups which may not hyperlink to our Web site. \\r\\n \\r\\n These organizations may link to our home page, to publications or to other Website information so long as the link: (a) is not in any way deceptive; (b) does not falsely imply sponsorship, endorsement or approval of the linking party and its products and/or services; and (c) fits within the context of the linking party\'s site. \\r\\n We may consider and approve other link requests from the following types of organizations: \\r\\n \\r\\n commonly-known consumer and/or business information sources; \\r\\n dot.com community sites; \\r\\n associations or other groups representing charities; \\r\\n online directory distributors; \\r\\n internet portals; \\r\\n accounting, law and consulting firms; and \\r\\n educational institutions and trade associations. \\r\\n \\r\\n We will approve link requests from these organizations if we decide that: (a) the link would not make us look unfavorably to ourselves or to our accredited businesses; (b) the organization does not have any negative records with us; (c) the benefit to us from the visibility of the hyperlink compensates the absence of Company Name; and (d) the link is in the context of general resource information. \\r\\n These organizations may link to our home page so long as the link: (a) is not in any way deceptive; (b) does not falsely imply sponsorship, endorsement or approval of the linking party and its products or services; and (c) fits within the context of the linking party\'s site. \\r\\n If you are one of the organizations listed in paragraph 2 above and are interested in linking to our website, you must inform us by sending an e-mail to Company Name. Please include your name, your organization name, contact information as well as the URL of your site, a list of any URLs from which you intend to link to our Website, and a list of the URLs on our site to which you would like to link. Wait 2-3 weeks for a response. \\r\\n Approved organizations may hyperlink to our Website as follows: \\r\\n \\r\\n By use of our corporate name; or \\r\\n By use of the uniform resource locator being linked to; or \\r\\n By use of any other description of our Website being linked to that makes sense within the context and format of content on the linking party\'s site. \\r\\n \\r\\n No use of Company Name\'s logo or other artwork will be allowed for linking absent a trademark license agreement. \\r\\n iFrames \\r\\n Without prior approval and written permission, you may not create frames around our Webpages that alter in any way the visual presentation or appearance of our Website. \\r\\n Content Liability \\r\\n We shall not be hold responsible for any content that appears on your Website. You agree to protect and defend us against all claims that is rising on your Website. No link(s) should appear on any Website that may be interpreted as libelous, obscene or criminal, or which infringes, otherwise violates, or advocates the infringement or other violation of, any third party rights. \\r\\n Reservation of Rights \\r\\n We reserve the right to request that you remove all links or any particular link to our Website. You approve to immediately remove all links to our Website upon request. We also reserve the right to amen these terms and conditions and it\'s linking policy at any time. By continuously linking to our Website, you agree to be bound to and follow these linking terms and conditions. \\r\\n Removal of links from our website \\r\\n If you find any link on our Website that is offensive for any reason, you are free to contact and inform us any moment. We will consider requests to remove links but we are not obligated to or so or to respond to you directly. \\r\\n We do not ensure that the information on this website is correct, we do not warrant its completeness or accuracy; nor do we promise to ensure that the website remains available or that the material on the website is kept up to date. \\r\\n Disclaimer \\r\\n To the maximum extent permitted by applicable law, we exclude all representations, warranties and conditions relating to our website and the use of this website. Nothing in this disclaimer will: \\r\\n \\r\\n limit or exclude our or your liability for death or personal injury; \\r\\n limit or exclude our or your liability for fraud or fraudulent misrepresentation; \\r\\n limit any of our or your liabilities in any way that is not permitted under applicable law; or \\r\\n exclude any of our or your liabilities that may not be excluded under applicable law. \\r\\n \\r\\n The limitations and prohibitions of liability set in this Section and elsewhere in this disclaimer: (a) are subject to the preceding paragraph; and (b) govern all liabilities arising under the disclaimer, including liabilities arising in contract, in tort and for breach of statutory duty. \\r\\n As long as the website and the information and services on the website are provided free of charge, we will not be liable for any loss or damage of any nature.</p>',NULL,'rich_text_box',31,'Site'),(47,'site.consent','consent','<p>Welcome to Website Name! \\r\\n These terms and conditions outline the rules and regulations for the use of Company Name\'s Website, located at Website.com. \\r\\n By accessing this website we assume you accept these terms and conditions. Do not continue to use Website Name if you do not agree to take all of the terms and conditions stated on this page. \\r\\n The following terminology applies to these Terms and Conditions, Privacy Statement and Disclaimer Notice and all Agreements: &ldquo;Client&rdquo;, &ldquo;You&rdquo; and &ldquo;Your&rdquo; refers to you, the person log on this website and compliant to the Company\'s terms and conditions. &ldquo;The Company&rdquo;, &ldquo;Ourselves&rdquo;, &ldquo;We&rdquo;, &ldquo;Our&rdquo; and &ldquo;Us&rdquo;, refers to our Company. &ldquo;Party&rdquo;, &ldquo;Parties&rdquo;, or &ldquo;Us&rdquo;, refers to both the Client and ourselves. All terms refer to the offer, acceptance and consideration of payment necessary to undertake the process of our assistance to the Client in the most appropriate manner for the express purpose of meeting the Client\'s needs in respect of provision of the Company\'s stated services, in accordance with and subject to, prevailing law of Netherlands. Any use of the above terminology or other words in the singular, plural, capitalization and/or he/she or they, are taken as interchangeable and therefore as referring to same. \\r\\n Cookies \\r\\n We employ the use of cookies. By accessing Website Name, you agreed to use cookies in agreement with the Company Name\'s Privacy Policy. \\r\\n Most interactive websites use cookies to let us retrieve the user\'s details for each visit. Cookies are used by our website to enable the functionality of certain areas to make it easier for people visiting our website. Some of our affiliate/advertising partners may also use cookies. \\r\\n License \\r\\n Unless otherwise stated, Company Name and/or its licensors own the intellectual property rights for all material on Website Name. All intellectual property rights are reserved. You may access this from Website Name for your own personal use subjected to restrictions set in these terms and conditions. \\r\\n You must not: \\r\\n \\r\\n Republish material from Website Name \\r\\n Sell, rent or sub-license material from Website Name \\r\\n Reproduce, duplicate or copy material from Website Name \\r\\n Redistribute content from Website Name \\r\\n \\r\\n This Agreement shall begin on the date hereof. \\r\\n Parts of this website offer an opportunity for users to post and exchange opinions and information in certain areas of the website. Company Name does not filter, edit, publish or review Comments prior to their presence on the website. Comments do not reflect the views and opinions of Company Name,its agents and/or affiliates. Comments reflect the views and opinions of the person who post their views and opinions. To the extent permitted by applicable laws, Company Name shall not be liable for the Comments or for any liability, damages or expenses caused and/or suffered as a result of any use of and/or posting of and/or appearance of the Comments on this website. \\r\\n Company Name reserves the right to monitor all Comments and to remove any Comments which can be considered inappropriate, offensive or causes breach of these Terms and Conditions. \\r\\n You warrant and represent that: \\r\\n \\r\\n You are entitled to post the Comments on our website and have all necessary licenses and consents to do so; \\r\\n The Comments do not invade any intellectual property right, including without limitation copyright, patent or trademark of any third party; \\r\\n The Comments do not contain any defamatory, libelous, offensive, indecent or otherwise unlawful material which is an invasion of privacy \\r\\n The Comments will not be used to solicit or promote business or custom or present commercial activities or unlawful activity. \\r\\n \\r\\n You hereby grant Company Name a non-exclusive license to use, reproduce, edit and authorize others to use, reproduce and edit any of your Comments in any and all forms, formats or media. \\r\\n Hyperlinking to our Content \\r\\n The following organizations may link to our Website without prior written approval: \\r\\n \\r\\n Government agencies; \\r\\n Search engines; \\r\\n News organizations; \\r\\n Online directory distributors may link to our Website in the same manner as they hyperlink to the Websites of other listed businesses; and \\r\\n System wide Accredited Businesses except soliciting non-profit organizations, charity shopping malls, and charity fundraising groups which may not hyperlink to our Web site. \\r\\n \\r\\n These organizations may link to our home page, to publications or to other Website information so long as the link: (a) is not in any way deceptive; (b) does not falsely imply sponsorship, endorsement or approval of the linking party and its products and/or services; and (c) fits within the context of the linking party\'s site. \\r\\n We may consider and approve other link requests from the following types of organizations: \\r\\n \\r\\n commonly-known consumer and/or business information sources; \\r\\n dot.com community sites; \\r\\n associations or other groups representing charities; \\r\\n online directory distributors; \\r\\n internet portals; \\r\\n accounting, law and consulting firms; and \\r\\n educational institutions and trade associations. \\r\\n \\r\\n We will approve link requests from these organizations if we decide that: (a) the link would not make us look unfavorably to ourselves or to our accredited businesses; (b) the organization does not have any negative records with us; (c) the benefit to us from the visibility of the hyperlink compensates the absence of Company Name; and (d) the link is in the context of general resource information. \\r\\n These organizations may link to our home page so long as the link: (a) is not in any way deceptive; (b) does not falsely imply sponsorship, endorsement or approval of the linking party and its products or services; and (c) fits within the context of the linking party\'s site. \\r\\n If you are one of the organizations listed in paragraph 2 above and are interested in linking to our website, you must inform us by sending an e-mail to Company Name. Please include your name, your organization name, contact information as well as the URL of your site, a list of any URLs from which you intend to link to our Website, and a list of the URLs on our site to which you would like to link. Wait 2-3 weeks for a response. \\r\\n Approved organizations may hyperlink to our Website as follows: \\r\\n \\r\\n By use of our corporate name; or \\r\\n By use of the uniform resource locator being linked to; or \\r\\n By use of any other description of our Website being linked to that makes sense within the context and format of content on the linking party\'s site. \\r\\n \\r\\n No use of Company Name\'s logo or other artwork will be allowed for linking absent a trademark license agreement. \\r\\n iFrames \\r\\n Without prior approval and written permission, you may not create frames around our Webpages that alter in any way the visual presentation or appearance of our Website. \\r\\n Content Liability \\r\\n We shall not be hold responsible for any content that appears on your Website. You agree to protect and defend us against all claims that is rising on your Website. No link(s) should appear on any Website that may be interpreted as libelous, obscene or criminal, or which infringes, otherwise violates, or advocates the infringement or other violation of, any third party rights. \\r\\n Reservation of Rights \\r\\n We reserve the right to request that you remove all links or any particular link to our Website. You approve to immediately remove all links to our Website upon request. We also reserve the right to amen these terms and conditions and it\'s linking policy at any time. By continuously linking to our Website, you agree to be bound to and follow these linking terms and conditions. \\r\\n Removal of links from our website \\r\\n If you find any link on our Website that is offensive for any reason, you are free to contact and inform us any moment. We will consider requests to remove links but we are not obligated to or so or to respond to you directly. \\r\\n We do not ensure that the information on this website is correct, we do not warrant its completeness or accuracy; nor do we promise to ensure that the website remains available or that the material on the website is kept up to date. \\r\\n Disclaimer \\r\\n To the maximum extent permitted by applicable law, we exclude all representations, warranties and conditions relating to our website and the use of this website. Nothing in this disclaimer will: \\r\\n \\r\\n limit or exclude our or your liability for death or personal injury; \\r\\n limit or exclude our or your liability for fraud or fraudulent misrepresentation; \\r\\n limit any of our or your liabilities in any way that is not permitted under applicable law; or \\r\\n exclude any of our or your liabilities that may not be excluded under applicable law. \\r\\n \\r\\n The limitations and prohibitions of liability set in this Section and elsewhere in this disclaimer: (a) are subject to the preceding paragraph; and (b) govern all liabilities arising under the disclaimer, including liabilities arising in contract, in tort and for breach of statutory duty. \\r\\n As long as the website and the information and services on the website are provided free of charge, we will not be liable for any loss or damage of any nature.</p>',NULL,'rich_text_box',32,'Site'),(48,'notification.new','new','<p>&nbsp;</p>\r\n<table class=\"MsoTableGrid\" style=\"margin-left: 28.5pt; border-collapse: collapse; border: none;\" border=\"1\" cellspacing=\"0\" cellpadding=\"0\">\r\n<tbody>\r\n<tr style=\"height: 16.85pt;\">\r\n<td style=\"width: 79.25pt; border: 1pt solid windowtext; background: #9cc2e5; padding: 0in 5.4pt; height: 16.85pt;\" valign=\"top\" width=\"106\">\r\n<p class=\"MsoNormal\" style=\"margin-bottom: 0.0001pt; text-align: center; line-height: normal;\" align=\"center\"><strong><span style=\"font-size: 20pt; font-family: \'Arabic Typesetting\';\">Email Topic</span></strong></p>\r\n</td>\r\n<td style=\"width: 331.7pt; border-top: 1pt solid windowtext; border-right: 1pt solid windowtext; border-bottom: 1pt solid windowtext; border-image: initial; border-left: none; background: #9cc2e5; padding: 0in 5.4pt; height: 16.85pt;\" valign=\"top\" width=\"442\">\r\n<p class=\"MsoNormal\" dir=\"RTL\" style=\"margin-bottom: 0.0001pt; text-align: center; line-height: normal; direction: rtl; unicode-bidi: embed;\" align=\"center\"><span lang=\"AR-EG\" style=\"font-size: 20pt; font-family: \'Arabic Typesetting\'; color: black;\">موعدك في خدمة أندلسية</span><span dir=\"LTR\" style=\"font-size: 20pt; font-family: \'Arabic Typesetting\'; color: black;\">&nbsp;DotCare</span></p>\r\n</td>\r\n</tr>\r\n<tr style=\"height: 16.85pt;\">\r\n<td style=\"width: 79.25pt; border-right: 1pt solid windowtext; border-bottom: 1pt solid windowtext; border-left: 1pt solid windowtext; border-image: initial; border-top: none; background: #9cc2e5; padding: 0in 5.4pt; height: 16.85pt;\" valign=\"top\" width=\"106\">\r\n<p class=\"MsoNormal\" style=\"margin-bottom: 0.0001pt; text-align: center; line-height: normal;\" align=\"center\"><span style=\"font-size: 20pt; font-family: \'Arabic Typesetting\';\">&nbsp;</span></p>\r\n<p class=\"MsoNormal\" style=\"margin-bottom: 0.0001pt; text-align: center; line-height: normal;\" align=\"center\"><span style=\"font-size: 20pt; font-family: \'Arabic Typesetting\';\">&nbsp;</span></p>\r\n<p class=\"MsoNormal\" style=\"margin-bottom: 0.0001pt; text-align: center; line-height: normal;\" align=\"center\"><span style=\"font-size: 20pt; font-family: \'Arabic Typesetting\';\">&nbsp;</span></p>\r\n<p class=\"MsoNormal\" style=\"margin-bottom: 0.0001pt; text-align: center; line-height: normal;\" align=\"center\"><span style=\"font-size: 20pt; font-family: \'Arabic Typesetting\';\">&nbsp;</span></p>\r\n<p class=\"MsoNormal\" style=\"margin-bottom: 0.0001pt; text-align: center; line-height: normal;\" align=\"center\"><strong><span style=\"font-size: 20pt; font-family: \'Arabic Typesetting\'; color: black;\">New</span></strong></p>\r\n</td>\r\n<td style=\"width: 331.7pt; border-top: none; border-left: none; border-bottom: 1pt solid windowtext; border-right: 1pt solid windowtext; background-image: initial; background-position: initial; background-size: initial; background-repeat: initial; background-attachment: initial; background-origin: initial; background-clip: initial; padding: 0in 5.4pt; height: 16.85pt;\" valign=\"top\" width=\"442\">\r\n<p class=\"MsoNormal\" style=\"margin-bottom: 0.0001pt; text-align: right; line-height: normal;\" align=\"right\"><span dir=\"RTL\" lang=\"AR-SA\" style=\"font-size: 20pt; font-family: \'Arabic Typesetting\'; color: black;\">عزيزي سيد\\[[user_name]]</span></p>\r\n<p class=\"MsoNormal\" style=\"margin-bottom: 0.0001pt; text-align: right; line-height: normal;\" align=\"right\"><span dir=\"RTL\" lang=\"AR-SA\" style=\"font-size: 20pt; font-family: \'Arabic Typesetting\';\">&nbsp;</span></p>\r\n<p class=\"MsoNormal\" dir=\"RTL\" style=\"margin-bottom: 0.0001pt; text-align: center; line-height: normal; direction: rtl; unicode-bidi: embed;\" align=\"center\"><strong><span lang=\"AR-SA\" style=\"font-size: 26pt; font-family: \'Arabic Typesetting\'; color: #7030a0;\">لقد تم إرسال الحجز الخاص بك </span></strong><strong><span lang=\"AR-EG\" style=\"font-size: 26pt; font-family: \'Arabic Typesetting\'; color: #7030a0;\">بنجاح</span></strong></p>\r\n<p class=\"MsoNormal\" dir=\"RTL\" style=\"margin-bottom: 0.0001pt; text-align: right; line-height: normal; direction: rtl; unicode-bidi: embed;\"><span lang=\"AR-EG\" style=\"font-size: 20pt; font-family: \'Arabic Typesetting\';\">&nbsp;</span></p>\r\n<p class=\"MsoNormal\" dir=\"RTL\" style=\"margin-bottom: 0.0001pt; text-align: right; line-height: normal; direction: rtl; unicode-bidi: embed;\"><span lang=\"AR-EG\" style=\"font-size: 20pt; font-family: \'Arabic Typesetting\'; color: black;\">الأسم:[[user_name]]</span></p>\r\n<p class=\"MsoNormal\" dir=\"RTL\" style=\"margin-bottom: 0.0001pt; text-align: right; line-height: normal; direction: rtl; unicode-bidi: embed;\"><span lang=\"AR-EG\" style=\"font-size: 20pt; font-family: \'Arabic Typesetting\'; color: black;\"><span style=\"font-size: 26.6667px;\">رقم الهاتف:[[user_phone]]</span></span></p>\r\n<p class=\"MsoNormal\" dir=\"RTL\" style=\"margin-bottom: 0.0001pt; text-align: right; line-height: normal; direction: rtl; unicode-bidi: embed;\"><span lang=\"AR-EG\" style=\"font-size: 20pt; font-family: \'Arabic Typesetting\'; color: black;\">البريد الألكتروني: [[user_email]]</span></p>\r\n<p class=\"MsoNormal\" dir=\"RTL\" style=\"margin-bottom: 0.0001pt; text-align: right; line-height: normal; direction: rtl; unicode-bidi: embed;\"><span lang=\"AR-EG\" style=\"font-size: 20pt; font-family: \'Arabic Typesetting\'; color: black;\">أسم الطبيب: [[doctor_name]]</span></p>\r\n<p class=\"MsoNormal\" dir=\"RTL\" style=\"margin-bottom: 0.0001pt; text-align: right; line-height: normal; direction: rtl; unicode-bidi: embed;\"><span lang=\"AR-EG\" style=\"font-size: 20pt; font-family: \'Arabic Typesetting\'; color: black;\">&nbsp;وقت الحجز: [[Appointment_start]]</span></p>\r\n<p class=\"MsoNormal\" dir=\"RTL\" style=\"margin-bottom: 0.0001pt; text-align: right; line-height: normal; direction: rtl; unicode-bidi: embed;\"><span lang=\"AR-EG\" style=\"font-size: 20pt; font-family: \'Arabic Typesetting\'; color: black;\">مدة الحجز: [[Appointment_duration]]</span></p>\r\n<p class=\"MsoNormal\" dir=\"RTL\" style=\"margin-bottom: 0.0001pt; text-align: center; line-height: normal; direction: rtl; unicode-bidi: embed;\" align=\"center\"><span lang=\"AR-SA\" style=\"font-size: 20pt; font-family: \'Arabic Typesetting\'; color: red;\">&nbsp;</span></p>\r\n<p class=\"MsoNormal\" dir=\"RTL\" style=\"margin-bottom: 0.0001pt; text-align: center; line-height: normal; direction: rtl; unicode-bidi: embed;\" align=\"center\"><strong><span lang=\"AR-SA\" style=\"font-size: 26pt; font-family: \'Arabic Typesetting\'; color: #7030a0;\">عندما تكون مستعد</span></strong></p>\r\n<p class=\"MsoNormal\" dir=\"RTL\" style=\"margin-bottom: 0.0001pt; text-align: center; line-height: normal; direction: rtl; unicode-bidi: embed;\" align=\"center\"><span lang=\"AR-SA\" style=\"font-size: 20pt; font-family: \'Arabic Typesetting\'; color: black;\">اضغط على الرابط التالي لبدء المحادثة مع طبيبك:</span></p>\r\n<p class=\"MsoNormal\" dir=\"RTL\" style=\"margin-bottom: 0.0001pt; text-align: center; line-height: normal; direction: rtl; unicode-bidi: embed;\" align=\"center\"><span style=\"color: black;\"><a href=\"https://www.andalusia.care/user/person/online-consultation\"><span dir=\"LTR\">https://www.andalusia.care/user/person/online-consultation</span></a></span></p>\r\n<p class=\"MsoNormal\" dir=\"RTL\" style=\"margin-bottom: 0.0001pt; text-align: right; line-height: normal; direction: rtl; unicode-bidi: embed;\"><span dir=\"LTR\" style=\"font-size: 20pt; font-family: \'Arabic Typesetting\'; color: red;\">&nbsp;</span></p>\r\n<p class=\"MsoNormal\" dir=\"RTL\" style=\"margin-bottom: 0.0001pt; text-align: center; line-height: normal; direction: rtl; unicode-bidi: embed;\" align=\"center\"><span lang=\"AR-SA\" style=\"font-size: 20pt; font-family: \'Arabic Typesetting\'; color: red;\">ويمكنك حجز استشارة منزلية من خلال الرابط التالي:</span></p>\r\n<p class=\"MsoNormal\" dir=\"RTL\" style=\"margin-bottom: 0.0001pt; text-align: center; line-height: normal; direction: rtl; unicode-bidi: embed;\" align=\"center\"><span style=\"color: black;\"><a href=\"https://page.andalusiahjh.com/home-care-go\"><span dir=\"LTR\">https://page.andalusiahjh.com/home-care-go</span></a></span></p>\r\n<p class=\"MsoNormal\" dir=\"RTL\" style=\"margin-bottom: 0.0001pt; text-align: center; line-height: normal; direction: rtl; unicode-bidi: embed;\" align=\"center\"><span lang=\"AR-SA\" style=\"font-size: 20pt; font-family: \'Arabic Typesetting\'; color: red;\">&nbsp;</span></p>\r\n<p class=\"MsoNormal\" dir=\"RTL\" style=\"margin-bottom: 0.0001pt; text-align: center; line-height: normal; direction: rtl; unicode-bidi: embed;\" align=\"center\"><span lang=\"AR-SA\" style=\"font-size: 20pt; font-family: \'Arabic Typesetting\'; color: red;\">&nbsp;</span><span lang=\"AR-SA\" style=\"font-size: 20pt; font-family: \'Arabic Typesetting\'; color: black;\">شكراً لثقتك بمجموعة أندلسية الطبية</span></p>\r\n<p class=\"MsoNormal\" dir=\"RTL\" style=\"margin-bottom: 0.0001pt; text-align: center; line-height: normal; direction: rtl; unicode-bidi: embed;\" align=\"center\"><span dir=\"LTR\" style=\"font-size: 20pt; font-family: \'Arabic Typesetting\';\">&nbsp;</span></p>\r\n</td>\r\n</tr>\r\n</tbody>\r\n</table>\r\n<p>&nbsp;</p>\r\n<p>&nbsp;</p>',NULL,'rich_text_box',33,'Notification'),(49,'notification.confirmed','confirmed','<table class=\"MsoTableGrid\" style=\"margin-left: 28.5pt; border-collapse: collapse; border: none;\" border=\"1\" cellspacing=\"0\" cellpadding=\"0\">\r\n<tbody>\r\n<tr style=\"height: 16.85pt;\">\r\n<td style=\"width: 79.25pt; border: 1pt solid windowtext; background: #9cc2e5; padding: 0in 5.4pt; height: 16.85pt;\" valign=\"top\" width=\"106\">\r\n<p class=\"MsoNormal\" style=\"margin-bottom: 0.0001pt; text-align: center; line-height: normal;\" align=\"center\"><strong><span style=\"font-size: 20pt; font-family: \'Arabic Typesetting\';\">Email Topic</span></strong></p>\r\n</td>\r\n<td style=\"width: 331.7pt; border-top: 1pt solid windowtext; border-right: 1pt solid windowtext; border-bottom: 1pt solid windowtext; border-image: initial; border-left: none; background: #9cc2e5; padding: 0in 5.4pt; height: 16.85pt;\" valign=\"top\" width=\"442\">\r\n<p class=\"MsoNormal\" dir=\"RTL\" style=\"margin-bottom: 0.0001pt; text-align: center; line-height: normal; direction: rtl; unicode-bidi: embed;\" align=\"center\"><span lang=\"AR-EG\" style=\"font-size: 20pt; font-family: \'Arabic Typesetting\'; color: black;\">موعدك في خدمة أندلسية</span><span dir=\"LTR\" style=\"font-size: 20pt; font-family: \'Arabic Typesetting\'; color: black;\">&nbsp;DotCare</span></p>\r\n</td>\r\n</tr>\r\n<tr style=\"height: 16.85pt;\">\r\n<td style=\"width: 79.25pt; border-right: 1pt solid windowtext; border-bottom: 1pt solid windowtext; border-left: 1pt solid windowtext; border-image: initial; border-top: none; background: #9cc2e5; padding: 0in 5.4pt; height: 16.85pt;\" valign=\"top\" width=\"106\">\r\n<p class=\"MsoNormal\" style=\"margin-bottom: 0.0001pt; text-align: center; line-height: normal;\" align=\"center\"><span style=\"font-size: 20pt; font-family: \'Arabic Typesetting\';\">&nbsp;</span></p>\r\n<p class=\"MsoNormal\" style=\"margin-bottom: 0.0001pt; text-align: center; line-height: normal;\" align=\"center\"><span style=\"font-size: 20pt; font-family: \'Arabic Typesetting\';\">&nbsp;</span></p>\r\n<p class=\"MsoNormal\" style=\"margin-bottom: 0.0001pt; text-align: center; line-height: normal;\" align=\"center\"><span style=\"font-size: 20pt; font-family: \'Arabic Typesetting\';\">&nbsp;</span></p>\r\n<p class=\"MsoNormal\" style=\"margin-bottom: 0.0001pt; text-align: center; line-height: normal;\" align=\"center\"><span style=\"font-size: 20pt; font-family: \'Arabic Typesetting\';\">&nbsp;</span></p>\r\n<p class=\"MsoNormal\" style=\"margin-bottom: 0.0001pt; text-align: center; line-height: normal;\" align=\"center\"><strong><span style=\"font-size: 20pt; font-family: \'Arabic Typesetting\'; color: black;\">Confirmation</span></strong></p>\r\n</td>\r\n<td style=\"width: 331.7pt; border-top: none; border-left: none; border-bottom: 1pt solid windowtext; border-right: 1pt solid windowtext; background-image: initial; background-position: initial; background-size: initial; background-repeat: initial; background-attachment: initial; background-origin: initial; background-clip: initial; padding: 0in 5.4pt; height: 16.85pt;\" valign=\"top\" width=\"442\">\r\n<p class=\"MsoNormal\" style=\"margin-bottom: 0.0001pt; text-align: right; line-height: normal;\" align=\"right\"><span dir=\"RTL\" lang=\"AR-SA\" style=\"font-size: 20pt; font-family: \'Arabic Typesetting\'; color: black;\">عزيزي سيد\\[[user_name]]</span></p>\r\n<p class=\"MsoNormal\" style=\"margin-bottom: 0.0001pt; text-align: right; line-height: normal;\" align=\"right\"><span dir=\"RTL\" lang=\"AR-SA\" style=\"font-size: 20pt; font-family: \'Arabic Typesetting\';\">&nbsp;</span></p>\r\n<p class=\"MsoNormal\" dir=\"RTL\" style=\"margin-bottom: 0.0001pt; text-align: center; line-height: normal; direction: rtl; unicode-bidi: embed;\" align=\"center\"><strong><span lang=\"AR-SA\" style=\"font-size: 26pt; font-family: \'Arabic Typesetting\'; color: #7030a0;\">لقد تم تأكيد الحجز الخاص بك&nbsp;</span></strong><strong><span lang=\"AR-EG\" style=\"font-size: 26pt; font-family: \'Arabic Typesetting\'; color: #7030a0;\">بنجاح</span></strong></p>\r\n<p class=\"MsoNormal\" dir=\"RTL\" style=\"margin-bottom: 0.0001pt; text-align: right; line-height: normal; direction: rtl; unicode-bidi: embed;\"><span lang=\"AR-EG\" style=\"font-size: 20pt; font-family: \'Arabic Typesetting\';\">&nbsp;</span></p>\r\n<p class=\"MsoNormal\" dir=\"RTL\" style=\"margin-bottom: 0.0001pt; text-align: right; line-height: normal; direction: rtl; unicode-bidi: embed;\"><span lang=\"AR-EG\" style=\"font-size: 20pt; font-family: \'Arabic Typesetting\'; color: black;\">الأسم:[[user_name]]</span></p>\r\n<p class=\"MsoNormal\" dir=\"RTL\" style=\"margin-bottom: 0.0001pt; text-align: right; line-height: normal; direction: rtl; unicode-bidi: embed;\"><span lang=\"AR-EG\" style=\"font-size: 20pt; font-family: \'Arabic Typesetting\'; color: black;\"><span style=\"font-size: 26.6667px;\">رقم الهاتف:[[user_phone]]</span></span></p>\r\n<p class=\"MsoNormal\" dir=\"RTL\" style=\"margin-bottom: 0.0001pt; text-align: right; line-height: normal; direction: rtl; unicode-bidi: embed;\"><span lang=\"AR-EG\" style=\"font-size: 20pt; font-family: \'Arabic Typesetting\'; color: black;\">البريد الألكتروني: [[user_email]]</span></p>\r\n<p class=\"MsoNormal\" dir=\"RTL\" style=\"margin-bottom: 0.0001pt; text-align: right; line-height: normal; direction: rtl; unicode-bidi: embed;\"><span lang=\"AR-EG\" style=\"font-size: 20pt; font-family: \'Arabic Typesetting\'; color: black;\">أسم الطبيب: [[doctor_name]]</span></p>\r\n<p class=\"MsoNormal\" dir=\"RTL\" style=\"margin-bottom: 0.0001pt; text-align: right; line-height: normal; direction: rtl; unicode-bidi: embed;\"><span lang=\"AR-EG\" style=\"font-size: 20pt; font-family: \'Arabic Typesetting\'; color: black;\">&nbsp;وقت الحجز: [[Appointment_start]]</span></p>\r\n<p class=\"MsoNormal\" dir=\"RTL\" style=\"margin-bottom: 0.0001pt; text-align: right; line-height: normal; direction: rtl; unicode-bidi: embed;\"><span lang=\"AR-EG\" style=\"font-size: 20pt; font-family: \'Arabic Typesetting\'; color: black;\">مدة الحجز: [[Appointment_duration]]</span></p>\r\n<p class=\"MsoNormal\" dir=\"RTL\" style=\"margin-bottom: 0.0001pt; text-align: center; line-height: normal; direction: rtl; unicode-bidi: embed;\" align=\"center\"><span lang=\"AR-SA\" style=\"font-size: 20pt; font-family: \'Arabic Typesetting\'; color: red;\">&nbsp;</span></p>\r\n<p class=\"MsoNormal\" dir=\"RTL\" style=\"margin-bottom: 0.0001pt; text-align: center; line-height: normal; direction: rtl; unicode-bidi: embed;\" align=\"center\"><strong><span lang=\"AR-SA\" style=\"font-size: 26pt; font-family: \'Arabic Typesetting\'; color: #7030a0;\">عندما تكون مستعد</span></strong></p>\r\n<p class=\"MsoNormal\" dir=\"RTL\" style=\"margin-bottom: 0.0001pt; text-align: center; line-height: normal; direction: rtl; unicode-bidi: embed;\" align=\"center\"><span lang=\"AR-SA\" style=\"font-size: 20pt; font-family: \'Arabic Typesetting\'; color: black;\">اضغط على الرابط التالي لبدء المحادثة مع طبيبك:</span></p>\r\n<p class=\"MsoNormal\" dir=\"RTL\" style=\"margin-bottom: 0.0001pt; text-align: center; line-height: normal; direction: rtl; unicode-bidi: embed;\" align=\"center\"><a href=\"https://www.andalusia.care/user/person/online-consultation\"><span dir=\"LTR\">https://www.andalusia.care/user/person/online-consultation</span></a></p>\r\n<p class=\"MsoNormal\" dir=\"RTL\" style=\"margin-bottom: 0.0001pt; text-align: right; line-height: normal; direction: rtl; unicode-bidi: embed;\"><span dir=\"LTR\" style=\"font-size: 20pt; font-family: \'Arabic Typesetting\'; color: red;\">&nbsp;</span></p>\r\n<p class=\"MsoNormal\" dir=\"RTL\" style=\"margin-bottom: 0.0001pt; text-align: center; line-height: normal; direction: rtl; unicode-bidi: embed;\" align=\"center\"><span lang=\"AR-SA\" style=\"font-size: 20pt; font-family: \'Arabic Typesetting\'; color: red;\">ويمكنك حجز استشارة منزلية من خلال الرابط التالي:</span></p>\r\n<p class=\"MsoNormal\" dir=\"RTL\" style=\"margin-bottom: 0.0001pt; text-align: center; line-height: normal; direction: rtl; unicode-bidi: embed;\" align=\"center\"><span style=\"color: black;\"><a href=\"https://page.andalusiahjh.com/home-care-go\"><span dir=\"LTR\">https://page.andalusiahjh.com/home-care-go</span></a></span></p>\r\n<p class=\"MsoNormal\" dir=\"RTL\" style=\"margin-bottom: 0.0001pt; text-align: center; line-height: normal; direction: rtl; unicode-bidi: embed;\" align=\"center\"><span lang=\"AR-SA\" style=\"font-size: 20pt; font-family: \'Arabic Typesetting\'; color: red;\">&nbsp;</span></p>\r\n<p class=\"MsoNormal\" dir=\"RTL\" style=\"margin-bottom: 0.0001pt; text-align: center; line-height: normal; direction: rtl; unicode-bidi: embed;\" align=\"center\"><span lang=\"AR-SA\" style=\"font-size: 20pt; font-family: \'Arabic Typesetting\'; color: red;\">&nbsp;</span><span lang=\"AR-SA\" style=\"font-size: 20pt; font-family: \'Arabic Typesetting\'; color: black;\">شكراً لثقتك بمجموعة أندلسية الطبية</span></p>\r\n<p class=\"MsoNormal\" dir=\"RTL\" style=\"margin-bottom: 0.0001pt; text-align: center; line-height: normal; direction: rtl; unicode-bidi: embed;\" align=\"center\"><span dir=\"LTR\" style=\"font-size: 20pt; font-family: \'Arabic Typesetting\';\">&nbsp;</span></p>\r\n</td>\r\n</tr>\r\n</tbody>\r\n</table>\r\n<p>&nbsp;</p>',NULL,'rich_text_box',34,'Notification'),(50,'notification.rejected','rejected','<p>&nbsp;</p>\r\n<table class=\"MsoTableGrid\" style=\"margin-left: 28.5pt; border-collapse: collapse; border: none;\" border=\"1\" cellspacing=\"0\" cellpadding=\"0\">\r\n<tbody>\r\n<tr style=\"height: 16.85pt;\">\r\n<td style=\"width: 79.25pt; border: 1pt solid windowtext; background: #9cc2e5; padding: 0in 5.4pt; height: 16.85pt;\" valign=\"top\" width=\"106\">\r\n<p class=\"MsoNormal\" style=\"margin-bottom: 0.0001pt; text-align: center; line-height: normal;\" align=\"center\"><strong><span style=\"font-size: 20pt; font-family: \'Arabic Typesetting\';\">Email Topic</span></strong></p>\r\n</td>\r\n<td style=\"width: 331.7pt; border-top: 1pt solid windowtext; border-right: 1pt solid windowtext; border-bottom: 1pt solid windowtext; border-image: initial; border-left: none; background: #9cc2e5; padding: 0in 5.4pt; height: 16.85pt;\" valign=\"top\" width=\"442\">\r\n<p class=\"MsoNormal\" dir=\"RTL\" style=\"margin-bottom: 0.0001pt; text-align: center; line-height: normal; direction: rtl; unicode-bidi: embed;\" align=\"center\"><span lang=\"AR-EG\" style=\"font-size: 20pt; font-family: \'Arabic Typesetting\'; color: black;\">موعدك في خدمة أندلسية</span><span dir=\"LTR\" style=\"font-size: 20pt; font-family: \'Arabic Typesetting\'; color: black;\">&nbsp;DotCare</span></p>\r\n</td>\r\n</tr>\r\n<tr style=\"height: 16.85pt;\">\r\n<td style=\"width: 79.25pt; border-right: 1pt solid windowtext; border-bottom: 1pt solid windowtext; border-left: 1pt solid windowtext; border-image: initial; border-top: none; background: #9cc2e5; padding: 0in 5.4pt; height: 16.85pt;\" valign=\"top\" width=\"106\">\r\n<p class=\"MsoNormal\" style=\"margin-bottom: 0.0001pt; text-align: center; line-height: normal;\" align=\"center\"><span style=\"font-size: 20pt; font-family: \'Arabic Typesetting\';\">&nbsp;</span></p>\r\n<p class=\"MsoNormal\" style=\"margin-bottom: 0.0001pt; text-align: center; line-height: normal;\" align=\"center\"><span style=\"font-size: 20pt; font-family: \'Arabic Typesetting\';\">&nbsp;</span></p>\r\n<p class=\"MsoNormal\" style=\"margin-bottom: 0.0001pt; text-align: center; line-height: normal;\" align=\"center\"><span style=\"font-size: 20pt; font-family: \'Arabic Typesetting\';\">&nbsp;</span></p>\r\n<p class=\"MsoNormal\" style=\"margin-bottom: 0.0001pt; text-align: center; line-height: normal;\" align=\"center\"><span style=\"font-size: 20pt; font-family: \'Arabic Typesetting\';\">&nbsp;</span></p>\r\n<p class=\"MsoNormal\" style=\"margin-bottom: 0.0001pt; text-align: center; line-height: normal;\" align=\"center\"><strong><span style=\"font-size: 20pt; font-family: \'Arabic Typesetting\'; color: black;\">Cancellation</span></strong></p>\r\n</td>\r\n<td style=\"width: 331.7pt; border-top: none; border-left: none; border-bottom: 1pt solid windowtext; border-right: 1pt solid windowtext; background-image: initial; background-position: initial; background-size: initial; background-repeat: initial; background-attachment: initial; background-origin: initial; background-clip: initial; padding: 0in 5.4pt; height: 16.85pt;\" valign=\"top\" width=\"442\">\r\n<p class=\"MsoNormal\" style=\"margin-bottom: 0.0001pt; text-align: right; line-height: normal;\" align=\"right\"><span dir=\"RTL\" lang=\"AR-SA\" style=\"font-size: 20pt; font-family: \'Arabic Typesetting\'; color: black;\">عزيزي سيد\\[[user_name]]</span></p>\r\n<p class=\"MsoNormal\" style=\"margin-bottom: 0.0001pt; text-align: right; line-height: normal;\" align=\"right\"><span dir=\"RTL\" lang=\"AR-SA\" style=\"font-size: 20pt; font-family: \'Arabic Typesetting\';\">&nbsp;</span></p>\r\n<p class=\"MsoNormal\" dir=\"RTL\" style=\"text-align: center; direction: rtl; unicode-bidi: embed;\" align=\"center\"><strong><span lang=\"AR-SA\" style=\"font-size: 26.0pt; line-height: 107%; font-family: \'Arabic Typesetting\'; color: #7030a0;\">لقد تم إلغاء الحجز الخاص بك </span></strong><strong><span lang=\"AR-EG\" style=\"font-size: 26.0pt; line-height: 107%; font-family: \'Arabic Typesetting\'; color: #7030a0; mso-bidi-language: AR-EG;\">بنجاح</span></strong></p>\r\n<p class=\"MsoNormal\" dir=\"RTL\" style=\"margin-bottom: 0.0001pt; text-align: right; line-height: normal; direction: rtl; unicode-bidi: embed;\"><span lang=\"AR-EG\" style=\"font-size: 20pt; font-family: \'Arabic Typesetting\';\">&nbsp;</span></p>\r\n<p class=\"MsoNormal\" dir=\"RTL\" style=\"margin-bottom: 0.0001pt; text-align: right; line-height: normal; direction: rtl; unicode-bidi: embed;\"><span lang=\"AR-EG\" style=\"font-size: 20pt; font-family: \'Arabic Typesetting\'; color: black;\">الأسم:[[user_name]]</span></p>\r\n<p class=\"MsoNormal\" dir=\"RTL\" style=\"margin-bottom: 0.0001pt; text-align: right; line-height: normal; direction: rtl; unicode-bidi: embed;\"><span lang=\"AR-EG\" style=\"font-size: 20pt; font-family: \'Arabic Typesetting\'; color: black;\"><span style=\"font-size: 26.6667px;\">رقم الهاتف:[[user_phone]]</span></span></p>\r\n<p class=\"MsoNormal\" dir=\"RTL\" style=\"margin-bottom: 0.0001pt; text-align: right; line-height: normal; direction: rtl; unicode-bidi: embed;\"><span lang=\"AR-EG\" style=\"font-size: 20pt; font-family: \'Arabic Typesetting\'; color: black;\">البريد الألكتروني: [[user_email]]</span></p>\r\n<p class=\"MsoNormal\" dir=\"RTL\" style=\"margin-bottom: 0.0001pt; text-align: right; line-height: normal; direction: rtl; unicode-bidi: embed;\"><span lang=\"AR-EG\" style=\"font-size: 20pt; font-family: \'Arabic Typesetting\'; color: black;\">أسم الطبيب: [[doctor_name]]</span></p>\r\n<p class=\"MsoNormal\" dir=\"RTL\" style=\"margin-bottom: 0.0001pt; text-align: right; line-height: normal; direction: rtl; unicode-bidi: embed;\"><span lang=\"AR-EG\" style=\"font-size: 20pt; font-family: \'Arabic Typesetting\'; color: black;\">&nbsp;وقت الحجز: [[Appointment_start]]</span></p>\r\n<p class=\"MsoNormal\" dir=\"RTL\" style=\"margin-bottom: 0.0001pt; text-align: right; line-height: normal; direction: rtl; unicode-bidi: embed;\"><span lang=\"AR-EG\" style=\"font-size: 20pt; font-family: \'Arabic Typesetting\'; color: black;\">مدة الحجز: [[Appointment_duration]]</span></p>\r\n<p class=\"MsoNormal\" dir=\"RTL\" style=\"margin-bottom: 0.0001pt; text-align: center; line-height: normal; direction: rtl; unicode-bidi: embed;\" align=\"center\"><span lang=\"AR-SA\" style=\"font-size: 20pt; font-family: \'Arabic Typesetting\'; color: red;\">&nbsp;</span></p>\r\n<p class=\"MsoNormal\" dir=\"RTL\" style=\"text-align: center; direction: rtl; unicode-bidi: embed;\" align=\"center\"><strong><span lang=\"AR-SA\" style=\"font-size: 20.0pt; line-height: 107%; font-family: \'Arabic Typesetting\'; color: #7030a0;\">ليس لديك مواعيد في خدمة الــ</span></strong><strong><span dir=\"LTR\" style=\"font-size: 20.0pt; line-height: 107%; font-family: \'Arabic Typesetting\'; color: #7030a0;\">DotCare</span></strong></p>\r\n<p class=\"MsoNormal\" dir=\"RTL\" style=\"text-align: center; direction: rtl; unicode-bidi: embed;\" align=\"center\"><span dir=\"LTR\" style=\"font-size: 20.0pt; line-height: 107%; font-family: \'Arabic Typesetting\';\">&nbsp;</span></p>\r\n<p class=\"MsoNormal\" dir=\"RTL\" style=\"text-align: center; direction: rtl; unicode-bidi: embed;\" align=\"center\"><span lang=\"AR-EG\" style=\"font-size: 20.0pt; line-height: 107%; font-family: \'Arabic Typesetting\'; mso-bidi-language: AR-EG;\">للتواصل مع طبيب مختص أوحجز استشارة منزلية</span></p>\r\n<p class=\"MsoNormal\" dir=\"RTL\" style=\"text-align: center; direction: rtl; unicode-bidi: embed;\" align=\"center\"><strong><span lang=\"AR-EG\" style=\"font-size: 20.0pt; line-height: 107%; font-family: \'Arabic Typesetting\'; color: #7030a0; mso-bidi-language: AR-EG;\">أضغط هنا</span></strong></p>\r\n<p class=\"MsoNormal\" dir=\"RTL\" style=\"text-align: center; direction: rtl; unicode-bidi: embed;\" align=\"center\"><a href=\"https://page.andalusiahjh.com/home-care-go\"><span dir=\"LTR\">https://page.andalusiahjh.com/home-care-go</span></a></p>\r\n<p class=\"MsoNormal\" dir=\"RTL\" style=\"text-align: center; direction: rtl; unicode-bidi: embed;\" align=\"center\"><span lang=\"AR-SA\" style=\"font-size: 20.0pt; line-height: 107%; font-family: \'Arabic Typesetting\'; color: red;\">&nbsp;</span></p>\r\n<p class=\"MsoNormal\" dir=\"RTL\" style=\"margin-bottom: 0.0001pt; text-align: center; line-height: normal; direction: rtl; unicode-bidi: embed;\" align=\"center\">&nbsp;</p>\r\n<p class=\"MsoNormal\" dir=\"RTL\" style=\"text-align: center; direction: rtl; unicode-bidi: embed;\" align=\"center\"><span lang=\"AR-SA\" style=\"font-size: 20.0pt; line-height: 107%; font-family: \'Arabic Typesetting\'; color: red;\">&nbsp;</span><span lang=\"AR-SA\" style=\"font-size: 20.0pt; line-height: 107%; font-family: \'Arabic Typesetting\';\">شكراً لثقتك بمستشفيات أندلسية</span></p>\r\n<p class=\"MsoNormal\" dir=\"RTL\" style=\"margin-bottom: 0.0001pt; text-align: center; line-height: normal; direction: rtl; unicode-bidi: embed;\" align=\"center\"><span dir=\"LTR\" style=\"font-size: 20pt; font-family: \'Arabic Typesetting\';\">&nbsp;</span></p>\r\n</td>\r\n</tr>\r\n</tbody>\r\n</table>\r\n<p>&nbsp;</p>\r\n<p>&nbsp;</p>',NULL,'rich_text_box',35,'Notification'),(51,'notification.payment','payment','<table class=\"MsoTableGrid\" style=\"margin-left: 28.5pt; border-collapse: collapse; border: none;\" border=\"1\" cellspacing=\"0\" cellpadding=\"0\">\r\n<tbody>\r\n<tr style=\"height: 16.85pt;\">\r\n<td style=\"width: 79.25pt; border: 1pt solid windowtext; background: #9cc2e5; padding: 0in 5.4pt; height: 16.85pt;\" valign=\"top\" width=\"106\">\r\n<p class=\"MsoNormal\" style=\"margin-bottom: 0.0001pt; text-align: center; line-height: normal;\" align=\"center\"><strong><span style=\"font-size: 20pt; font-family: \'Arabic Typesetting\';\">Email Topic</span></strong></p>\r\n</td>\r\n<td style=\"width: 331.7pt; border-top: 1pt solid windowtext; border-right: 1pt solid windowtext; border-bottom: 1pt solid windowtext; border-image: initial; border-left: none; background: #9cc2e5; padding: 0in 5.4pt; height: 16.85pt;\" valign=\"top\" width=\"442\">\r\n<p class=\"MsoNormal\" dir=\"RTL\" style=\"margin-bottom: 0.0001pt; text-align: center; line-height: normal; direction: rtl; unicode-bidi: embed;\" align=\"center\"><span lang=\"AR-EG\" style=\"font-size: 20pt; font-family: \'Arabic Typesetting\'; color: black;\">موعدك في خدمة أندلسية</span><span dir=\"LTR\" style=\"font-size: 20pt; font-family: \'Arabic Typesetting\'; color: black;\">&nbsp;DotCare</span></p>\r\n</td>\r\n</tr>\r\n<tr style=\"height: 16.85pt;\">\r\n<td style=\"width: 79.25pt; border-right: 1pt solid windowtext; border-bottom: 1pt solid windowtext; border-left: 1pt solid windowtext; border-image: initial; border-top: none; background: #9cc2e5; padding: 0in 5.4pt; height: 16.85pt;\" valign=\"top\" width=\"106\">\r\n<p class=\"MsoNormal\" style=\"margin-bottom: 0.0001pt; text-align: center; line-height: normal;\" align=\"center\"><span style=\"font-size: 20pt; font-family: \'Arabic Typesetting\';\">&nbsp;</span></p>\r\n<p class=\"MsoNormal\" style=\"margin-bottom: 0.0001pt; text-align: center; line-height: normal;\" align=\"center\"><span style=\"font-size: 20pt; font-family: \'Arabic Typesetting\';\">&nbsp;</span></p>\r\n<p class=\"MsoNormal\" style=\"margin-bottom: 0.0001pt; text-align: center; line-height: normal;\" align=\"center\"><span style=\"font-size: 20pt; font-family: \'Arabic Typesetting\';\">&nbsp;</span></p>\r\n<p class=\"MsoNormal\" style=\"margin-bottom: 0.0001pt; text-align: center; line-height: normal;\" align=\"center\"><span style=\"font-size: 20pt; font-family: \'Arabic Typesetting\';\">&nbsp;</span></p>\r\n<p class=\"MsoNormal\" style=\"margin-bottom: 0.0001pt; text-align: center; line-height: normal;\" align=\"center\"><strong><span style=\"font-size: 20pt; font-family: \'Arabic Typesetting\'; color: black;\">Payment Confirmation</span></strong></p>\r\n</td>\r\n<td style=\"width: 331.7pt; border-top: none; border-left: none; border-bottom: 1pt solid windowtext; border-right: 1pt solid windowtext; background-image: initial; background-position: initial; background-size: initial; background-repeat: initial; background-attachment: initial; background-origin: initial; background-clip: initial; padding: 0in 5.4pt; height: 16.85pt;\" valign=\"top\" width=\"442\">\r\n<p class=\"MsoNormal\" style=\"margin-bottom: 0.0001pt; text-align: right; line-height: normal;\" align=\"right\"><span dir=\"RTL\" lang=\"AR-SA\" style=\"font-size: 20pt; font-family: \'Arabic Typesetting\'; color: black;\">عزيزي سيد\\[[user_name]]</span></p>\r\n<p class=\"MsoNormal\" style=\"margin-bottom: 0.0001pt; text-align: right; line-height: normal;\" align=\"right\"><span dir=\"RTL\" lang=\"AR-SA\" style=\"font-size: 20pt; font-family: \'Arabic Typesetting\';\">&nbsp;</span></p>\r\n<p class=\"MsoNormal\" dir=\"RTL\" style=\"margin-bottom: 0.0001pt; text-align: center; line-height: normal; direction: rtl; unicode-bidi: embed;\" align=\"center\"><strong><span lang=\"AR-SA\" style=\"font-size: 26pt; font-family: \'Arabic Typesetting\'; color: #7030a0;\">لقد تم تأكيد دفع الحجز الخاص بك </span></strong><strong><span lang=\"AR-EG\" style=\"font-size: 26pt; font-family: \'Arabic Typesetting\'; color: #7030a0;\">بنجاح</span></strong></p>\r\n<p class=\"MsoNormal\" dir=\"RTL\" style=\"margin-bottom: 0.0001pt; text-align: right; line-height: normal; direction: rtl; unicode-bidi: embed;\"><span lang=\"AR-EG\" style=\"font-size: 20pt; font-family: \'Arabic Typesetting\';\">&nbsp;</span></p>\r\n<p class=\"MsoNormal\" dir=\"RTL\" style=\"margin-bottom: 0.0001pt; text-align: right; line-height: normal; direction: rtl; unicode-bidi: embed;\"><span lang=\"AR-EG\" style=\"font-size: 20pt; font-family: \'Arabic Typesetting\'; color: black;\">الأسم:[[user_name]]</span></p>\r\n<p class=\"MsoNormal\" dir=\"RTL\" style=\"margin-bottom: 0.0001pt; text-align: right; line-height: normal; direction: rtl; unicode-bidi: embed;\"><span lang=\"AR-EG\" style=\"font-size: 20pt; font-family: \'Arabic Typesetting\'; color: black;\"><span style=\"font-size: 26.6667px;\">رقم الهاتف:[[user_phone]]</span></span></p>\r\n<p class=\"MsoNormal\" dir=\"RTL\" style=\"margin-bottom: 0.0001pt; text-align: right; line-height: normal; direction: rtl; unicode-bidi: embed;\"><span lang=\"AR-EG\" style=\"font-size: 20pt; font-family: \'Arabic Typesetting\'; color: black;\">البريد الألكتروني: [[user_email]]</span></p>\r\n<p class=\"MsoNormal\" dir=\"RTL\" style=\"margin-bottom: 0.0001pt; text-align: right; line-height: normal; direction: rtl; unicode-bidi: embed;\"><span lang=\"AR-EG\" style=\"font-size: 20pt; font-family: \'Arabic Typesetting\'; color: black;\">أسم الطبيب: [[doctor_name]]</span></p>\r\n<p class=\"MsoNormal\" dir=\"RTL\" style=\"margin-bottom: 0.0001pt; text-align: right; line-height: normal; direction: rtl; unicode-bidi: embed;\"><span lang=\"AR-EG\" style=\"font-size: 20pt; font-family: \'Arabic Typesetting\'; color: black;\">&nbsp;وقت الحجز: [[Appointment_start]]</span></p>\r\n<p class=\"MsoNormal\" dir=\"RTL\" style=\"margin-bottom: 0.0001pt; text-align: right; line-height: normal; direction: rtl; unicode-bidi: embed;\"><span lang=\"AR-EG\" style=\"font-size: 20pt; font-family: \'Arabic Typesetting\'; color: black;\">مدة الحجز: [[Appointment_duration]]</span></p>\r\n<p class=\"MsoNormal\" dir=\"RTL\" style=\"margin-bottom: 0.0001pt; text-align: center; line-height: normal; direction: rtl; unicode-bidi: embed;\" align=\"center\"><span lang=\"AR-SA\" style=\"font-size: 20pt; font-family: \'Arabic Typesetting\'; color: red;\">&nbsp;</span></p>\r\n<p class=\"MsoNormal\" dir=\"RTL\" style=\"margin-bottom: 0.0001pt; text-align: center; line-height: normal; direction: rtl; unicode-bidi: embed;\" align=\"center\"><strong><span lang=\"AR-SA\" style=\"font-size: 26pt; font-family: \'Arabic Typesetting\'; color: #7030a0;\">عندما تكون مستعد</span></strong></p>\r\n<p class=\"MsoNormal\" dir=\"RTL\" style=\"margin-bottom: 0.0001pt; text-align: center; line-height: normal; direction: rtl; unicode-bidi: embed;\" align=\"center\"><span lang=\"AR-SA\" style=\"font-size: 20pt; font-family: \'Arabic Typesetting\'; color: black;\">اضغط على الرابط التالي لبدء المحادثة مع طبيبك:</span></p>\r\n<p class=\"MsoNormal\" dir=\"RTL\" style=\"margin-bottom: 0.0001pt; text-align: center; line-height: normal; direction: rtl; unicode-bidi: embed;\" align=\"center\"><a href=\"https://www.andalusia.care/user/person/online-consultation\"><span dir=\"LTR\">https://www.andalusia.care/user/person/online-consultation</span></a></p>\r\n<p class=\"MsoNormal\" dir=\"RTL\" style=\"margin-bottom: 0.0001pt; text-align: right; line-height: normal; direction: rtl; unicode-bidi: embed;\"><span dir=\"LTR\" style=\"font-size: 20pt; font-family: \'Arabic Typesetting\'; color: red;\">&nbsp;</span></p>\r\n<p class=\"MsoNormal\" dir=\"RTL\" style=\"margin-bottom: 0.0001pt; text-align: center; line-height: normal; direction: rtl; unicode-bidi: embed;\" align=\"center\"><span lang=\"AR-SA\" style=\"font-size: 20pt; font-family: \'Arabic Typesetting\'; color: red;\">ويمكنك حجز استشارة منزلية من خلال الرابط التالي:</span></p>\r\n<p class=\"MsoNormal\" dir=\"RTL\" style=\"margin-bottom: 0.0001pt; text-align: center; line-height: normal; direction: rtl; unicode-bidi: embed;\" align=\"center\"><span style=\"color: black;\"><a href=\"https://page.andalusiahjh.com/home-care-go\"><span dir=\"LTR\">https://page.andalusiahjh.com/home-care-go</span></a></span></p>\r\n<p class=\"MsoNormal\" dir=\"RTL\" style=\"margin-bottom: 0.0001pt; text-align: center; line-height: normal; direction: rtl; unicode-bidi: embed;\" align=\"center\"><span lang=\"AR-SA\" style=\"font-size: 20pt; font-family: \'Arabic Typesetting\'; color: red;\">&nbsp;</span></p>\r\n<p class=\"MsoNormal\" dir=\"RTL\" style=\"margin-bottom: 0.0001pt; text-align: center; line-height: normal; direction: rtl; unicode-bidi: embed;\" align=\"center\"><span lang=\"AR-SA\" style=\"font-size: 20pt; font-family: \'Arabic Typesetting\'; color: red;\">&nbsp;</span><span lang=\"AR-SA\" style=\"font-size: 20pt; font-family: \'Arabic Typesetting\'; color: black;\">شكراً لثقتك بمجموعة أندلسية الطبية</span></p>\r\n<p class=\"MsoNormal\" dir=\"RTL\" style=\"margin-bottom: 0.0001pt; text-align: center; line-height: normal; direction: rtl; unicode-bidi: embed;\" align=\"center\"><span dir=\"LTR\" style=\"font-size: 20pt; font-family: \'Arabic Typesetting\';\">&nbsp;</span></p>\r\n</td>\r\n</tr>\r\n</tbody>\r\n</table>\r\n<p>&nbsp;</p>',NULL,'rich_text_box',36,'Notification'),(52,'sms.new','new','تم إرسال حجز الموعد مع طبيبك المختص في خدمة DotCare للتفاصيل:\r\nhttps://www.andalusia.care/user/person/online-consultation',NULL,'text_area',37,'sms'),(53,'sms.confirmed','confirmed','تم تأكيد حجز الموعد مع طبيبك المختص في خدمة DotCare للتفاصيل:\r\nhttps://www.andalusia.care/user/person/online-consultation',NULL,'text_area',38,'sms'),(54,'sms.rejected','rejected','تم إلغاء الحجز الخاص بك في خدمة DotCare للتفاصيل:\r\nhttps://www.andalusia.care/user/person/online-consultation',NULL,'text_area',39,'sms'),(55,'sms.payment','payment','تم تأكيد دفع حجز الموعد مع طبيبك المختص في خدمة DotCare للتفاصيل:\r\nhttps://www.andalusia.care/user/person/online-consultation',NULL,'text_area',40,'sms'),(56,'sms.change','change','تم تغيير موعد الحجز الخاص بك في خدمة DotCare إلى [[Appointment_start]] للتفاصيل:\r\nhttps://www.andalusia.care/user/person/online-consultation',NULL,'text_area',40,'sms'),(57,'notification.change','change','<p>&nbsp;</p>\r\n<p class=\"MsoNormal\"><span style=\"font-family: \'Times New Roman\',serif; mso-ascii-theme-font: major-bidi; mso-hansi-theme-font: major-bidi; mso-bidi-theme-font: major-bidi;\"><span style=\"mso-spacerun: yes;\">&nbsp;</span></span></p>\r\n<table class=\"MsoTableGrid\" style=\"margin-left: 28.5pt; border-collapse: collapse; border: none; mso-border-alt: solid windowtext .5pt; mso-yfti-tbllook: 1184; mso-padding-alt: 0in 5.4pt 0in 5.4pt;\" border=\"1\" cellspacing=\"0\" cellpadding=\"0\">\r\n<tbody>\r\n<tr style=\"mso-yfti-irow: 0; mso-yfti-firstrow: yes; height: 16.85pt;\">\r\n<td style=\"width: 79.25pt; border: solid windowtext 1.0pt; mso-border-alt: solid windowtext .5pt; background: #F7CAAC; mso-background-themecolor: accent2; mso-background-themetint: 102; padding: 0in 5.4pt 0in 5.4pt; height: 16.85pt;\" valign=\"top\" width=\"106\">\r\n<p class=\"MsoNormal\" style=\"margin-bottom: .0001pt; text-align: center; line-height: normal;\" align=\"center\"><strong><span style=\"font-size: 16.0pt; font-family: \'Arabic Typesetting\';\">Email Topic</span></strong></p>\r\n</td>\r\n<td style=\"width: 331.7pt; border: solid windowtext 1.0pt; border-left: none; mso-border-left-alt: solid windowtext .5pt; mso-border-alt: solid windowtext .5pt; background: #F7CAAC; mso-background-themecolor: accent2; mso-background-themetint: 102; padding: 0in 5.4pt 0in 5.4pt; height: 16.85pt;\" valign=\"top\" width=\"442\">\r\n<p class=\"MsoNormal\" dir=\"RTL\" style=\"margin-bottom: .0001pt; text-align: center; line-height: normal; direction: rtl; unicode-bidi: embed;\" align=\"center\"><span lang=\"AR-EG\" style=\"font-size: 20.0pt; font-family: \'Arabic Typesetting\'; color: black; mso-color-alt: windowtext; mso-bidi-language: AR-EG;\">موعدك في خدمة أندلسية </span><span dir=\"LTR\" style=\"font-size: 20.0pt; font-family: \'Arabic Typesetting\'; color: black; mso-color-alt: windowtext; mso-bidi-language: AR-EG;\"><span style=\"mso-spacerun: yes;\">&nbsp;</span>DotCare</span></p>\r\n</td>\r\n</tr>\r\n<tr style=\"mso-yfti-irow: 1; mso-yfti-lastrow: yes; height: 16.85pt;\">\r\n<td style=\"width: 79.25pt; border: solid windowtext 1.0pt; border-top: none; mso-border-top-alt: solid windowtext .5pt; mso-border-alt: solid windowtext .5pt; background: #F7CAAC; mso-background-themecolor: accent2; mso-background-themetint: 102; padding: 0in 5.4pt 0in 5.4pt; height: 16.85pt;\" valign=\"top\" width=\"106\">\r\n<p class=\"MsoNormal\" style=\"margin-bottom: .0001pt; text-align: center; line-height: normal;\" align=\"center\"><span style=\"font-size: 20.0pt; font-family: \'Arabic Typesetting\';\">&nbsp;</span></p>\r\n<p class=\"MsoNormal\" style=\"margin-bottom: .0001pt; text-align: center; line-height: normal;\" align=\"center\"><span style=\"font-size: 20.0pt; font-family: \'Arabic Typesetting\';\">&nbsp;</span></p>\r\n<p class=\"MsoNormal\" style=\"margin-bottom: .0001pt; text-align: center; line-height: normal;\" align=\"center\"><span style=\"font-size: 20.0pt; font-family: \'Arabic Typesetting\';\">&nbsp;</span></p>\r\n<p class=\"MsoNormal\" style=\"margin-bottom: .0001pt; text-align: center; line-height: normal;\" align=\"center\"><span style=\"font-size: 20.0pt; font-family: \'Arabic Typesetting\';\">&nbsp;</span></p>\r\n<p class=\"MsoNormal\" style=\"margin-bottom: .0001pt; text-align: center; line-height: normal;\" align=\"center\"><strong><span style=\"font-size: 16.0pt; font-family: \'Times New Roman\',serif; mso-ascii-theme-font: major-bidi; mso-hansi-theme-font: major-bidi; mso-bidi-theme-font: major-bidi; color: black; mso-color-alt: windowtext;\">Change</span></strong></p>\r\n</td>\r\n<td style=\"width: 331.7pt; border-top: none; border-left: none; border-bottom: solid windowtext 1.0pt; border-right: solid windowtext 1.0pt; mso-border-top-alt: solid windowtext .5pt; mso-border-left-alt: solid windowtext .5pt; mso-border-alt: solid windowtext .5pt; background: white; mso-background-themecolor: background1; padding: 0in 5.4pt 0in 5.4pt; height: 16.85pt;\" valign=\"top\" width=\"442\">\r\n<p class=\"MsoNormal\" style=\"margin-bottom: .0001pt; text-align: right; line-height: normal;\" align=\"right\"><span dir=\"RTL\" lang=\"AR-SA\" style=\"font-size: 20.0pt; font-family: \'Arabic Typesetting\'; color: black; mso-color-alt: windowtext;\">عزيزي سيد\\ [[user_name]]</span></p>\r\n<p class=\"MsoNormal\" dir=\"RTL\" style=\"margin-bottom: .0001pt; text-align: center; line-height: normal; direction: rtl; unicode-bidi: embed;\" align=\"center\"><strong><span lang=\"AR-SA\" style=\"font-size: 26.0pt; font-family: \'Arabic Typesetting\'; color: #7030a0;\">لقد تم </span></strong><strong><span lang=\"AR-EG\" style=\"font-size: 26.0pt; font-family: \'Arabic Typesetting\'; color: #7030a0; mso-bidi-language: AR-EG;\">تغيير موعد</span></strong><strong><span lang=\"AR-SA\" style=\"font-size: 26.0pt; font-family: \'Arabic Typesetting\'; color: #7030a0;\"> الحجز الخاص بك بنجاح</span></strong></p>\r\n<p class=\"MsoNormal\" dir=\"RTL\" style=\"margin-bottom: .0001pt; text-align: center; line-height: normal; direction: rtl; unicode-bidi: embed;\" align=\"center\"><span lang=\"AR-SA\" style=\"font-size: 20.0pt; font-family: \'Arabic Typesetting\'; color: red;\">&nbsp;</span></p>\r\n<p class=\"MsoNormal\" dir=\"RTL\" style=\"margin-bottom: .0001pt; text-align: right; line-height: normal; direction: rtl; unicode-bidi: embed;\"><span lang=\"AR-EG\" style=\"font-size: 20.0pt; font-family: \'Arabic Typesetting\'; color: black; mso-color-alt: windowtext; mso-bidi-language: AR-EG;\">الأسم:[[user_name]]</span></p>\r\n<p class=\"MsoNormal\" dir=\"RTL\" style=\"margin-bottom: .0001pt; text-align: right; line-height: normal; direction: rtl; unicode-bidi: embed;\"><span lang=\"AR-EG\" style=\"font-size: 20.0pt; font-family: \'Arabic Typesetting\'; color: black; mso-color-alt: windowtext; mso-bidi-language: AR-EG;\"><span style=\"font-size: 26.6667px;\">رقم الهاتف:[[user_phone]]</span></span></p>\r\n<p class=\"MsoNormal\" dir=\"RTL\" style=\"margin-bottom: .0001pt; text-align: right; line-height: normal; direction: rtl; unicode-bidi: embed;\"><span lang=\"AR-EG\" style=\"font-size: 20.0pt; font-family: \'Arabic Typesetting\'; color: black; mso-color-alt: windowtext; mso-bidi-language: AR-EG;\">البريد الألكتروني: [[user_email]]</span></p>\r\n<p class=\"MsoNormal\" dir=\"RTL\" style=\"margin-bottom: .0001pt; text-align: right; line-height: normal; direction: rtl; unicode-bidi: embed;\"><span lang=\"AR-EG\" style=\"font-size: 20.0pt; font-family: \'Arabic Typesetting\'; color: black; mso-color-alt: windowtext; mso-bidi-language: AR-EG;\">أسم الطبيب: [[doctor_name]]</span></p>\r\n<p class=\"MsoNormal\" dir=\"RTL\" style=\"margin-bottom: .0001pt; text-align: right; line-height: normal; direction: rtl; unicode-bidi: embed;\"><span lang=\"AR-EG\" style=\"font-size: 20.0pt; font-family: \'Arabic Typesetting\'; color: black; mso-color-alt: windowtext; mso-bidi-language: AR-EG;\"><span style=\"mso-spacerun: yes;\">&nbsp;</span>وقت الحجز: [[Appointment_start]]</span></p>\r\n<p class=\"MsoNormal\" dir=\"RTL\" style=\"margin-bottom: .0001pt; text-align: right; line-height: normal; direction: rtl; unicode-bidi: embed;\"><span lang=\"AR-EG\" style=\"font-size: 20.0pt; font-family: \'Arabic Typesetting\'; color: black; mso-color-alt: windowtext; mso-bidi-language: AR-EG;\">مدة الحجز: [[Appointment_duration]]</span></p>\r\n<p class=\"MsoNormal\" dir=\"RTL\" style=\"margin-bottom: .0001pt; text-align: right; line-height: normal; direction: rtl; unicode-bidi: embed;\"><span lang=\"AR-SA\" style=\"font-size: 20.0pt; font-family: \'Arabic Typesetting\'; color: red;\">&nbsp;</span></p>\r\n<p class=\"MsoNormal\" dir=\"RTL\" style=\"margin-bottom: .0001pt; text-align: center; line-height: normal; direction: rtl; unicode-bidi: embed;\" align=\"center\"><strong><span lang=\"AR-SA\" style=\"font-size: 24.0pt; font-family: \'Arabic Typesetting\'; color: #7030a0;\">عندما تكون مستعد </span></strong></p>\r\n<p class=\"MsoNormal\" dir=\"RTL\" style=\"margin-bottom: .0001pt; text-align: center; line-height: normal; direction: rtl; unicode-bidi: embed;\" align=\"center\"><span lang=\"AR-SA\" style=\"font-size: 20.0pt; font-family: \'Arabic Typesetting\'; color: black; mso-color-alt: windowtext;\">اضغط على الرابط التالي لبدء المحادثة مع طبيبك:</span></p>\r\n<p class=\"MsoNormal\" dir=\"RTL\" style=\"margin-bottom: .0001pt; text-align: center; line-height: normal; direction: rtl; unicode-bidi: embed;\" align=\"center\"><a href=\"https://www.andalusia.care/user/person/online-consultation\"><span dir=\"LTR\">https://www.andalusia.care/user/person/online-consultation</span></a></p>\r\n<p class=\"MsoNormal\" dir=\"RTL\" style=\"margin-bottom: .0001pt; text-align: center; line-height: normal; direction: rtl; unicode-bidi: embed;\" align=\"center\"><span dir=\"LTR\" style=\"font-size: 20.0pt; font-family: \'Arabic Typesetting\'; color: red;\">&nbsp;</span></p>\r\n<p class=\"MsoNormal\" dir=\"RTL\" style=\"margin-bottom: .0001pt; text-align: center; line-height: normal; direction: rtl; unicode-bidi: embed;\" align=\"center\"><span lang=\"AR-SA\" style=\"font-size: 20.0pt; font-family: \'Arabic Typesetting\'; color: red;\">ويمكنك حجز استشارة منزلية من خلال الرابط التالي:</span></p>\r\n<p class=\"MsoNormal\" dir=\"RTL\" style=\"margin-bottom: .0001pt; text-align: center; line-height: normal; direction: rtl; unicode-bidi: embed;\" align=\"center\"><span style=\"color: black; mso-color-alt: windowtext;\"><a href=\"https://page.andalusiahjh.com/home-care-go\"><span dir=\"LTR\">https://page.andalusiahjh.com/home-care-go</span></a></span></p>\r\n<p class=\"MsoNormal\" dir=\"RTL\" style=\"margin-bottom: .0001pt; text-align: center; line-height: normal; direction: rtl; unicode-bidi: embed;\" align=\"center\"><span lang=\"AR-SA\" style=\"font-size: 20.0pt; font-family: \'Arabic Typesetting\'; color: red;\">&nbsp;</span></p>\r\n<p class=\"MsoNormal\" dir=\"RTL\" style=\"margin-bottom: .0001pt; text-align: center; line-height: normal; direction: rtl; unicode-bidi: embed;\" align=\"center\"><span lang=\"AR-SA\" style=\"font-size: 20.0pt; font-family: \'Arabic Typesetting\'; color: red;\"><span style=\"mso-spacerun: yes;\">&nbsp;</span></span><span lang=\"AR-SA\" style=\"font-size: 20.0pt; font-family: \'Arabic Typesetting\'; color: black; mso-color-alt: windowtext;\">شكراً لثقتك بمستشفيات أندلسية</span></p>\r\n</td>\r\n</tr>\r\n</tbody>\r\n</table>\r\n<p class=\"MsoNormal\"><span style=\"font-size: 20.0pt; line-height: 107%; font-family: \'Arabic Typesetting\';\">&nbsp;</span></p>\r\n<p class=\"MsoNormal\"><span style=\"mso-tab-count: 1;\">&nbsp;&nbsp;&nbsp;&nbsp;&nbsp;&nbsp;&nbsp;&nbsp;&nbsp;&nbsp;&nbsp;&nbsp;&nbsp;&nbsp;&nbsp; </span></p>\r\n<p class=\"MsoNormal\">&nbsp;</p>\r\n<p>&nbsp;</p>',NULL,'rich_text_box',37,'Notification'),(58,'site.terms_ar','Terms (AR)','<p>بعض الكلام هنا</p>',NULL,'rich_text_box',32,'Site'),(59,'site.consent_ar','consent (AR)','<p>بعض الكلام</p>',NULL,'rich_text_box',34,'Site'),(60,'notification.user_new','new user','<table class=\"MsoTableGrid\" style=\"margin-left: 28.5pt; border-collapse: collapse; border: none; mso-border-alt: solid windowtext .5pt; mso-yfti-tbllook: 1184; mso-padding-alt: 0in 5.4pt 0in 5.4pt;\" border=\"1\" cellspacing=\"0\" cellpadding=\"0\">\r\n<tbody>\r\n<tr style=\"mso-yfti-irow: 0; mso-yfti-firstrow: yes; height: 16.85pt;\">\r\n<td style=\"width: 79.25pt; border: solid windowtext 1.0pt; mso-border-alt: solid windowtext .5pt; background: #9CC2E5; mso-background-themecolor: accent1; mso-background-themetint: 153; padding: 0in 5.4pt 0in 5.4pt; height: 16.85pt;\" valign=\"top\" width=\"106\">\r\n<p class=\"MsoNormal\" style=\"margin-bottom: .0001pt; text-align: center; line-height: normal;\" align=\"center\"><strong><span style=\"font-size: 20.0pt; font-family: \'Arabic Typesetting\';\">Email Topic</span></strong></p>\r\n</td>\r\n<td style=\"width: 331.7pt; border: solid windowtext 1.0pt; border-left: none; mso-border-left-alt: solid windowtext .5pt; mso-border-alt: solid windowtext .5pt; background: #9CC2E5; mso-background-themecolor: accent1; mso-background-themetint: 153; padding: 0in 5.4pt 0in 5.4pt; height: 16.85pt;\" valign=\"top\" width=\"442\">\r\n<p class=\"MsoNormal\" dir=\"RTL\" style=\"margin-bottom: .0001pt; text-align: right; line-height: normal; direction: rtl; unicode-bidi: embed;\"><span lang=\"AR-EG\" style=\"font-size: 20.0pt; font-family: \'Arabic Typesetting\'; color: black; mso-color-alt: windowtext; mso-bidi-language: AR-EG;\">مرحباً بك في خدمة أندلسية</span><span dir=\"LTR\" style=\"font-size: 20.0pt; font-family: \'Arabic Typesetting\'; color: black; mso-color-alt: windowtext; mso-bidi-language: AR-EG;\"> DotCare</span></p>\r\n</td>\r\n</tr>\r\n<tr style=\"mso-yfti-irow: 1; mso-yfti-lastrow: yes; height: 16.85pt;\">\r\n<td style=\"width: 79.25pt; border: solid windowtext 1.0pt; border-top: none; mso-border-top-alt: solid windowtext .5pt; mso-border-alt: solid windowtext .5pt; background: #9CC2E5; mso-background-themecolor: accent1; mso-background-themetint: 153; padding: 0in 5.4pt 0in 5.4pt; height: 16.85pt;\" valign=\"top\" width=\"106\">\r\n<p class=\"MsoNormal\" style=\"margin-bottom: .0001pt; text-align: center; line-height: normal;\" align=\"center\"><span style=\"font-size: 20.0pt; font-family: \'Arabic Typesetting\';\">&nbsp;</span></p>\r\n<p class=\"MsoNormal\" style=\"margin-bottom: .0001pt; text-align: center; line-height: normal;\" align=\"center\"><span style=\"font-size: 20.0pt; font-family: \'Arabic Typesetting\';\">&nbsp;</span></p>\r\n<p class=\"MsoNormal\" style=\"margin-bottom: .0001pt; text-align: center; line-height: normal;\" align=\"center\"><span style=\"font-size: 20.0pt; font-family: \'Arabic Typesetting\';\">&nbsp;</span></p>\r\n<p class=\"MsoNormal\" style=\"margin-bottom: .0001pt; text-align: center; line-height: normal;\" align=\"center\"><span style=\"font-size: 20.0pt; font-family: \'Arabic Typesetting\';\">&nbsp;</span></p>\r\n<p class=\"MsoNormal\" style=\"margin-bottom: .0001pt; text-align: center; line-height: normal;\" align=\"center\"><strong><span style=\"font-size: 20.0pt; font-family: \'Arabic Typesetting\'; color: black; mso-color-alt: windowtext;\">Registration </span></strong></p>\r\n</td>\r\n<td style=\"width: 331.7pt; border-top: none; border-left: none; border-bottom: solid windowtext 1.0pt; border-right: solid windowtext 1.0pt; mso-border-top-alt: solid windowtext .5pt; mso-border-left-alt: solid windowtext .5pt; mso-border-alt: solid windowtext .5pt; background: white; mso-background-themecolor: background1; padding: 0in 5.4pt 0in 5.4pt; height: 16.85pt;\" valign=\"top\" width=\"442\">\r\n<p class=\"MsoNormal\" style=\"margin-bottom: .0001pt; text-align: right; line-height: normal;\" align=\"right\"><span dir=\"RTL\" lang=\"AR-SA\" style=\"font-size: 20.0pt; font-family: \'Arabic Typesetting\'; color: black; mso-color-alt: windowtext;\">عزيزي سيد\\ [[user_name]]</span></p>\r\n<p class=\"MsoNormal\" style=\"margin-bottom: .0001pt; text-align: right; line-height: normal;\" align=\"right\"><span dir=\"RTL\" lang=\"AR-SA\" style=\"font-size: 20.0pt; font-family: \'Arabic Typesetting\';\">&nbsp;</span></p>\r\n<p class=\"MsoNormal\" dir=\"RTL\" style=\"margin-bottom: .0001pt; text-align: center; line-height: normal; direction: rtl; unicode-bidi: embed;\" align=\"center\"><strong><span lang=\"AR-SA\" style=\"font-size: 26.0pt; font-family: \'Arabic Typesetting\'; color: #7030a0;\">لقد تم التسجيل في خدمة الــ</span></strong><strong><span dir=\"LTR\" style=\"font-size: 26.0pt; font-family: \'Arabic Typesetting\'; color: #7030a0;\">DotCare</span></strong><strong><span lang=\"AR-EG\" style=\"font-size: 26.0pt; font-family: \'Arabic Typesetting\'; color: #7030a0; mso-bidi-language: AR-EG;\"> بنجاح</span></strong></p>\r\n<p class=\"MsoNormal\" dir=\"RTL\" style=\"margin-bottom: .0001pt; text-align: right; line-height: normal; direction: rtl; unicode-bidi: embed;\"><span lang=\"AR-SA\" style=\"font-size: 20.0pt; font-family: \'Arabic Typesetting\'; color: red;\">&nbsp;</span></p>\r\n<p class=\"MsoNormal\" dir=\"RTL\" style=\"margin-bottom: .0001pt; text-align: center; line-height: normal; direction: rtl; unicode-bidi: embed;\" align=\"center\"><strong><span lang=\"AR-SA\" style=\"font-size: 26.0pt; font-family: \'Arabic Typesetting\'; color: #7030a0;\">لحجز أول موعد أونلاين</span></strong></p>\r\n<p class=\"MsoNormal\" dir=\"RTL\" style=\"margin-bottom: .0001pt; text-align: center; line-height: normal; direction: rtl; unicode-bidi: embed;\" align=\"center\"><span lang=\"AR-SA\" style=\"font-size: 20.0pt; font-family: \'Arabic Typesetting\'; color: black; mso-color-alt: windowtext;\">اضغط على الرابط التالي:</span></p>\r\n<p class=\"MsoNormal\" dir=\"RTL\" style=\"margin-bottom: .0001pt; text-align: center; line-height: normal; direction: rtl; unicode-bidi: embed;\" align=\"center\"><a href=\"https://www.andalusia.care/user/person/online-consultation\"><span dir=\"LTR\">https://www.andalusia.care/user/person/online-consultation</span></a></p>\r\n<p class=\"MsoNormal\" dir=\"RTL\" style=\"margin-bottom: .0001pt; text-align: center; line-height: normal; direction: rtl; unicode-bidi: embed;\" align=\"center\"><span lang=\"AR-SA\" style=\"font-size: 20.0pt; font-family: \'Arabic Typesetting\'; color: red;\">&nbsp;</span></p>\r\n<p class=\"MsoNormal\" dir=\"RTL\" style=\"margin-bottom: .0001pt; text-align: center; line-height: normal; direction: rtl; unicode-bidi: embed;\" align=\"center\"><span lang=\"AR-SA\" style=\"font-size: 20.0pt; font-family: \'Arabic Typesetting\'; color: red;\">ويمكنك حجز استشارة منزلية من خلال الرابط التالي:</span></p>\r\n<p class=\"MsoNormal\" dir=\"RTL\" style=\"margin-bottom: .0001pt; text-align: center; line-height: normal; direction: rtl; unicode-bidi: embed;\" align=\"center\"><span style=\"color: black; mso-color-alt: windowtext;\"><a href=\"https://page.andalusiahjh.com/home-care-go\"><span dir=\"LTR\">https://page.andalusiahjh.com/home-care-go</span></a></span></p>\r\n<p class=\"MsoNormal\" dir=\"RTL\" style=\"margin-bottom: .0001pt; text-align: center; line-height: normal; direction: rtl; unicode-bidi: embed;\" align=\"center\"><span lang=\"AR-SA\" style=\"font-family: \'Arial\',sans-serif; mso-ascii-font-family: Calibri; mso-ascii-theme-font: minor-latin; mso-hansi-font-family: Calibri; mso-hansi-theme-font: minor-latin; mso-bidi-theme-font: minor-bidi;\">&nbsp;</span></p>\r\n<p class=\"MsoNormal\" dir=\"RTL\" style=\"margin-bottom: .0001pt; text-align: center; line-height: normal; direction: rtl; unicode-bidi: embed;\" align=\"center\"><span lang=\"AR-SA\" style=\"font-size: 20.0pt; font-family: \'Arabic Typesetting\'; color: red;\"><span style=\"mso-spacerun: yes;\">&nbsp;</span></span><span lang=\"AR-SA\" style=\"font-size: 20.0pt; font-family: \'Arabic Typesetting\'; color: black; mso-color-alt: windowtext;\">شكراً لثقتك بمجموعة أندلسية الطبية</span></p>\r\n<p class=\"MsoNormal\" dir=\"RTL\" style=\"margin-bottom: .0001pt; text-align: center; line-height: normal; direction: rtl; unicode-bidi: embed;\" align=\"center\"><span dir=\"LTR\" style=\"font-size: 20.0pt; font-family: \'Arabic Typesetting\';\">&nbsp;</span></p>\r\n</td>\r\n</tr>\r\n</tbody>\r\n</table>\r\n<p class=\"MsoNormal\"><span style=\"font-size: 20.0pt; line-height: 107%; font-family: \'Arabic Typesetting\';\">&nbsp;</span></p>\r\n<p class=\"MsoNormal\"><span style=\"mso-tab-count: 1;\">&nbsp;&nbsp;&nbsp;&nbsp;&nbsp;&nbsp;&nbsp;&nbsp;&nbsp;&nbsp;&nbsp;&nbsp;&nbsp;&nbsp;&nbsp; </span></p>\r\n<p class=\"MsoNormal\">&nbsp;</p>',NULL,'rich_text_box',38,'Notification'),(61,'sms.user_new','new user','لقد تم التسجيل في خدمة الــDotCare بنجاح لحجز أول موعد أونلاين:\r\nhttps://www.andalusia.care/user/person/online-consultation',NULL,'text_area',41,'sms'),(62,'notification.coordinator_emails','coordinator emails','Hjh-OnlineConfirmation@andalusiagroup.net','{\"validation\":{\"rule\":\"emails\"}}','text_area',41,'Notification'),(63,'sms.coordinator_phones','coordinator phones','966560779354','{\"validation\":{\"rule\":\"phones\"}}','text_area',45,'sms'),(64,'notification.payment_failed','payment failed','<table class=\"MsoTableGrid\" style=\"margin-left: 28.5pt; border-collapse: collapse; border: none; mso-border-alt: solid windowtext .5pt; mso-yfti-tbllook: 1184; mso-padding-alt: 0in 5.4pt 0in 5.4pt;\" border=\"1\" cellspacing=\"0\" cellpadding=\"0\">\r\n<tbody>\r\n<tr style=\"mso-yfti-irow: 0; mso-yfti-firstrow: yes; height: 16.85pt;\">\r\n<td style=\"width: 79.25pt; border: solid windowtext 1.0pt; mso-border-alt: solid windowtext .5pt; background: #9CC2E5; mso-background-themecolor: accent1; mso-background-themetint: 153; padding: 0in 5.4pt 0in 5.4pt; height: 16.85pt;\" valign=\"top\" width=\"106\">\r\n<p class=\"MsoNormal\" style=\"margin-bottom: .0001pt; text-align: center; line-height: normal;\" align=\"center\"><strong><span style=\"font-size: 20.0pt; font-family: \'Arabic Typesetting\';\">Email Topic</span></strong></p>\r\n</td>\r\n<td style=\"width: 331.7pt; border: solid windowtext 1.0pt; border-left: none; mso-border-left-alt: solid windowtext .5pt; mso-border-alt: solid windowtext .5pt; background: #9CC2E5; mso-background-themecolor: accent1; mso-background-themetint: 153; padding: 0in 5.4pt 0in 5.4pt; height: 16.85pt;\" valign=\"top\" width=\"442\">\r\n<p class=\"MsoNormal\" dir=\"RTL\" style=\"margin-bottom: .0001pt; text-align: right; line-height: normal; direction: rtl; unicode-bidi: embed;\"><span lang=\"AR-EG\" style=\"font-size: 20.0pt; font-family: \'Arabic Typesetting\'; color: black; mso-color-alt: windowtext; mso-bidi-language: AR-EG;\">لقد فشل الدفع في خدمة أندلسية</span><span dir=\"LTR\" style=\"font-size: 20.0pt; font-family: \'Arabic Typesetting\'; color: black; mso-color-alt: windowtext; mso-bidi-language: AR-EG;\"> DotCare</span></p>\r\n</td>\r\n</tr>\r\n<tr style=\"mso-yfti-irow: 1; mso-yfti-lastrow: yes; height: 16.85pt;\">\r\n<td style=\"width: 79.25pt; border: solid windowtext 1.0pt; border-top: none; mso-border-top-alt: solid windowtext .5pt; mso-border-alt: solid windowtext .5pt; background: #9CC2E5; mso-background-themecolor: accent1; mso-background-themetint: 153; padding: 0in 5.4pt 0in 5.4pt; height: 16.85pt;\" valign=\"top\" width=\"106\">\r\n<p class=\"MsoNormal\" style=\"margin-bottom: .0001pt; text-align: center; line-height: normal;\" align=\"center\"><span style=\"font-size: 20.0pt; font-family: \'Arabic Typesetting\';\">&nbsp;</span></p>\r\n<p class=\"MsoNormal\" style=\"margin-bottom: .0001pt; text-align: center; line-height: normal;\" align=\"center\"><span style=\"font-size: 20.0pt; font-family: \'Arabic Typesetting\';\">&nbsp;</span></p>\r\n<p class=\"MsoNormal\" style=\"margin-bottom: .0001pt; text-align: center; line-height: normal;\" align=\"center\"><span style=\"font-size: 20.0pt; font-family: \'Arabic Typesetting\';\">&nbsp;</span></p>\r\n<p class=\"MsoNormal\" style=\"margin-bottom: .0001pt; text-align: center; line-height: normal;\" align=\"center\"><span style=\"font-size: 20.0pt; font-family: \'Arabic Typesetting\';\">&nbsp;</span></p>\r\n<p class=\"MsoNormal\" style=\"margin-bottom: .0001pt; text-align: center; line-height: normal;\" align=\"center\"><strong><span style=\"font-size: 20.0pt; font-family: \'Arabic Typesetting\'; color: black; mso-color-alt: windowtext;\">Failed Payment </span></strong></p>\r\n</td>\r\n<td style=\"width: 331.7pt; border-top: none; border-left: none; border-bottom: solid windowtext 1.0pt; border-right: solid windowtext 1.0pt; mso-border-top-alt: solid windowtext .5pt; mso-border-left-alt: solid windowtext .5pt; mso-border-alt: solid windowtext .5pt; background: white; mso-background-themecolor: background1; padding: 0in 5.4pt 0in 5.4pt; height: 16.85pt;\" valign=\"top\" width=\"442\">\r\n<p class=\"MsoNormal\" style=\"margin-bottom: .0001pt; text-align: right; line-height: normal;\" align=\"right\"><span dir=\"RTL\" lang=\"AR-SA\" style=\"font-size: 20.0pt; font-family: \'Arabic Typesetting\'; color: black; mso-color-alt: windowtext;\">عزيزي سيد\\ [[user_name]]</span></p>\r\n<p class=\"MsoNormal\" style=\"margin-bottom: .0001pt; text-align: right; line-height: normal;\" align=\"right\"><span dir=\"RTL\" lang=\"AR-SA\" style=\"font-size: 20.0pt; font-family: \'Arabic Typesetting\';\">&nbsp;</span></p>\r\n<p class=\"MsoNormal\" dir=\"RTL\" style=\"margin-bottom: .0001pt; text-align: center; line-height: normal; direction: rtl; unicode-bidi: embed;\" align=\"center\"><strong><span lang=\"AR-SA\" style=\"font-size: 26.0pt; font-family: \'Arabic Typesetting\'; color: #7030a0;\">لقد فشلت عملية الدفع في خدمة الــ</span></strong><strong><span dir=\"LTR\" style=\"font-size: 26.0pt; font-family: \'Arabic Typesetting\'; color: #7030a0;\">DotCare</span></strong><strong><span lang=\"AR-EG\" style=\"font-size: 26.0pt; font-family: \'Arabic Typesetting\'; color: #7030a0; mso-bidi-language: AR-EG;\"> بنجاح</span></strong></p>\r\n<p class=\"MsoNormal\" dir=\"RTL\" style=\"margin-bottom: .0001pt; text-align: right; line-height: normal; direction: rtl; unicode-bidi: embed;\"><span lang=\"AR-SA\" style=\"font-size: 20.0pt; font-family: \'Arabic Typesetting\'; color: red;\">&nbsp;</span></p>\r\n<p class=\"MsoNormal\" dir=\"RTL\" style=\"margin-bottom: .0001pt; text-align: right; line-height: normal; direction: rtl; unicode-bidi: embed;\"><span lang=\"AR-EG\" style=\"font-size: 20.0pt; font-family: \'Arabic Typesetting\'; color: black; mso-color-alt: windowtext; mso-bidi-language: AR-EG;\">رقم العملية: [[order_id]]</span></p>\r\n<p class=\"MsoNormal\" dir=\"RTL\" style=\"margin-bottom: .0001pt; text-align: center; line-height: normal; direction: rtl; unicode-bidi: embed;\" align=\"center\"><strong><span lang=\"AR-SA\" style=\"font-size: 26.0pt; font-family: \'Arabic Typesetting\'; color: #7030a0;\">لحجز أول موعد أونلاين</span></strong></p>\r\n<p class=\"MsoNormal\" dir=\"RTL\" style=\"margin-bottom: .0001pt; text-align: center; line-height: normal; direction: rtl; unicode-bidi: embed;\" align=\"center\"><span lang=\"AR-SA\" style=\"font-size: 20.0pt; font-family: \'Arabic Typesetting\'; color: black; mso-color-alt: windowtext;\">اضغط على الرابط التالي:</span></p>\r\n<p class=\"MsoNormal\" dir=\"RTL\" style=\"margin-bottom: .0001pt; text-align: center; line-height: normal; direction: rtl; unicode-bidi: embed;\" align=\"center\"><a href=\"https://www.andalusia.care/user/person/online-consultation\"><span dir=\"LTR\">https://www.andalusia.care/user/person/online-consultation</span></a></p>\r\n<p class=\"MsoNormal\" dir=\"RTL\" style=\"margin-bottom: .0001pt; text-align: center; line-height: normal; direction: rtl; unicode-bidi: embed;\" align=\"center\"><span lang=\"AR-SA\" style=\"font-size: 20.0pt; font-family: \'Arabic Typesetting\'; color: red;\">&nbsp;</span></p>\r\n<p class=\"MsoNormal\" dir=\"RTL\" style=\"margin-bottom: .0001pt; text-align: center; line-height: normal; direction: rtl; unicode-bidi: embed;\" align=\"center\"><span lang=\"AR-SA\" style=\"font-size: 20.0pt; font-family: \'Arabic Typesetting\'; color: red;\">ويمكنك حجز استشارة منزلية من خلال الرابط التالي:</span></p>\r\n<p class=\"MsoNormal\" dir=\"RTL\" style=\"margin-bottom: .0001pt; text-align: center; line-height: normal; direction: rtl; unicode-bidi: embed;\" align=\"center\"><span style=\"color: black; mso-color-alt: windowtext;\"><a href=\"https://page.andalusiahjh.com/home-care-go\"><span dir=\"LTR\">https://page.andalusiahjh.com/home-care-go</span></a></span></p>\r\n<p class=\"MsoNormal\" dir=\"RTL\" style=\"margin-bottom: .0001pt; text-align: center; line-height: normal; direction: rtl; unicode-bidi: embed;\" align=\"center\"><span lang=\"AR-SA\" style=\"font-family: \'Arial\',sans-serif; mso-ascii-font-family: Calibri; mso-ascii-theme-font: minor-latin; mso-hansi-font-family: Calibri; mso-hansi-theme-font: minor-latin; mso-bidi-theme-font: minor-bidi;\">&nbsp;</span></p>\r\n<p class=\"MsoNormal\" dir=\"RTL\" style=\"margin-bottom: .0001pt; text-align: center; line-height: normal; direction: rtl; unicode-bidi: embed;\" align=\"center\"><span lang=\"AR-SA\" style=\"font-size: 20.0pt; font-family: \'Arabic Typesetting\'; color: red;\"><span style=\"mso-spacerun: yes;\">&nbsp;</span></span><span lang=\"AR-SA\" style=\"font-size: 20.0pt; font-family: \'Arabic Typesetting\'; color: black; mso-color-alt: windowtext;\">شكراً لثقتك بمجموعة أندلسية الطبية</span></p>\r\n<p class=\"MsoNormal\" dir=\"RTL\" style=\"margin-bottom: .0001pt; text-align: center; line-height: normal; direction: rtl; unicode-bidi: embed;\" align=\"center\"><span dir=\"LTR\" style=\"font-size: 20.0pt; font-family: \'Arabic Typesetting\';\">&nbsp;</span></p>\r\n</td>\r\n</tr>\r\n</tbody>\r\n</table>\r\n<p class=\"MsoNormal\"><span style=\"font-size: 20.0pt; line-height: 107%; font-family: \'Arabic Typesetting\';\">&nbsp;</span></p>\r\n<p class=\"MsoNormal\"><span style=\"mso-tab-count: 1;\">&nbsp;&nbsp;&nbsp;&nbsp;&nbsp;&nbsp;&nbsp;&nbsp;&nbsp;&nbsp;&nbsp;&nbsp;&nbsp;&nbsp;&nbsp; </span></p>\r\n<p class=\"MsoNormal\">&nbsp;</p>',NULL,'rich_text_box',39,'Notification'),(65,'sms.payment_failed','payment failed','قد فشلت عملية الدفع رقم: [[order_id]]',NULL,'text_area',42,'sms'),(66,'notification.payment_pending','payment pending','<table class=\"MsoTableGrid\" style=\"margin-left: 28.5pt; border-collapse: collapse; border: none; mso-border-alt: solid windowtext .5pt; mso-yfti-tbllook: 1184; mso-padding-alt: 0in 5.4pt 0in 5.4pt;\" border=\"1\" cellspacing=\"0\" cellpadding=\"0\">\r\n<tbody>\r\n<tr style=\"mso-yfti-irow: 0; mso-yfti-firstrow: yes; height: 16.85pt;\">\r\n<td style=\"width: 79.25pt; border: solid windowtext 1.0pt; mso-border-alt: solid windowtext .5pt; background: #9CC2E5; mso-background-themecolor: accent1; mso-background-themetint: 153; padding: 0in 5.4pt 0in 5.4pt; height: 16.85pt;\" valign=\"top\" width=\"106\">\r\n<p class=\"MsoNormal\" style=\"margin-bottom: .0001pt; text-align: center; line-height: normal;\" align=\"center\"><strong><span style=\"font-size: 20.0pt; font-family: \'Arabic Typesetting\';\">Email Topic</span></strong></p>\r\n</td>\r\n<td style=\"width: 331.7pt; border: solid windowtext 1.0pt; border-left: none; mso-border-left-alt: solid windowtext .5pt; mso-border-alt: solid windowtext .5pt; background: #9CC2E5; mso-background-themecolor: accent1; mso-background-themetint: 153; padding: 0in 5.4pt 0in 5.4pt; height: 16.85pt;\" valign=\"top\" width=\"442\">\r\n<p class=\"MsoNormal\" dir=\"RTL\" style=\"margin-bottom: .0001pt; text-align: right; line-height: normal; direction: rtl; unicode-bidi: embed;\"><span lang=\"AR-EG\" style=\"font-size: 20.0pt; font-family: \'Arabic Typesetting\'; color: black; mso-color-alt: windowtext; mso-bidi-language: AR-EG;\">عملية الدفع قيد الانتظار في خدمة أندلسية</span><span dir=\"LTR\" style=\"font-size: 20.0pt; font-family: \'Arabic Typesetting\'; color: black; mso-color-alt: windowtext; mso-bidi-language: AR-EG;\"> DotCare</span></p>\r\n</td>\r\n</tr>\r\n<tr style=\"mso-yfti-irow: 1; mso-yfti-lastrow: yes; height: 16.85pt;\">\r\n<td style=\"width: 79.25pt; border: solid windowtext 1.0pt; border-top: none; mso-border-top-alt: solid windowtext .5pt; mso-border-alt: solid windowtext .5pt; background: #9CC2E5; mso-background-themecolor: accent1; mso-background-themetint: 153; padding: 0in 5.4pt 0in 5.4pt; height: 16.85pt;\" valign=\"top\" width=\"106\">\r\n<p class=\"MsoNormal\" style=\"margin-bottom: .0001pt; text-align: center; line-height: normal;\" align=\"center\"><span style=\"font-size: 20.0pt; font-family: \'Arabic Typesetting\';\">&nbsp;</span></p>\r\n<p class=\"MsoNormal\" style=\"margin-bottom: .0001pt; text-align: center; line-height: normal;\" align=\"center\"><span style=\"font-size: 20.0pt; font-family: \'Arabic Typesetting\';\">&nbsp;</span></p>\r\n<p class=\"MsoNormal\" style=\"margin-bottom: .0001pt; text-align: center; line-height: normal;\" align=\"center\"><span style=\"font-size: 20.0pt; font-family: \'Arabic Typesetting\';\">&nbsp;</span></p>\r\n<p class=\"MsoNormal\" style=\"margin-bottom: .0001pt; text-align: center; line-height: normal;\" align=\"center\"><span style=\"font-size: 20.0pt; font-family: \'Arabic Typesetting\';\">&nbsp;</span></p>\r\n<p class=\"MsoNormal\" style=\"margin-bottom: .0001pt; text-align: center; line-height: normal;\" align=\"center\"><strong><span style=\"font-size: 20.0pt; font-family: \'Arabic Typesetting\'; color: black; mso-color-alt: windowtext;\">Pending Payment </span></strong></p>\r\n</td>\r\n<td style=\"width: 331.7pt; border-top: none; border-left: none; border-bottom: solid windowtext 1.0pt; border-right: solid windowtext 1.0pt; mso-border-top-alt: solid windowtext .5pt; mso-border-left-alt: solid windowtext .5pt; mso-border-alt: solid windowtext .5pt; background: white; mso-background-themecolor: background1; padding: 0in 5.4pt 0in 5.4pt; height: 16.85pt;\" valign=\"top\" width=\"442\">\r\n<p class=\"MsoNormal\" style=\"margin-bottom: .0001pt; text-align: right; line-height: normal;\" align=\"right\"><span dir=\"RTL\" lang=\"AR-SA\" style=\"font-size: 20.0pt; font-family: \'Arabic Typesetting\'; color: black; mso-color-alt: windowtext;\">عزيزي سيد\\ [[user_name]]</span></p>\r\n<p class=\"MsoNormal\" style=\"margin-bottom: .0001pt; text-align: right; line-height: normal;\" align=\"right\"><span dir=\"RTL\" lang=\"AR-SA\" style=\"font-size: 20.0pt; font-family: \'Arabic Typesetting\';\">&nbsp;</span></p>\r\n<p class=\"MsoNormal\" dir=\"RTL\" style=\"margin-bottom: .0001pt; text-align: center; line-height: normal; direction: rtl; unicode-bidi: embed;\" align=\"center\"><strong><span lang=\"AR-SA\" style=\"font-size: 26.0pt; font-family: \'Arabic Typesetting\'; color: #7030a0;\">عملية الدفع قيد الانتظار في خدمة الــ</span></strong><strong><span dir=\"LTR\" style=\"font-size: 26.0pt; font-family: \'Arabic Typesetting\'; color: #7030a0;\">DotCare</span></strong><strong><span lang=\"AR-EG\" style=\"font-size: 26.0pt; font-family: \'Arabic Typesetting\'; color: #7030a0; mso-bidi-language: AR-EG;\"> بنجاح</span></strong></p>\r\n<p class=\"MsoNormal\" dir=\"RTL\" style=\"margin-bottom: .0001pt; text-align: right; line-height: normal; direction: rtl; unicode-bidi: embed;\"><span lang=\"AR-SA\" style=\"font-size: 20.0pt; font-family: \'Arabic Typesetting\'; color: red;\">&nbsp;</span></p>\r\n<p class=\"MsoNormal\" dir=\"RTL\" style=\"margin-bottom: .0001pt; text-align: right; line-height: normal; direction: rtl; unicode-bidi: embed;\"><span lang=\"AR-EG\" style=\"font-size: 20.0pt; font-family: \'Arabic Typesetting\'; color: black; mso-color-alt: windowtext; mso-bidi-language: AR-EG;\">رقم العملية: [[order_id]]</span></p>\r\n<p class=\"MsoNormal\" dir=\"RTL\" style=\"margin-bottom: .0001pt; text-align: center; line-height: normal; direction: rtl; unicode-bidi: embed;\" align=\"center\"><strong><span lang=\"AR-SA\" style=\"font-size: 26.0pt; font-family: \'Arabic Typesetting\'; color: #7030a0;\">لحجز أول موعد أونلاين</span></strong></p>\r\n<p class=\"MsoNormal\" dir=\"RTL\" style=\"margin-bottom: .0001pt; text-align: center; line-height: normal; direction: rtl; unicode-bidi: embed;\" align=\"center\"><span lang=\"AR-SA\" style=\"font-size: 20.0pt; font-family: \'Arabic Typesetting\'; color: black; mso-color-alt: windowtext;\">اضغط على الرابط التالي:</span></p>\r\n<p class=\"MsoNormal\" dir=\"RTL\" style=\"margin-bottom: .0001pt; text-align: center; line-height: normal; direction: rtl; unicode-bidi: embed;\" align=\"center\"><a href=\"https://www.andalusia.care/user/person/online-consultation\"><span dir=\"LTR\">https://www.andalusia.care/user/person/online-consultation</span></a></p>\r\n<p class=\"MsoNormal\" dir=\"RTL\" style=\"margin-bottom: .0001pt; text-align: center; line-height: normal; direction: rtl; unicode-bidi: embed;\" align=\"center\"><span lang=\"AR-SA\" style=\"font-size: 20.0pt; font-family: \'Arabic Typesetting\'; color: red;\">&nbsp;</span></p>\r\n<p class=\"MsoNormal\" dir=\"RTL\" style=\"margin-bottom: .0001pt; text-align: center; line-height: normal; direction: rtl; unicode-bidi: embed;\" align=\"center\"><span lang=\"AR-SA\" style=\"font-size: 20.0pt; font-family: \'Arabic Typesetting\'; color: red;\">ويمكنك حجز استشارة منزلية من خلال الرابط التالي:</span></p>\r\n<p class=\"MsoNormal\" dir=\"RTL\" style=\"margin-bottom: .0001pt; text-align: center; line-height: normal; direction: rtl; unicode-bidi: embed;\" align=\"center\"><span style=\"color: black; mso-color-alt: windowtext;\"><a href=\"https://page.andalusiahjh.com/home-care-go\"><span dir=\"LTR\">https://page.andalusiahjh.com/home-care-go</span></a></span></p>\r\n<p class=\"MsoNormal\" dir=\"RTL\" style=\"margin-bottom: .0001pt; text-align: center; line-height: normal; direction: rtl; unicode-bidi: embed;\" align=\"center\"><span lang=\"AR-SA\" style=\"font-family: \'Arial\',sans-serif; mso-ascii-font-family: Calibri; mso-ascii-theme-font: minor-latin; mso-hansi-font-family: Calibri; mso-hansi-theme-font: minor-latin; mso-bidi-theme-font: minor-bidi;\">&nbsp;</span></p>\r\n<p class=\"MsoNormal\" dir=\"RTL\" style=\"margin-bottom: .0001pt; text-align: center; line-height: normal; direction: rtl; unicode-bidi: embed;\" align=\"center\"><span lang=\"AR-SA\" style=\"font-size: 20.0pt; font-family: \'Arabic Typesetting\'; color: red;\"><span style=\"mso-spacerun: yes;\">&nbsp;</span></span><span lang=\"AR-SA\" style=\"font-size: 20.0pt; font-family: \'Arabic Typesetting\'; color: black; mso-color-alt: windowtext;\">شكراً لثقتك بمجموعة أندلسية الطبية</span></p>\r\n<p class=\"MsoNormal\" dir=\"RTL\" style=\"margin-bottom: .0001pt; text-align: center; line-height: normal; direction: rtl; unicode-bidi: embed;\" align=\"center\"><span dir=\"LTR\" style=\"font-size: 20.0pt; font-family: \'Arabic Typesetting\';\">&nbsp;</span></p>\r\n</td>\r\n</tr>\r\n</tbody>\r\n</table>\r\n<p class=\"MsoNormal\"><span style=\"font-size: 20.0pt; line-height: 107%; font-family: \'Arabic Typesetting\';\">&nbsp;</span></p>\r\n<p class=\"MsoNormal\"><span style=\"mso-tab-count: 1;\">&nbsp;&nbsp;&nbsp;&nbsp;&nbsp;&nbsp;&nbsp;&nbsp;&nbsp;&nbsp;&nbsp;&nbsp;&nbsp;&nbsp;&nbsp; </span></p>\r\n<p class=\"MsoNormal\">&nbsp;</p>',NULL,'rich_text_box',39,'Notification'),(67,'sms.payment_pending','payment pending','قيد الانتظار عملية الدفع رقم: [[order_id]]',NULL,'text_area',42,'sms'),(68,'appointment.time_plus','Appointment booking (X hour/s before the appointment)','1',NULL,'text',60,'appointment'),(69,'notification.reminder','reminder','<p>&nbsp;</p>\r\n<table class=\"MsoTableGrid\" style=\"margin-left: 28.5pt; border-collapse: collapse; border: none;\" border=\"1\" cellspacing=\"0\" cellpadding=\"0\">\r\n<tbody>\r\n<tr style=\"height: 16.85pt;\">\r\n<td style=\"width: 79.25pt; border: 1pt solid windowtext; background: #9cc2e5; padding: 0in 5.4pt; height: 16.85pt;\" valign=\"top\" width=\"106\">\r\n<p class=\"MsoNormal\" style=\"margin-bottom: 0.0001pt; text-align: center; line-height: normal;\" align=\"center\"><strong><span style=\"font-size: 20pt; font-family: \'Arabic Typesetting\';\">Email Topic</span></strong></p>\r\n</td>\r\n<td style=\"width: 331.7pt; border-top: 1pt solid windowtext; border-right: 1pt solid windowtext; border-bottom: 1pt solid windowtext; border-image: initial; border-left: none; background: #9cc2e5; padding: 0in 5.4pt; height: 16.85pt;\" valign=\"top\" width=\"442\">\r\n<p class=\"MsoNormal\" dir=\"RTL\" style=\"margin-bottom: 0.0001pt; text-align: center; line-height: normal; direction: rtl; unicode-bidi: embed;\" align=\"center\"><span lang=\"AR-EG\" style=\"font-size: 20pt; font-family: \'Arabic Typesetting\'; color: black;\">موعدك في خدمة أندلسية</span><span dir=\"LTR\" style=\"font-size: 20pt; font-family: \'Arabic Typesetting\'; color: black;\">&nbsp;DotCare</span></p>\r\n</td>\r\n</tr>\r\n<tr style=\"height: 16.85pt;\">\r\n<td style=\"width: 79.25pt; border-right: 1pt solid windowtext; border-bottom: 1pt solid windowtext; border-left: 1pt solid windowtext; border-image: initial; border-top: none; background: #9cc2e5; padding: 0in 5.4pt; height: 16.85pt;\" valign=\"top\" width=\"106\">\r\n<p class=\"MsoNormal\" style=\"margin-bottom: 0.0001pt; text-align: center; line-height: normal;\" align=\"center\"><span style=\"font-size: 20pt; font-family: \'Arabic Typesetting\';\">&nbsp;</span></p>\r\n<p class=\"MsoNormal\" style=\"margin-bottom: 0.0001pt; text-align: center; line-height: normal;\" align=\"center\"><span style=\"font-size: 20pt; font-family: \'Arabic Typesetting\';\">&nbsp;</span></p>\r\n<p class=\"MsoNormal\" style=\"margin-bottom: 0.0001pt; text-align: center; line-height: normal;\" align=\"center\"><span style=\"font-size: 20pt; font-family: \'Arabic Typesetting\';\">&nbsp;</span></p>\r\n<p class=\"MsoNormal\" style=\"margin-bottom: 0.0001pt; text-align: center; line-height: normal;\" align=\"center\"><span style=\"font-size: 20pt; font-family: \'Arabic Typesetting\';\">&nbsp;</span></p>\r\n<p class=\"MsoNormal\" style=\"margin-bottom: 0.0001pt; text-align: center; line-height: normal;\" align=\"center\"><strong><span style=\"font-size: 20pt; font-family: \'Arabic Typesetting\'; color: black;\">Reminder</span></strong></p>\r\n</td>\r\n<td style=\"width: 331.7pt; border-top: none; border-left: none; border-bottom: 1pt solid windowtext; border-right: 1pt solid windowtext; background-image: initial; background-position: initial; background-size: initial; background-repeat: initial; background-attachment: initial; background-origin: initial; background-clip: initial; padding: 0in 5.4pt; height: 16.85pt;\" valign=\"top\" width=\"442\">\r\n<p class=\"MsoNormal\" style=\"margin-bottom: 0.0001pt; text-align: right; line-height: normal;\" align=\"right\"><span dir=\"RTL\" lang=\"AR-SA\" style=\"font-size: 20pt; font-family: \'Arabic Typesetting\'; color: black;\">عزيزي سيد\\[[user_name]]</span></p>\r\n<p class=\"MsoNormal\" style=\"margin-bottom: 0.0001pt; text-align: right; line-height: normal;\" align=\"right\"><span dir=\"RTL\" lang=\"AR-SA\" style=\"font-size: 20pt; font-family: \'Arabic Typesetting\';\">&nbsp;</span></p>\r\n<p class=\"MsoNormal\" dir=\"RTL\" style=\"text-align: center; direction: rtl; unicode-bidi: embed;\" align=\"center\"><strong><span lang=\"AR-SA\" style=\"font-size: 26.0pt; line-height: 107%; font-family: \'Arabic Typesetting\'; color: #7030a0;\">هذا تذكير بموعد الحجز الخاص بك </span></strong><strong><span lang=\"AR-EG\" style=\"font-size: 26.0pt; line-height: 107%; font-family: \'Arabic Typesetting\'; color: #7030a0; mso-bidi-language: AR-EG;\">بنجاح</span></strong></p>\r\n<p class=\"MsoNormal\" dir=\"RTL\" style=\"margin-bottom: 0.0001pt; text-align: right; line-height: normal; direction: rtl; unicode-bidi: embed;\"><span lang=\"AR-EG\" style=\"font-size: 20pt; font-family: \'Arabic Typesetting\';\">&nbsp;</span></p>\r\n<p class=\"MsoNormal\" dir=\"RTL\" style=\"margin-bottom: 0.0001pt; text-align: right; line-height: normal; direction: rtl; unicode-bidi: embed;\"><span lang=\"AR-EG\" style=\"font-size: 20pt; font-family: \'Arabic Typesetting\'; color: black;\">الأسم:[[user_name]]</span></p>\r\n<p class=\"MsoNormal\" dir=\"RTL\" style=\"margin-bottom: 0.0001pt; text-align: right; line-height: normal; direction: rtl; unicode-bidi: embed;\"><span lang=\"AR-EG\" style=\"font-size: 20pt; font-family: \'Arabic Typesetting\'; color: black;\"><span style=\"font-size: 26.6667px;\">رقم الهاتف:[[user_phone]]</span></span></p>\r\n<p class=\"MsoNormal\" dir=\"RTL\" style=\"margin-bottom: 0.0001pt; text-align: right; line-height: normal; direction: rtl; unicode-bidi: embed;\"><span lang=\"AR-EG\" style=\"font-size: 20pt; font-family: \'Arabic Typesetting\'; color: black;\">البريد الألكتروني: [[user_email]]</span></p>\r\n<p class=\"MsoNormal\" dir=\"RTL\" style=\"margin-bottom: 0.0001pt; text-align: right; line-height: normal; direction: rtl; unicode-bidi: embed;\"><span lang=\"AR-EG\" style=\"font-size: 20pt; font-family: \'Arabic Typesetting\'; color: black;\">أسم الطبيب: [[doctor_name]]</span></p>\r\n<p class=\"MsoNormal\" dir=\"RTL\" style=\"margin-bottom: 0.0001pt; text-align: right; line-height: normal; direction: rtl; unicode-bidi: embed;\"><span lang=\"AR-EG\" style=\"font-size: 20pt; font-family: \'Arabic Typesetting\'; color: black;\">&nbsp;وقت الحجز: [[Appointment_start]]</span></p>\r\n<p class=\"MsoNormal\" dir=\"RTL\" style=\"margin-bottom: 0.0001pt; text-align: right; line-height: normal; direction: rtl; unicode-bidi: embed;\"><span lang=\"AR-EG\" style=\"font-size: 20pt; font-family: \'Arabic Typesetting\'; color: black;\">مدة الحجز: [[Appointment_duration]]</span></p>\r\n<p class=\"MsoNormal\" dir=\"RTL\" style=\"margin-bottom: 0.0001pt; text-align: center; line-height: normal; direction: rtl; unicode-bidi: embed;\" align=\"center\"><span lang=\"AR-SA\" style=\"font-size: 20pt; font-family: \'Arabic Typesetting\'; color: red;\">&nbsp;</span></p>\r\n<p class=\"MsoNormal\" dir=\"RTL\" style=\"text-align: center; direction: rtl; unicode-bidi: embed;\" align=\"center\"><strong><span lang=\"AR-SA\" style=\"font-size: 20.0pt; line-height: 107%; font-family: \'Arabic Typesetting\'; color: #7030a0;\">ليس لديك مواعيد في خدمة الــ</span></strong><strong><span dir=\"LTR\" style=\"font-size: 20.0pt; line-height: 107%; font-family: \'Arabic Typesetting\'; color: #7030a0;\">DotCare</span></strong></p>\r\n<p class=\"MsoNormal\" dir=\"RTL\" style=\"text-align: center; direction: rtl; unicode-bidi: embed;\" align=\"center\"><span dir=\"LTR\" style=\"font-size: 20.0pt; line-height: 107%; font-family: \'Arabic Typesetting\';\">&nbsp;</span></p>\r\n<p class=\"MsoNormal\" dir=\"RTL\" style=\"text-align: center; direction: rtl; unicode-bidi: embed;\" align=\"center\"><span lang=\"AR-EG\" style=\"font-size: 20.0pt; line-height: 107%; font-family: \'Arabic Typesetting\'; mso-bidi-language: AR-EG;\">للتواصل مع طبيب مختص أوحجز استشارة منزلية</span></p>\r\n<p class=\"MsoNormal\" dir=\"RTL\" style=\"text-align: center; direction: rtl; unicode-bidi: embed;\" align=\"center\"><strong><span lang=\"AR-EG\" style=\"font-size: 20.0pt; line-height: 107%; font-family: \'Arabic Typesetting\'; color: #7030a0; mso-bidi-language: AR-EG;\">أضغط هنا</span></strong></p>\r\n<p class=\"MsoNormal\" dir=\"RTL\" style=\"text-align: center; direction: rtl; unicode-bidi: embed;\" align=\"center\"><a href=\"https://page.andalusiahjh.com/home-care-go\"><span dir=\"LTR\">https://page.andalusiahjh.com/home-care-go</span></a></p>\r\n<p class=\"MsoNormal\" dir=\"RTL\" style=\"text-align: center; direction: rtl; unicode-bidi: embed;\" align=\"center\"><span lang=\"AR-SA\" style=\"font-size: 20.0pt; line-height: 107%; font-family: \'Arabic Typesetting\'; color: red;\">&nbsp;</span></p>\r\n<p class=\"MsoNormal\" dir=\"RTL\" style=\"margin-bottom: 0.0001pt; text-align: center; line-height: normal; direction: rtl; unicode-bidi: embed;\" align=\"center\">&nbsp;</p>\r\n<p class=\"MsoNormal\" dir=\"RTL\" style=\"text-align: center; direction: rtl; unicode-bidi: embed;\" align=\"center\"><span lang=\"AR-SA\" style=\"font-size: 20.0pt; line-height: 107%; font-family: \'Arabic Typesetting\'; color: red;\">&nbsp;</span><span lang=\"AR-SA\" style=\"font-size: 20.0pt; line-height: 107%; font-family: \'Arabic Typesetting\';\">شكراً لثقتك بمستشفيات أندلسية</span></p>\r\n<p class=\"MsoNormal\" dir=\"RTL\" style=\"margin-bottom: 0.0001pt; text-align: center; line-height: normal; direction: rtl; unicode-bidi: embed;\" align=\"center\"><span dir=\"LTR\" style=\"font-size: 20pt; font-family: \'Arabic Typesetting\';\">&nbsp;</span></p>\r\n</td>\r\n</tr>\r\n</tbody>\r\n</table>\r\n<p>&nbsp;</p>\r\n<p>&nbsp;</p>',NULL,'rich_text_box',40,'Notification'),(70,'sms.reminder','reminder','هذا تذكير بموعد حجزك',NULL,'text_area',43,'sms'),(71,'sms.appointment_survey','survey (appointment)','من فضلك قم بإنهاء الدراسة الاستقصائية التالية\r\n            http://andalusia.care/',NULL,'text_area',44,'sms'),(72,'site.refund_cancellation_policy','refund and cancellation policy',NULL,NULL,'rich_text_box',60,'Site'),(73,'site.refund_cancellation_policy_ar','refund and cancellation policy (AR)',NULL,NULL,'rich_text_box',61,'Site'),(74,'site.delivery_shipment_policy','delivery and shipment policy',NULL,NULL,'rich_text_box',62,'Site'),(75,'site.delivery_shipment_policy_ar','delivery and shipment policy (AR)',NULL,NULL,'rich_text_box',63,'Site'),(76,'site.privacy_policy','privacy policy',NULL,NULL,'rich_text_box',64,'Site'),(77,'site.privacy_policy_ar','privacy policy (AR)',NULL,NULL,'rich_text_box',65,'Site'),(78,'site.twitter','Twitter','https://www.twitter.com/',NULL,'text',11,'Site'),(79,'site.youtube','Youtube','https://www.youtube.com/',NULL,'text',12,'Site'),(80,'site.whatsapp','Whatsapp','https://www.whatsapp.com/',NULL,'text',13,'Site'),(81,'site.about_us_en','About us en','The Nike Air Max 270, which is Nike’s first lifestyle\r\nAir unit, is a balance of the old and the new.\r\nBuilt to withstand all-day wear for an active\r\nlifestyle, it has a design and features with\r\nperformance in mind without the need of\r\nsacrificing a must-have style that Air Max\r\nfollowers have been yearning for. It flaunts\r\nan exaggerated heel Air unit (the tallest yet\r\nmeasuring 32-mm), a bootie construction,\r\nand a breathable knit and mesh upper in numerous\r\ncolorways that collectively makes a statement\r\nand gives the silhouette a signature look that have\r\ngained the approval of sneakerheads, Nike Air Max\r\nfollowers, and the sneaker market in general.',NULL,'text_area',14,'Site'),(82,'site.about_us_ar','About us ar','حذاء Nike Air Max 270 ، وهو أسلوب الحياة الأول لشركة Nike\r\nوحدة الهواء ، توازن القديم والجديد.\r\nصُممت لتحمل الارتداء طوال اليوم لممارسة الرياضة\r\nنمط الحياة ، له تصميم وميزات مع\r\nالأداء في الاعتبار دون الحاجة\r\nالتضحية بأسلوب لا بد منه أن Air Max\r\nالمتابعون يتوقون إليه. يتفاخر\r\nوحدة هوائية كعب مبالغ فيها (الأطول حتى الآن\r\nقياس 32 مم) ، تصميم حذاء ،\r\nوجزء علوي منسوج وشبك قابل للتنفس في العديد\r\ncolorways التي تدلي بشكل جماعي ببيان\r\nويعطي الصورة الظلية مظهرًا مميزًا\r\nحصلت على موافقة مدراء الأحذية الرياضية ، Nike Air Max\r\nالمتابعين ، وسوق الأحذية الرياضية بشكل عا',NULL,'text_area',15,'Site'),(83,'site.about_us_image','About us image','settings/September2020/Xif2bInIYLJw00VbDfpy.png',NULL,'image',16,'Site'),(84,'site.about_us_image_title','about us image title','image title',NULL,'text',17,'Site'),(85,'site.about_us_image_alt','about us image alt','image alt',NULL,'text',18,'Site'),(86,'site.email','Email','biagiottitheme@gmail.com',NULL,'text',19,'Site'),(87,'site.appointments','Appointments','Saturday - Friday 24 Hours',NULL,'text',20,'Site'),(89,'site.about_us_small_ar','about_us_small_ar','حذاء Nike Air Max 270 ، وهو أسلوب الحياة الأول لشركة Nike\r\nوحدة الهواء ، توازن القديم والجديد.',NULL,'text_area',68,'Site'),(90,'site.about_us_small_en','about_us_small_en','The Nike Air Max 270, which is Nike’s first lifestyle\r\nAir unit, is a balance of the old and the new.',NULL,'text_area',69,'Site'),(92,'site.instagram','instagram','https://www.instagram.com/',NULL,'text',67,'Site'),(93,'site.contact_us_email','Contact us email','Fady.Eskandar@Andalusiagroup.net',NULL,'text',70,'Site'),(96,'site.journey_subtitle_ar','Journey subtitle arabic','Journey subtitle arabic',NULL,'text_area',72,'Site'),(97,'site.journey_subtitle_en','Journey subtitle english','Journey subtitle english',NULL,'text_area',73,'Site'),(98,'site.services_subtitle_ar','Services subtitle arabic','Services subtitle arabic',NULL,'text_area',74,'Site'),(99,'site.services_subtitle_en','Services subtitle english','Services subtitle english',NULL,'text_area',75,'Site'),(100,'site.doctors_subtitle_ar','Doctors subtitle arabic','Doctors subtitle arabic',NULL,'text_area',76,'Site'),(102,'site.doctors_subtitle_en','Doctors subtitle english','Doctors subtitle english',NULL,'text_area',77,'Site'),(104,'site.testimonials_subtitle_ar','Testimonials subtitle arabic','Testimonials subtitle arabic',NULL,'text_area',78,'Site'),(106,'site.testimonials_subtitle_en','Testimonials subtitle english','Testimonials subtitle english',NULL,'text_area',79,'Site'),(107,'site.events_subtitle_ar','Events subtitle arabic','Events subtitle arabic',NULL,'text_area',80,'Site'),(108,'site.events_subtitle_en','Events subtitle english','Events subtitle english',NULL,'text_area',81,'Site'),(112,'site.selling_points_subtitle_en','Selling points subtitle english','Selling points subtitle english',NULL,'text_area',83,'Site'),(113,'site.selling_points_subtitle_ar','Selling points subtitle arabic','Selling points subtitle arabic',NULL,'text_area',84,'Site'),(114,'site.blog_video','Blog video','<iframe width=\"100%\" height=\"800\" src=\"https://www.youtube.com/embed/FcjDBVmBDLo\" frameborder=\"0\" \r\nallow=\"accelerometer; autoplay; clipboard-write; encrypted-media; gyroscope; picture-in-picture\" \r\nallowfullscreen></iframe>',NULL,'text_area',85,'Site');
/*!40000 ALTER TABLE `settings` ENABLE KEYS */;
UNLOCK TABLES;

--
-- Table structure for table `sliders`
--

DROP TABLE IF EXISTS `sliders`;
/*!40101 SET @saved_cs_client     = @@character_set_client */;
/*!50503 SET character_set_client = utf8mb4 */;
CREATE TABLE `sliders` (
  `id` int unsigned NOT NULL AUTO_INCREMENT,
  `photo_ar` varchar(255) COLLATE utf8_unicode_ci DEFAULT NULL,
  `photo_en` varchar(255) COLLATE utf8_unicode_ci DEFAULT NULL,
  `title` text COLLATE utf8_unicode_ci,
  `description` text COLLATE utf8_unicode_ci,
  `link` text COLLATE utf8_unicode_ci,
  `status` int DEFAULT '0',
  `created_at` timestamp NULL DEFAULT NULL,
  `updated_at` timestamp NULL DEFAULT NULL,
  `image_title` varchar(255) COLLATE utf8_unicode_ci DEFAULT NULL,
  `image_alt` varchar(255) COLLATE utf8_unicode_ci DEFAULT NULL,
  `order` int DEFAULT NULL,
  PRIMARY KEY (`id`)
) ENGINE=InnoDB AUTO_INCREMENT=4 DEFAULT CHARSET=utf8 COLLATE=utf8_unicode_ci;
/*!40101 SET character_set_client = @saved_cs_client */;

--
-- Dumping data for table `sliders`
--

LOCK TABLES `sliders` WRITE;
/*!40000 ALTER TABLE `sliders` DISABLE KEYS */;
INSERT INTO `sliders` VALUES (2,'sliders/October2020/9mEea6ABrzhuW8joR2ye.png','sliders/October2020/nQcAZ0yjGcK7TQQoxtgA.png','النمط الاصلى','استجاب كتاب Veep والنجوم بشكل لا يصدق لأخبار\nالغرز المثبتة مسبقًا مطلوبة بواسطة طريقة عميل البريد الإلكتروني ، التقويم','http://alwstage.tk',1,'2020-01-29 06:29:34','2020-10-06 16:36:34',NULL,NULL,2),(3,'sliders/October2020/qDi8DtQfSZEg2b4HQZQZ.png','sliders/October2020/cWL0uDJHAAH4F1eledNb.png','النمط الأصلي','استجاب كتاب Veep والنجوم بشكل لا يصدق لأخبار\nالغرز المثبتة مسبقًا مطلوبة بواسطة طريقة عميل البريد الإلكتروني ، التقويم','http://alwstage.tk/',1,'2020-01-29 06:30:12','2020-10-11 10:58:40','Image Title',NULL,1);
/*!40000 ALTER TABLE `sliders` ENABLE KEYS */;
UNLOCK TABLES;

--
-- Table structure for table `social_accounts`
--

DROP TABLE IF EXISTS `social_accounts`;
/*!40101 SET @saved_cs_client     = @@character_set_client */;
/*!50503 SET character_set_client = utf8mb4 */;
CREATE TABLE `social_accounts` (
  `id` int unsigned NOT NULL AUTO_INCREMENT,
  `user_id` bigint unsigned NOT NULL,
  `provider_user_id` varchar(255) COLLATE utf8_unicode_ci NOT NULL,
  `provider` varchar(255) COLLATE utf8_unicode_ci NOT NULL,
  `created_at` timestamp NULL DEFAULT NULL,
  `updated_at` timestamp NULL DEFAULT NULL,
  PRIMARY KEY (`id`),
  UNIQUE KEY `social_accounts_provider_user_id_provider_unique` (`provider_user_id`,`provider`),
  KEY `social_accounts_user_id_foreign` (`user_id`),
  CONSTRAINT `social_accounts_user_id_foreign` FOREIGN KEY (`user_id`) REFERENCES `users` (`id`) ON DELETE CASCADE
) ENGINE=InnoDB DEFAULT CHARSET=utf8 COLLATE=utf8_unicode_ci;
/*!40101 SET character_set_client = @saved_cs_client */;

--
-- Dumping data for table `social_accounts`
--

LOCK TABLES `social_accounts` WRITE;
/*!40000 ALTER TABLE `social_accounts` DISABLE KEYS */;
/*!40000 ALTER TABLE `social_accounts` ENABLE KEYS */;
UNLOCK TABLES;

--
-- Table structure for table `specialities`
--

DROP TABLE IF EXISTS `specialities`;
/*!40101 SET @saved_cs_client     = @@character_set_client */;
/*!50503 SET character_set_client = utf8mb4 */;
CREATE TABLE `specialities` (
  `id` int unsigned NOT NULL AUTO_INCREMENT,
  `name` varchar(250) COLLATE utf8_unicode_ci NOT NULL,
  `created_at` timestamp NULL DEFAULT NULL,
  `updated_at` timestamp NULL DEFAULT NULL,
  `clinic_id` int unsigned DEFAULT NULL,
  `image` varchar(250) COLLATE utf8_unicode_ci DEFAULT NULL,
  `meta_description` varchar(255) COLLATE utf8_unicode_ci DEFAULT NULL,
  `meta_keywords` varchar(255) COLLATE utf8_unicode_ci DEFAULT NULL,
  `facebook_title` varchar(255) COLLATE utf8_unicode_ci DEFAULT NULL,
  `facebook_description` varchar(255) COLLATE utf8_unicode_ci DEFAULT NULL,
  `facebook_image` varchar(255) COLLATE utf8_unicode_ci DEFAULT NULL,
  `twitter_title` varchar(255) COLLATE utf8_unicode_ci DEFAULT NULL,
  `twitter_description` varchar(255) COLLATE utf8_unicode_ci DEFAULT NULL,
  `twitter_image` varchar(255) COLLATE utf8_unicode_ci DEFAULT NULL,
  `order` int DEFAULT NULL,
  PRIMARY KEY (`id`)
) ENGINE=InnoDB AUTO_INCREMENT=21 DEFAULT CHARSET=utf8 COLLATE=utf8_unicode_ci;
/*!40101 SET character_set_client = @saved_cs_client */;

--
-- Dumping data for table `specialities`
--

LOCK TABLES `specialities` WRITE;
/*!40000 ALTER TABLE `specialities` DISABLE KEYS */;
INSERT INTO `specialities` VALUES (1,'جلدية','2020-04-07 21:10:28','2020-10-11 12:15:20',NULL,'http://admin.alwstage.tk/storage/',NULL,NULL,NULL,NULL,NULL,NULL,NULL,NULL,1),(2,'علاج بدني','2020-04-07 21:10:28','2020-10-11 12:18:41',NULL,'http://admin.alwstage.tk/storage/',NULL,NULL,NULL,NULL,NULL,NULL,NULL,NULL,4),(4,'التغذية','2020-04-07 21:10:28','2020-10-11 12:17:05',NULL,'http://admin.alwstage.tk/storage/',NULL,NULL,NULL,NULL,NULL,NULL,NULL,NULL,3),(5,'طب اسنان','2020-04-07 21:10:28','2020-10-11 12:15:56',NULL,'http://admin.alwstage.tk/storage/',NULL,NULL,NULL,NULL,NULL,NULL,NULL,NULL,2),(9,'اللياقه البدنيه','2020-04-07 21:10:28','2020-10-11 12:20:08',NULL,'http://admin.alwstage.tk/storage/',NULL,NULL,NULL,NULL,NULL,NULL,NULL,NULL,6),(14,'علاج الأرجل','2020-04-07 21:10:28','2020-10-11 12:19:30',NULL,'http://admin.alwstage.tk/storage/',NULL,NULL,NULL,NULL,NULL,NULL,NULL,NULL,5);
/*!40000 ALTER TABLE `specialities` ENABLE KEYS */;
UNLOCK TABLES;

--
-- Table structure for table `survey_answer`
--

DROP TABLE IF EXISTS `survey_answer`;
/*!40101 SET @saved_cs_client     = @@character_set_client */;
/*!50503 SET character_set_client = utf8mb4 */;
CREATE TABLE `survey_answer` (
  `id` bigint unsigned NOT NULL AUTO_INCREMENT,
  `question_id` bigint unsigned NOT NULL,
  `order` int unsigned DEFAULT NULL,
  `answer` text COLLATE utf8_unicode_ci NOT NULL,
  `points` int unsigned DEFAULT NULL,
  `created_at` timestamp NULL DEFAULT NULL,
  `updated_at` timestamp NULL DEFAULT NULL,
  PRIMARY KEY (`id`),
  KEY `survey_answer_question_id_foreign` (`question_id`),
  CONSTRAINT `survey_answer_question_id_foreign` FOREIGN KEY (`question_id`) REFERENCES `survey_question` (`id`) ON DELETE CASCADE
) ENGINE=InnoDB DEFAULT CHARSET=utf8 COLLATE=utf8_unicode_ci;
/*!40101 SET character_set_client = @saved_cs_client */;

--
-- Dumping data for table `survey_answer`
--

LOCK TABLES `survey_answer` WRITE;
/*!40000 ALTER TABLE `survey_answer` DISABLE KEYS */;
/*!40000 ALTER TABLE `survey_answer` ENABLE KEYS */;
UNLOCK TABLES;

--
-- Table structure for table `survey_question`
--

DROP TABLE IF EXISTS `survey_question`;
/*!40101 SET @saved_cs_client     = @@character_set_client */;
/*!50503 SET character_set_client = utf8mb4 */;
CREATE TABLE `survey_question` (
  `id` bigint unsigned NOT NULL AUTO_INCREMENT,
  `survey_id` bigint unsigned NOT NULL,
  `order` int unsigned DEFAULT NULL,
  `question` varchar(255) COLLATE utf8_unicode_ci NOT NULL,
  `form_type` enum('text','textarea','menu','checkbox','radio') COLLATE utf8_unicode_ci NOT NULL,
  `created_at` timestamp NULL DEFAULT NULL,
  `updated_at` timestamp NULL DEFAULT NULL,
  PRIMARY KEY (`id`),
  KEY `survey_question_survey_id_foreign` (`survey_id`),
  CONSTRAINT `survey_question_survey_id_foreign` FOREIGN KEY (`survey_id`) REFERENCES `surveys` (`id`) ON DELETE CASCADE
) ENGINE=InnoDB DEFAULT CHARSET=utf8 COLLATE=utf8_unicode_ci;
/*!40101 SET character_set_client = @saved_cs_client */;

--
-- Dumping data for table `survey_question`
--

LOCK TABLES `survey_question` WRITE;
/*!40000 ALTER TABLE `survey_question` DISABLE KEYS */;
/*!40000 ALTER TABLE `survey_question` ENABLE KEYS */;
UNLOCK TABLES;

--
-- Table structure for table `survey_user_answer`
--

DROP TABLE IF EXISTS `survey_user_answer`;
/*!40101 SET @saved_cs_client     = @@character_set_client */;
/*!50503 SET character_set_client = utf8mb4 */;
CREATE TABLE `survey_user_answer` (
  `id` bigint unsigned NOT NULL AUTO_INCREMENT,
  `user_info_id` bigint unsigned NOT NULL,
  `answer_id` bigint unsigned DEFAULT NULL,
  `answer_text` text COLLATE utf8_unicode_ci,
  `created_at` timestamp NULL DEFAULT NULL,
  `updated_at` timestamp NULL DEFAULT NULL,
  PRIMARY KEY (`id`),
  KEY `survey_user_answer_user_info_id_foreign` (`user_info_id`),
  KEY `survey_user_answer_answer_id_foreign` (`answer_id`),
  CONSTRAINT `survey_user_answer_answer_id_foreign` FOREIGN KEY (`answer_id`) REFERENCES `survey_answer` (`id`) ON DELETE CASCADE,
  CONSTRAINT `survey_user_answer_user_info_id_foreign` FOREIGN KEY (`user_info_id`) REFERENCES `survey_user_info` (`id`) ON DELETE CASCADE
) ENGINE=InnoDB DEFAULT CHARSET=utf8 COLLATE=utf8_unicode_ci;
/*!40101 SET character_set_client = @saved_cs_client */;

--
-- Dumping data for table `survey_user_answer`
--

LOCK TABLES `survey_user_answer` WRITE;
/*!40000 ALTER TABLE `survey_user_answer` DISABLE KEYS */;
/*!40000 ALTER TABLE `survey_user_answer` ENABLE KEYS */;
UNLOCK TABLES;

--
-- Table structure for table `survey_user_info`
--

DROP TABLE IF EXISTS `survey_user_info`;
/*!40101 SET @saved_cs_client     = @@character_set_client */;
/*!50503 SET character_set_client = utf8mb4 */;
CREATE TABLE `survey_user_info` (
  `id` bigint unsigned NOT NULL AUTO_INCREMENT,
  `survey_id` bigint unsigned NOT NULL,
  `user_id` bigint unsigned DEFAULT NULL,
  `email` varchar(255) COLLATE utf8_unicode_ci DEFAULT NULL,
  `phone` varchar(255) COLLATE utf8_unicode_ci DEFAULT NULL,
  `is_survey_closed` tinyint(1) NOT NULL DEFAULT '0',
  `created_at` timestamp NULL DEFAULT NULL,
  `updated_at` timestamp NULL DEFAULT NULL,
  PRIMARY KEY (`id`),
  KEY `survey_user_info_survey_id_foreign` (`survey_id`),
  KEY `survey_user_info_user_id_foreign` (`user_id`),
  CONSTRAINT `survey_user_info_survey_id_foreign` FOREIGN KEY (`survey_id`) REFERENCES `surveys` (`id`) ON DELETE CASCADE,
  CONSTRAINT `survey_user_info_user_id_foreign` FOREIGN KEY (`user_id`) REFERENCES `users` (`id`) ON DELETE CASCADE
) ENGINE=InnoDB DEFAULT CHARSET=utf8 COLLATE=utf8_unicode_ci;
/*!40101 SET character_set_client = @saved_cs_client */;

--
-- Dumping data for table `survey_user_info`
--

LOCK TABLES `survey_user_info` WRITE;
/*!40000 ALTER TABLE `survey_user_info` DISABLE KEYS */;
/*!40000 ALTER TABLE `survey_user_info` ENABLE KEYS */;
UNLOCK TABLES;

--
-- Table structure for table `surveys`
--

DROP TABLE IF EXISTS `surveys`;
/*!40101 SET @saved_cs_client     = @@character_set_client */;
/*!50503 SET character_set_client = utf8mb4 */;
CREATE TABLE `surveys` (
  `id` bigint unsigned NOT NULL AUTO_INCREMENT,
  `same_page` tinyint(1) NOT NULL,
  `popup_type` enum('small','big') COLLATE utf8_unicode_ci NOT NULL,
  `popup_timer` int unsigned NOT NULL DEFAULT '1',
  `number_of_questions_on_page` int unsigned DEFAULT NULL,
  `slug` varchar(255) COLLATE utf8_unicode_ci DEFAULT NULL,
  `note` varchar(255) COLLATE utf8_unicode_ci DEFAULT NULL,
  `redirect_link` varchar(255) COLLATE utf8_unicode_ci DEFAULT NULL,
  `created_at` timestamp NULL DEFAULT NULL,
  `updated_at` timestamp NULL DEFAULT NULL,
  PRIMARY KEY (`id`),
  UNIQUE KEY `surveys_slug_unique` (`slug`)
) ENGINE=InnoDB DEFAULT CHARSET=utf8 COLLATE=utf8_unicode_ci;
/*!40101 SET character_set_client = @saved_cs_client */;

--
-- Dumping data for table `surveys`
--

LOCK TABLES `surveys` WRITE;
/*!40000 ALTER TABLE `surveys` DISABLE KEYS */;
/*!40000 ALTER TABLE `surveys` ENABLE KEYS */;
UNLOCK TABLES;

--
-- Table structure for table `tags`
--

DROP TABLE IF EXISTS `tags`;
/*!40101 SET @saved_cs_client     = @@character_set_client */;
/*!50503 SET character_set_client = utf8mb4 */;
CREATE TABLE `tags` (
  `id` int unsigned NOT NULL AUTO_INCREMENT,
  `name` varchar(255) COLLATE utf8_unicode_ci DEFAULT NULL,
  `slug` varchar(255) COLLATE utf8_unicode_ci DEFAULT NULL,
  `description` text COLLATE utf8_unicode_ci,
  `created_at` timestamp NULL DEFAULT NULL,
  `updated_at` timestamp NULL DEFAULT NULL,
  `meta_description` varchar(255) COLLATE utf8_unicode_ci DEFAULT NULL,
  `meta_keywords` varchar(255) COLLATE utf8_unicode_ci DEFAULT NULL,
  `facebook_title` varchar(255) COLLATE utf8_unicode_ci DEFAULT NULL,
  `facebook_description` varchar(255) COLLATE utf8_unicode_ci DEFAULT NULL,
  `facebook_image` varchar(255) COLLATE utf8_unicode_ci DEFAULT NULL,
  `twitter_title` varchar(255) COLLATE utf8_unicode_ci DEFAULT NULL,
  `twitter_description` varchar(255) COLLATE utf8_unicode_ci DEFAULT NULL,
  `twitter_image` varchar(255) COLLATE utf8_unicode_ci DEFAULT NULL,
  PRIMARY KEY (`id`)
) ENGINE=InnoDB AUTO_INCREMENT=5 DEFAULT CHARSET=utf8 COLLATE=utf8_unicode_ci;
/*!40101 SET character_set_client = @saved_cs_client */;

--
-- Dumping data for table `tags`
--

LOCK TABLES `tags` WRITE;
/*!40000 ALTER TABLE `tags` DISABLE KEYS */;
INSERT INTO `tags` VALUES (1,'أسباب التشوهات الخلقية عند الجنين','أسباب-التشوهات-الخلقية-عند-الجنين','','2020-01-29 07:10:07','2020-01-29 07:10:07',NULL,NULL,NULL,NULL,NULL,NULL,NULL,NULL),(2,'أعراض سرطان الثدى','أعراض-سرطان-الثدى','','2020-01-29 07:10:00','2020-01-29 09:06:14',NULL,NULL,NULL,NULL,NULL,NULL,NULL,NULL),(3,'تجميل','tjmyl','وصف تجميل','2020-09-28 18:05:00','2020-09-28 18:06:57','Meta description','Meta keywords',NULL,NULL,NULL,NULL,NULL,NULL),(4,'صحة','shh','وصف صحة','2020-09-28 18:05:35','2020-09-28 18:05:35',NULL,NULL,NULL,NULL,NULL,NULL,NULL,NULL);
/*!40000 ALTER TABLE `tags` ENABLE KEYS */;
UNLOCK TABLES;

--
-- Table structure for table `testimonials`
--

DROP TABLE IF EXISTS `testimonials`;
/*!40101 SET @saved_cs_client     = @@character_set_client */;
/*!50503 SET character_set_client = utf8mb4 */;
CREATE TABLE `testimonials` (
  `id` int unsigned NOT NULL AUTO_INCREMENT,
  `username` varchar(255) COLLATE utf8_unicode_ci DEFAULT NULL,
  `image` varchar(255) COLLATE utf8_unicode_ci DEFAULT NULL,
  `description` text COLLATE utf8_unicode_ci,
  `created_at` timestamp NULL DEFAULT NULL,
  `updated_at` timestamp NULL DEFAULT NULL,
  `image_title` text COLLATE utf8_unicode_ci,
  `image_alt` text COLLATE utf8_unicode_ci,
  `order` int DEFAULT NULL,
  PRIMARY KEY (`id`)
) ENGINE=InnoDB AUTO_INCREMENT=6 DEFAULT CHARSET=utf8 COLLATE=utf8_unicode_ci;
/*!40101 SET character_set_client = @saved_cs_client */;

--
-- Dumping data for table `testimonials`
--

LOCK TABLES `testimonials` WRITE;
/*!40000 ALTER TABLE `testimonials` DISABLE KEYS */;
INSERT INTO `testimonials` VALUES (2,'Marc Jacobs','testimonials/September2020/OgXWg5hqwSiE7aWn3JV8.png','أنا لا أعمل مع فرقة جلام لتجمعني معًا من أجل السجادة الحمراء ، أنا أستمتع حقًا بالوقت الذي يستغرقه القيام بذلك بنفسي ، واختيار ملابسي والقيام بملابسي\nمكياج وشعري.','2020-09-17 17:25:33','2020-10-06 17:42:42','image title','image alt',4),(3,'Marc Jacobs','testimonials/September2020/MhpkoqnY0Ac8cDA7LjC3.png','أنا لا أعمل مع فرقة جلام لتجمعني معًا من أجل السجادة الحمراء ، أنا أستمتع حقًا بالوقت الذي يستغرقه القيام بذلك بنفسي ، واختيار ملابسي والقيام بملابسي\nمكياج وشعري.','2020-09-17 17:26:01','2020-10-06 17:42:40','image title','Image alt',3),(4,'Marc Jacobs','testimonials/September2020/rtIQnV4Rafc2JPYekUYA.png','أنا لا أعمل مع فرقة جلام لتجمعني معًا من أجل السجادة الحمراء ، أنا أستمتع حقًا بالوقت الذي يستغرقه القيام بذلك بنفسي ، واختيار ملابسي والقيام بملابسي\nمكياج وشعري.','2020-09-17 17:26:18','2020-10-06 17:42:36','image title','image alt',2),(5,'Marc Jacobs','testimonials/October2020/DgKXqB1Jn5qRTgu7g1Ng.png','أنا لا أعمل مع فرقة جلام لتجمعني معًا من أجل السجادة الحمراء ، أنا أستمتع حقًا بالوقت الذي يستغرقه القيام بذلك بنفسي ، واختيار ملابسي والقيام بملابسي\nمكياج وشعري.','2020-09-22 17:00:15','2020-10-11 10:52:10','image title','Image alt',1);
/*!40000 ALTER TABLE `testimonials` ENABLE KEYS */;
UNLOCK TABLES;

--
-- Table structure for table `translations`
--

DROP TABLE IF EXISTS `translations`;
/*!40101 SET @saved_cs_client     = @@character_set_client */;
/*!50503 SET character_set_client = utf8mb4 */;
CREATE TABLE `translations` (
  `id` int unsigned NOT NULL AUTO_INCREMENT,
  `table_name` varchar(255) COLLATE utf8_unicode_ci NOT NULL,
  `column_name` varchar(255) COLLATE utf8_unicode_ci NOT NULL,
  `foreign_key` int unsigned NOT NULL,
  `locale` varchar(255) COLLATE utf8_unicode_ci NOT NULL,
  `value` text COLLATE utf8_unicode_ci NOT NULL,
  `created_at` timestamp NULL DEFAULT NULL,
  `updated_at` timestamp NULL DEFAULT NULL,
  PRIMARY KEY (`id`),
  UNIQUE KEY `translations_table_name_column_name_foreign_key_locale_unique` (`table_name`,`column_name`,`foreign_key`,`locale`)
) ENGINE=InnoDB AUTO_INCREMENT=773 DEFAULT CHARSET=utf8 COLLATE=utf8_unicode_ci;
/*!40101 SET character_set_client = @saved_cs_client */;

--
-- Dumping data for table `translations`
--

LOCK TABLES `translations` WRITE;
/*!40000 ALTER TABLE `translations` DISABLE KEYS */;
INSERT INTO `translations` VALUES (1,'data_types','display_name_singular',5,'pt','Post','2020-04-01 06:26:55','2020-04-01 06:26:55'),(2,'data_types','display_name_singular',6,'pt','Página','2020-04-01 06:26:55','2020-04-01 06:26:55'),(3,'data_types','display_name_singular',1,'pt','Utilizador','2020-04-01 06:26:55','2020-04-01 06:26:55'),(4,'data_types','display_name_singular',4,'pt','Categoria','2020-04-01 06:26:55','2020-04-01 06:26:55'),(5,'data_types','display_name_singular',2,'pt','Menu','2020-04-01 06:26:55','2020-04-01 06:26:55'),(6,'data_types','display_name_singular',3,'pt','Função','2020-04-01 06:26:55','2020-04-01 06:26:55'),(7,'data_types','display_name_plural',5,'pt','Posts','2020-04-01 06:26:55','2020-04-01 06:26:55'),(8,'data_types','display_name_plural',6,'pt','Páginas','2020-04-01 06:26:55','2020-04-01 06:26:55'),(9,'data_types','display_name_plural',1,'pt','Utilizadores','2020-04-01 06:26:55','2020-04-01 06:26:55'),(10,'data_types','display_name_plural',4,'pt','Categorias','2020-04-01 06:26:55','2020-04-01 06:26:55'),(11,'data_types','display_name_plural',2,'pt','Menus','2020-04-01 06:26:55','2020-04-01 06:26:55'),(12,'data_types','display_name_plural',3,'pt','Funções','2020-04-01 06:26:55','2020-04-01 06:26:55'),(13,'categories','slug',1,'pt','categoria-1','2020-04-01 06:26:55','2020-04-01 06:26:55'),(14,'categories','name',1,'pt','Categoria 1','2020-04-01 06:26:55','2020-04-01 06:26:55'),(15,'categories','slug',2,'pt','categoria-2','2020-04-01 06:26:55','2020-04-01 06:26:55'),(16,'categories','name',2,'pt','Categoria 2','2020-04-01 06:26:55','2020-04-01 06:26:55'),(17,'pages','title',1,'pt','Olá Mundo','2020-04-01 06:26:55','2020-04-01 06:26:55'),(18,'pages','slug',1,'pt','ola-mundo','2020-04-01 06:26:55','2020-04-01 06:26:55'),(19,'pages','body',1,'pt','\n\nOlá Mundo. Scallywag grog swab Cat o\'nine tails scuttle rigging hardtack cable nipper Yellow Jack. Handsomely spirits knave lad killick landlubber or just lubber deadlights chantey pinnace crack Jennys tea cup. Provost long clothes black spot Yellow Jack bilged on her anchor league lateen sail case shot lee tackle.\n\n\\r\\n\nBallast spirits fluke topmast me quarterdeck schooner landlubber or just lubber gabion belaying pin. Pinnace stern galleon starboard warp carouser to go on account dance the hempen jig jolly boat measured fer yer chains. Man-of-war fire in the hole nipperkin handsomely doubloon barkadeer Brethren of the Coast gibbet driver squiffy.\n\n','2020-04-01 06:26:55','2020-04-01 06:26:55'),(20,'menu_items','title',1,'pt','Painel de Controle','2020-04-01 06:26:55','2020-04-01 06:26:55'),(21,'menu_items','title',2,'pt','Media','2020-04-01 06:26:55','2020-04-01 06:26:55'),(22,'menu_items','title',12,'pt','Publicações','2020-04-01 06:26:55','2020-04-01 06:26:55'),(23,'menu_items','title',3,'pt','Utilizadores','2020-04-01 06:26:55','2020-04-01 06:26:55'),(24,'menu_items','title',11,'pt','Categorias','2020-04-01 06:26:55','2020-04-01 06:26:55'),(25,'menu_items','title',13,'pt','Páginas','2020-04-01 06:26:55','2020-04-01 06:26:55'),(26,'menu_items','title',4,'pt','Funções','2020-04-01 06:26:55','2020-04-01 06:26:55'),(27,'menu_items','title',5,'pt','Ferramentas','2020-04-01 06:26:55','2020-04-01 06:26:55'),(28,'menu_items','title',6,'pt','Menus','2020-04-01 06:26:55','2020-04-01 06:26:55'),(29,'menu_items','title',7,'pt','Base de dados','2020-04-01 06:26:55','2020-04-01 06:26:55'),(30,'menu_items','title',10,'pt','Configurações','2020-04-01 06:26:55','2020-04-01 06:26:55'),(34,'data_rows','display_name',229,'en','ID','2020-04-01 08:10:56','2020-04-01 08:10:56'),(35,'data_rows','display_name',234,'en','Title Ar','2020-04-01 08:10:56','2020-04-01 08:10:56'),(36,'data_rows','display_name',235,'en','Title En','2020-04-01 08:10:56','2020-04-01 08:10:56'),(37,'data_rows','display_name',236,'en','Description','2020-04-01 08:10:56','2020-04-01 08:10:56'),(38,'data_rows','display_name',237,'en','Position','2020-04-01 08:10:56','2020-04-01 08:10:56'),(39,'data_rows','display_name',238,'en','Speciality','2020-04-01 08:10:56','2020-04-01 08:10:56'),(40,'data_rows','display_name',239,'en','Photo','2020-04-01 08:10:56','2020-04-01 08:10:56'),(41,'data_rows','display_name',240,'en','Meta Keywords','2020-04-01 08:10:56','2020-04-01 08:10:56'),(42,'data_rows','display_name',241,'en','Meta Description','2020-04-01 08:10:56','2020-04-01 08:10:56'),(43,'data_rows','display_name',242,'en','Status','2020-04-01 08:10:56','2020-04-01 08:10:56'),(44,'data_rows','display_name',243,'en','Created At','2020-04-01 08:10:56','2020-04-01 08:10:56'),(45,'data_rows','display_name',244,'en','Updated At','2020-04-01 08:10:56','2020-04-01 08:10:56'),(46,'data_rows','display_name',232,'en','Clinic Id','2020-04-01 08:10:56','2020-04-01 08:10:56'),(47,'data_rows','display_name',230,'en','Speciality Id','2020-04-01 08:10:56','2020-04-01 08:10:56'),(48,'data_types','display_name_singular',29,'en','Doctor','2020-04-01 08:10:56','2020-04-01 08:10:56'),(49,'data_types','display_name_plural',29,'en','Doctors','2020-04-01 08:10:56','2020-04-01 08:10:56'),(50,'data_rows','display_name',270,'en','Slug Ar','2020-04-01 08:20:43','2020-04-01 08:20:43'),(51,'data_rows','display_name',271,'en','Slug En','2020-04-01 08:20:43','2020-04-01 08:20:43'),(52,'data_rows','display_name',272,'en','Email','2020-04-01 08:20:43','2020-04-01 08:20:43'),(53,'data_rows','display_name',273,'en','Phone','2020-04-01 08:20:43','2020-04-01 08:20:43'),(54,'data_rows','display_name',274,'en','Price','2020-04-01 08:20:43','2020-04-01 08:20:43'),(55,'data_rows','display_name',275,'en','Duration By Min','2020-04-01 08:20:43','2020-04-01 08:20:43'),(56,'data_rows','display_name',276,'en','Gender','2020-04-01 08:20:43','2020-04-01 08:20:43'),(127,'data_rows','display_name',254,'en','ID','2020-04-04 19:11:42','2020-04-04 19:11:42'),(128,'data_rows','display_name',255,'en','Doctor Id','2020-04-04 19:11:42','2020-04-04 19:11:42'),(129,'data_rows','display_name',257,'en','User Id','2020-04-04 19:11:42','2020-04-04 19:11:42'),(130,'data_rows','display_name',259,'en','Start','2020-04-04 19:11:42','2020-04-04 19:11:42'),(131,'data_rows','display_name',260,'en','Duration','2020-04-04 19:11:42','2020-04-04 19:11:42'),(132,'data_rows','display_name',261,'en','Comments','2020-04-04 19:11:42','2020-04-04 19:11:42'),(133,'data_rows','display_name',262,'en','Confirmed','2020-04-04 19:11:42','2020-04-04 19:11:42'),(134,'data_rows','display_name',263,'en','Payment Confirmed','2020-04-04 19:11:42','2020-04-04 19:11:42'),(135,'data_rows','display_name',264,'en','Created At','2020-04-04 19:11:42','2020-04-04 19:11:42'),(136,'data_rows','display_name',265,'en','Updated At','2020-04-04 19:11:42','2020-04-04 19:11:42'),(137,'data_types','display_name_singular',31,'en','Appointment','2020-04-04 19:11:42','2020-04-04 19:11:42'),(138,'data_types','display_name_plural',31,'en','Appointments','2020-04-04 19:11:42','2020-04-04 19:11:42'),(194,'doctors','description',33,'en','\n\nDescription en\n\n','2020-04-06 13:48:29','2020-04-06 13:48:29'),(202,'doctors','description',34,'en','\n\nوصف\n\n','2020-04-06 16:01:40','2020-04-06 16:01:40'),(203,'doctors','position',34,'en','جدة','2020-04-06 16:01:40','2020-04-06 16:01:40'),(204,'doctors','speciality',34,'en','اطفال','2020-04-06 16:01:40','2020-04-06 16:01:40'),(205,'doctors','meta_keywords',34,'en','تجربة 2','2020-04-06 16:01:40','2020-04-06 16:01:40'),(206,'doctors','meta_description',34,'en','وصف لتجربة الدكتور الجديد','2020-04-06 16:01:40','2020-04-06 16:01:40'),(211,'doctors','description',1,'en','<p>Masters in oral and maxillofacial surgery - Dental checkup- Root canal treatment- Dental crowns- Bleaching- Panoramic X-ray- X-ray at Hai ElJamea Hospital</p>','2020-04-07 21:10:27','2020-09-23 15:39:59'),(213,'doctors','description',3,'en','<p>desc en</p>','2020-04-07 21:10:27','2020-09-23 16:15:27'),(214,'doctors','description',4,'en','<p>Masters in dermatology and venereal diseases - Skin inflammation and allergies-Acne-Skin and nails fungus-Hair related problems-Hairsutism-Skin ulcers-Urinary tract inflammation-Methotherapy treatment-PRP at Hai ElJamea Hospital</p>','2020-04-07 21:10:27','2020-09-23 16:14:34'),(215,'doctors','description',5,'en','<p>a Bachelor of Medicine from Alexandria University in 2005 and a Master in Dermatology and Venereal Diseases, as well as a Diploma in Aesthetic Medicine and Laser. at Hai ElJamea Hospital</p>','2020-04-07 21:10:27','2020-09-23 16:14:08'),(216,'doctors','description',6,'en','<p>Master degree in ENT - Treatment of Tonsillitis- Nose bleeding- Breath difficulties Sinusitis- Nose breaking- Vocal cords infection-Otis media- Hearing difficulties- Tympanic membrane rupture at Hai ElJamea Hospital</p>','2020-04-07 21:10:27','2020-09-23 16:13:45'),(217,'doctors','description',7,'en','<p>Masters of gastroenterology - Digestive system diseases - Esophageal varices treatment.- Digestive system endoscopy.- Diagnosis and treatment of inflammatory bowel diseases- Gallbladder and bile duct diseases- Fatty liver and liver hypertrophy.- Stomach and duodenal ulcers.- Early detection of digestive system tumors- Typhoid fever- Diabetes- Kidney diseases</p>','2020-04-07 21:10:27','2020-09-23 16:13:16'),(218,'doctors','description',8,'en','<p>Masters of gastroenterology - Digestive system diseases - Esophageal varies treatment.- Digestive system endoscopy.- Diagnosis and treatment of inflammatory bowel diseases- Gallbladder and bile duct diseases- Fatty liver and liver hypertrophy.- Stomach and duodenal ulcers.- Early detection of digestive system tumors- Typhoid fever- Diabetes- Kidney diseases at Hai ElJamea Hospital</p>','2020-04-07 21:10:27','2020-09-23 16:12:40'),(219,'doctors','description',9,'en','<p>Master of Internal Medicine - Digestive system diseases.- Mal-absorption and Maldigestion diseas, - Digestive system endoscopy.- Diagnosis and treatment of inflammatory bowel diseases.- Fatty liver and liver hypertrophy.- Stomach and duodenal ulcers. - Early detection of digestive system tumors.- Typhoid fever- Diabetes,Kidney diseases,Rheumatoid, immunological diseases- Colic and renal infections- Renal failure and its causes- Gastroscopy- Colonoscopy- Installation of stomach balloon- Connect and inject varicose veins and stomach- Expansion of the esophagus and colon- Laparoscopic cholecystectomy at Hai ElJamea Hospital</p>','2020-04-07 21:10:27','2020-09-23 16:12:07'),(220,'doctors','description',10,'en','<p>Ph.D in Neurology - Vertebral column surgeries.- Brain and spinal cord tumors.- Strokes and brain hemorrhage.- Vertebral column fractures.- Peripheral nerves pain.- Headache- Dimensia at Hai ElJamea Hospital</p>','2020-04-07 21:10:27','2020-10-04 17:31:10'),(221,'doctors','description',11,'en','<p>Master in Gynecology - Pregnancy and Delivery:- Critical pregnancy- Fertility clinic- Natural birth- Pregnancy poisoning (toxemia)- Repeated miscarriage- Ectopic pregnancy- Sterility (males and females)- Family planning- Complementary services:- 4D Ultrasound.- Menopause care and follow-up- Menstruation problems- Reproductive system problems- Uterine prolapse- Early detection of gynecologic cancers.- Cervical and ovarian cancer endoscopy</p>','2020-04-07 21:10:27','2020-09-23 16:10:31'),(222,'doctors','description',12,'en','<p>Masters in Gynecology - Pregnancy and Delivery:- Critical pregnancy- Fertility clinic- Natural birth- Pregnancy poisoning (toxemia)- Repeated miscarriage- Ectopic pregnancy- Sterility (males and females)- Family planning- Complementary services:- 4D Ultrasound.- Menopause care and follow-up- Menstruation problems- Reproductive system problems- Uterine prolapse- Early detection of gynecologic cancers.- Cervical and ovarian cancer endoscopy</p>','2020-04-07 21:10:27','2020-09-23 16:10:01'),(223,'doctors','description',13,'en','<p>5 years of experience in Obstetrics and Gynecology at Hai ElJamea Hospital</p>','2020-04-07 21:10:27','2020-09-23 16:08:54'),(224,'doctors','description',14,'en','<p>desc en</p>','2020-04-07 21:10:27','2020-09-23 16:08:21'),(225,'doctors','description',15,'en','<p>Masters in orthopedic Surgery -Surgeries and Endoscopy:-Knee Arthroscopy.-Ligament tear and tendons inflammation.- Cruciform ligaments.-Joints replacement (primary and advanced).- Complicated fractures.-Bone cancer surgeries.-Hand surgeries.- Specialized Clinics:-Knee surgeries-Vertebral column surgeries-Shoulder surgeries-Pediatric surgeries - Sports Clinic:- Knee, shoulder and ankle joints injuries.-Tendons and ligaments conservative treatment.-Recurrent shoulder dislocation - Diagnosis and Treatment for-Osteoporosis - All bones pain conditions -Fracture reduction and fixation without surgery.</p>','2020-04-07 21:10:27','2020-09-23 16:07:10'),(226,'doctors','description',16,'en','<p>14 years of experience in orthopedics, master\'s and doctorate in orthopedics, fractures and injuries, and German Orthopedic Fellowship at Hai ElJamea Hospital</p>','2020-04-07 21:10:27','2020-09-23 16:06:36'),(227,'doctors','description',17,'en','<p>Masters in pediatric medicine -New born Full checkup- Neonatal Jaundice- Respiratory and digestive diseases in newborn- Bronchoinflammation-Asthma-Chronic cough-Diarrhea or conistipation and vomiting-Hepatitis-Nephritis-Vaccination</p>','2020-04-07 21:10:27','2020-09-23 16:01:45'),(228,'doctors','description',18,'en','<p>Masters in pediatric medicine -New born Full checkup- Neonatal Jaundice- Respiratory and digestive diseases in newborn- Bronchoinflammation-Asthma-Chronic cough-Diarrhea or conistipation and vomiting-Hepatitis-Nephritis--Vaccination</p>','2020-04-07 21:10:27','2020-09-23 16:06:01'),(229,'doctors','description',19,'en','<p>Urology Specialist -Masters degree in urological -Kidney stones and urinary tract stones -Endoscopy of the urinary system (kidneys - ureter - bladder) -Congenital defects in the kidneys -ureters and bladder Tightness and obstruction of the urethra -Frequent renal colic Tumors of the genitourinary system Urinary -incontinence and bloody urine Menopause -infertility and disability of men -Treatment of prostate diseases and periodic detection-Crushing the stones through the collision-wave device-Laser kidney stones are dissected by renal endoscopy-Bladder stones dissection using the air diffuser and laser-Dissect the ureteral stones using the air splitter-Treatment of causes of renal failure-A diet for patients with renal failure-Repair of the urethra-Repair of penis warp-Narrow pelvic tubular repair-Repair of urinary bladder recovery of the ureter surgically and without surgery.at Hai ElJamea Hospital</p>','2020-04-07 21:10:27','2020-09-23 16:05:27'),(230,'doctors','description',20,'en','<p>Psychoneurosis Consultant -Psychiatry consultation -follow up patients of Depression -mood swings -Al zhahmir -Pregnancy and after delivery depression -Behavioral enhancement -social communication. at Hai ElJamea Hospital</p>','2020-04-07 21:10:27','2020-09-23 16:04:56'),(231,'doctors','description',21,'en','<p>desc en</p>','2020-04-07 21:10:27','2020-09-23 16:04:14'),(232,'doctors','description',22,'en','<p>desc en</p>','2020-04-07 21:10:27','2020-09-23 16:03:10'),(233,'specialities','name',1,'en','Dermatology','2020-04-07 21:10:28','2020-10-11 12:15:20'),(234,'specialities','name',2,'en','physical therapy','2020-04-07 21:10:28','2020-10-11 12:18:41'),(236,'specialities','name',4,'en','Nutrition','2020-04-07 21:10:28','2020-10-11 12:17:05'),(237,'specialities','name',5,'en','Dental','2020-04-07 21:10:28','2020-10-11 12:15:56'),(241,'specialities','name',9,'en','Fitness','2020-04-07 21:10:28','2020-10-11 12:20:08'),(246,'specialities','name',14,'en','podiatry','2020-04-07 21:10:28','2020-10-11 12:19:30'),(250,'testimonials','description',2,'en','I don\'t work with a glam squad to get me together for the red carpet, I reall\ny enjoy the time it takes to do it myself, to choose my clothes and do my own\nmakeup and my own hair.','2020-09-17 17:25:33','2020-09-28 16:57:13'),(252,'doctors','position',12,'en','أخصائي','2020-09-17 17:29:29','2020-09-17 17:29:29'),(253,'doctors','speciality',12,'en','أخصائى أمراض النساء والولادة','2020-09-17 17:29:29','2020-09-17 17:29:29'),(262,'services','small_description',3,'en','Small Description en','2020-09-20 11:53:14','2020-09-20 11:53:14'),(263,'services','description',3,'en','<div class=\"serv-content position-relative\" style=\"background-image: url(\'https://admin.alwstage.tk/storage/services/October2020/NuaCTn4ZuYLCHqeV6Y2j.png\');\">\n<div class=\"d-none d-sm-block\">&nbsp;</div>\n<div class=\"container-fluid cont\">\n<div class=\"row\">\n<div class=\"col-md-12\">\n<h3 class=\"text-center text-capitalize mb-5\">Teeth <span style=\"color: #daa358;\">whitening</span></h3>\n</div>\n<div class=\"col-md-6\">&nbsp;</div>\n<div class=\"col-md-6\">\n<p>The Nike Air Max 270, which is Nike&rsquo;s first lifestyle Air unit, is a balance of the old and the new. Built to withstand all-day wear for an active lifestyle, it has a design and features with performance in mind without the need of sacrificing a must-have style that Air Max followers have been yearning for. It flaunts an exaggerated heel Air unit (the tallest yet measuring 32-mm), a bootie construction, and a breathable knit and mesh upper in numerous colorways that collectively makes a statement and gives the silhouette a signature look that have gained the approval of sneakerheads, Nike Air Max followers, and the sneaker market in general.</p>\n</div>\n</div>\n<div class=\"row\">\n<div class=\"col-md-12\">\n<h3 class=\"text-center text-capitalize mb-5\">Tooth <span style=\"color: #daa358;\">removal</span></h3>\n</div>\n<div class=\"col-md-6\">&nbsp;</div>\n<div class=\"col-md-6\">\n<p>The Nike Air Max 270, which is Nike&rsquo;s first lifestyle Air unit, is a balance of the old and the new. Built to withstand all-day wear for an active lifestyle, it has a design and features with performance in mind without the need of sacrificing a must-have style that Air Max followers have been yearning for. It flaunts an exaggerated heel Air unit (the tallest yet measuring 32-mm), a bootie construction, and a breathable knit and mesh upper in numerous colorways that collectively makes a statement and gives the silhouette a signature look that have gained the approval of sneakerheads, Nike Air Max followers, and the sneaker market in general.</p>\n</div>\n</div>\n<div class=\"row\">\n<div class=\"col-md-12\">\n<h3 class=\"text-center text-capitalize mb-5\"><span style=\"color: #daa358;\">Orthodontics</span></h3>\n</div>\n<div class=\"col-md-6\">&nbsp;</div>\n<div class=\"col-md-6\">\n<p>The Nike Air Max 270, which is Nike&rsquo;s first lifestyle Air unit, is a balance of the old and the new. Built to withstand all-day wear for an active lifestyle, it has a design and features with performance in mind without the need of sacrificing a must-have style that Air Max followers have been yearning for. It flaunts an exaggerated heel Air unit (the tallest yet measuring 32-mm), a bootie construction, and a breathable knit and mesh upper in numerous colorways that collectively makes a statement and gives the silhouette a signature look that have gained the approval of sneakerheads, Nike Air Max followers, and the sneaker market in general.</p>\n</div>\n</div>\n</div>\n</div>','2020-09-20 11:53:14','2020-10-12 12:41:08'),(264,'services','meta_keywords',3,'en','Meta Keywords en','2020-09-20 11:53:14','2020-09-20 11:53:14'),(265,'services','meta_description',3,'en','Meta Description en','2020-09-20 11:53:14','2020-09-20 11:53:14'),(266,'services','small_description',4,'en','Small Description en','2020-09-20 11:54:07','2020-09-20 11:54:07'),(267,'services','description',4,'en','<div class=\"serv-content position-relative\" style=\"background-image: url(\'https://admin.alwstage.tk/storage/services/October2020/rV9BB7cFYKlSdB04R9rO.png\');\">\n<div class=\"d-none d-sm-block\">&nbsp;</div>\n<div class=\"container-fluid cont\">\n<div class=\"row\">\n<div class=\"col-md-12\">\n<h3 class=\"text-center text-capitalize mb-5\">Teeth <span style=\"color: #daa358;\">whitening</span></h3>\n</div>\n<div class=\"col-md-6\">&nbsp;</div>\n<div class=\"col-md-6\">\n<p>The Nike Air Max 270, which is Nike&rsquo;s first lifestyle Air unit, is a balance of the old and the new. Built to withstand all-day wear for an active lifestyle, it has a design and features with performance in mind without the need of sacrificing a must-have style that Air Max followers have been yearning for. It flaunts an exaggerated heel Air unit (the tallest yet measuring 32-mm), a bootie construction, and a breathable knit and mesh upper in numerous colorways that collectively makes a statement and gives the silhouette a signature look that have gained the approval of sneakerheads, Nike Air Max followers, and the sneaker market in general.</p>\n</div>\n</div>\n<div class=\"row\">\n<div class=\"col-md-12\">\n<h3 class=\"text-center text-capitalize mb-5\">Tooth <span style=\"color: #daa358;\">removal</span></h3>\n</div>\n<div class=\"col-md-6\">&nbsp;</div>\n<div class=\"col-md-6\">\n<p>The Nike Air Max 270, which is Nike&rsquo;s first lifestyle Air unit, is a balance of the old and the new. Built to withstand all-day wear for an active lifestyle, it has a design and features with performance in mind without the need of sacrificing a must-have style that Air Max followers have been yearning for. It flaunts an exaggerated heel Air unit (the tallest yet measuring 32-mm), a bootie construction, and a breathable knit and mesh upper in numerous colorways that collectively makes a statement and gives the silhouette a signature look that have gained the approval of sneakerheads, Nike Air Max followers, and the sneaker market in general.</p>\n</div>\n</div>\n<div class=\"row\">\n<div class=\"col-md-12\">\n<h3 class=\"text-center text-capitalize mb-5\"><span style=\"color: #daa358;\">Orthodontics</span></h3>\n</div>\n<div class=\"col-md-6\">&nbsp;</div>\n<div class=\"col-md-6\">\n<p>The Nike Air Max 270, which is Nike&rsquo;s first lifestyle Air unit, is a balance of the old and the new. Built to withstand all-day wear for an active lifestyle, it has a design and features with performance in mind without the need of sacrificing a must-have style that Air Max followers have been yearning for. It flaunts an exaggerated heel Air unit (the tallest yet measuring 32-mm), a bootie construction, and a breathable knit and mesh upper in numerous colorways that collectively makes a statement and gives the silhouette a signature look that have gained the approval of sneakerheads, Nike Air Max followers, and the sneaker market in general.</p>\n</div>\n</div>\n</div>\n</div>','2020-09-20 11:54:07','2020-10-12 12:40:40'),(268,'services','meta_keywords',4,'en','Meta Keywords en','2020-09-20 11:54:07','2020-09-20 11:54:07'),(269,'services','meta_description',4,'en','Meta Description en','2020-09-20 11:54:07','2020-09-20 11:54:07'),(270,'testimonials','description',4,'en','I don\'t work with a glam squad to get me together for the red carpet, I reall\ny enjoy the time it takes to do it myself, to choose my clothes and do my own\nmakeup and my own hair.','2020-09-20 13:03:28','2020-09-28 16:58:44'),(271,'doctors','position',22,'en','استشاري','2020-09-20 13:56:45','2020-09-20 13:56:45'),(272,'doctors','speciality',22,'en','استشارى الأمراض الصدرية','2020-09-20 13:56:45','2020-09-20 13:56:45'),(273,'doctors','position',21,'en','استشاري','2020-09-20 13:58:47','2020-09-20 13:58:47'),(274,'doctors','speciality',21,'en','استشارى الأمراض الصدرية','2020-09-20 13:58:47','2020-09-20 13:58:47'),(275,'doctors','position',20,'en','استشاري','2020-09-20 13:59:58','2020-09-20 13:59:58'),(276,'doctors','speciality',20,'en','استشارى أمراض النفسية','2020-09-20 13:59:58','2020-09-20 13:59:58'),(277,'doctors','position',14,'en','استشاري','2020-09-20 14:01:42','2020-09-20 14:01:42'),(278,'doctors','speciality',14,'en','استشارى طب و جراحة العيون','2020-09-20 14:01:42','2020-09-20 14:01:42'),(279,'posts','title',2,'en','The cosmetics world','2020-09-20 14:53:37','2020-10-01 11:47:08'),(280,'posts','excerpt',2,'en','Est diam debitis an, error recusabo id pro, quo','2020-09-20 14:53:37','2020-10-01 11:47:08'),(281,'posts','body',2,'en','<p>Est diam debitis an, error recusabo id pro, quo</p>\n<p>eripuit civibus ut. Mel ut tamquam erroribus, ad</p>\n<p>nonumy vituperata mei.Et</p>','2020-09-20 14:53:37','2020-10-01 11:47:08'),(282,'posts','slug',2,'en','the-cosmetics-world','2020-09-20 14:53:37','2020-10-01 11:47:08'),(283,'categories','name',3,'en','most read','2020-09-20 14:56:18','2020-09-30 11:44:35'),(284,'categories','slug',3,'en','cat3','2020-09-20 14:56:18','2020-09-20 14:56:18'),(285,'posts','title',4,'en','post4','2020-09-20 15:01:40','2020-09-20 15:01:40'),(286,'posts','excerpt',4,'en','Small description of this post','2020-09-20 15:01:40','2020-09-20 15:01:40'),(287,'posts','body',4,'en','<h3 class=\"panel-title\" style=\"box-sizing: border-box; outline: none; font-family: \'Open Sans\', sans-serif; font-weight: 500; line-height: 1.1; color: #37474f; margin-top: 0px; margin-bottom: 0px; font-size: 18px; text-shadow: rgba(0, 0, 0, 0.15) 0px 0px 1px; padding: 20px 30px 20px 15px;\">Post Content</h3>\n<div class=\"panel-actions\" style=\"box-sizing: border-box; outline: none; position: absolute; top: 29.5px; right: 30px; z-index: 1; margin: auto; transform: translateY(-50%); color: #76838f; font-family: \'Open Sans\', sans-serif;\">&nbsp;</div>','2020-09-20 15:01:40','2020-09-20 15:01:40'),(288,'posts','slug',4,'en','post4','2020-09-20 15:01:40','2020-09-20 15:01:40'),(290,'posts','title',3,'en','post3','2020-09-20 15:03:12','2020-09-20 15:03:12'),(291,'posts','excerpt',3,'en',' Small description of this post','2020-09-20 15:03:12','2020-09-20 15:03:12'),(292,'posts','body',3,'en','<h3 class=\"panel-title\" style=\"box-sizing: border-box; outline: none; font-family: \'Open Sans\', sans-serif; font-weight: 500; line-height: 1.1; color: #37474f; margin-top: 0px; margin-bottom: 0px; font-size: 18px; text-shadow: rgba(0, 0, 0, 0.15) 0px 0px 1px; padding: 20px 30px 20px 15px;\">Post Content</h3>\n<div class=\"panel-actions\" style=\"box-sizing: border-box; outline: none; position: absolute; top: 29.5px; right: 30px; z-index: 1; margin: auto; transform: translateY(-50%); color: #76838f; font-family: \'Open Sans\', sans-serif;\">&nbsp;</div>','2020-09-20 15:03:12','2020-09-20 15:03:12'),(293,'posts','slug',3,'en','post3','2020-09-20 15:03:12','2020-09-20 15:03:12'),(294,'doctors','position',19,'en','استشاري','2020-09-20 18:52:11','2020-09-20 18:52:11'),(295,'doctors','speciality',19,'en','استشاري المسالك البولية','2020-09-20 18:52:11','2020-09-20 18:52:11'),(296,'doctors','position',18,'en','أخصائي','2020-09-20 18:53:23','2020-09-20 18:53:23'),(297,'doctors','speciality',18,'en','أخصائى طب الأطفال','2020-09-20 18:53:23','2020-09-20 18:53:23'),(298,'doctors','position',17,'en','أخصائي','2020-09-20 18:54:18','2020-09-20 18:54:18'),(299,'doctors','speciality',17,'en','أخصائى طب الأطفال','2020-09-20 18:54:18','2020-09-20 18:54:18'),(300,'doctors','position',16,'en','أخصائي','2020-09-20 18:55:37','2020-09-20 18:55:37'),(301,'doctors','speciality',16,'en','أخصائي أمراض العظام والمفاصل','2020-09-20 18:55:37','2020-09-20 18:55:37'),(302,'doctors','position',15,'en','أخصائي','2020-09-20 18:56:48','2020-09-20 18:56:48'),(303,'doctors','speciality',15,'en','أخصائي أمراض العظام والمفاصل','2020-09-20 18:56:48','2020-09-20 18:56:48'),(304,'doctors','position',1,'en','استشاري','2020-09-20 19:00:00','2020-09-20 19:00:00'),(305,'doctors','speciality',1,'en','أخصائي طب الأسنان','2020-09-20 19:00:00','2020-09-20 19:00:00'),(306,'doctors','position',4,'en','أخصائي','2020-09-20 19:02:14','2020-09-20 19:02:14'),(307,'doctors','speciality',4,'en','أخصائي الأمراض الجلدية','2020-09-20 19:02:14','2020-09-20 19:02:14'),(308,'doctors','position',7,'en','أخصائي','2020-09-20 19:03:20','2020-09-20 19:03:20'),(309,'doctors','speciality',7,'en','أخصائي أمراض الباطنة وأمراض الكلى','2020-09-20 19:03:20','2020-09-20 19:03:20'),(310,'doctors','position',5,'en','أخصائي','2020-09-20 19:04:07','2020-09-20 19:04:07'),(311,'doctors','speciality',5,'en','أخصائي الأمراض الجلدية','2020-09-20 19:04:07','2020-09-20 19:04:07'),(312,'doctors','position',6,'en','أخصائي','2020-09-20 19:06:51','2020-09-20 19:06:51'),(313,'doctors','speciality',6,'en','أخصائى أنف وأذن وحنجرة','2020-09-20 19:06:51','2020-09-20 19:06:51'),(314,'doctors','position',8,'en','أخصائي','2020-09-21 10:45:33','2020-09-21 10:45:33'),(315,'doctors','speciality',8,'en','أخصائي أمراض الجهاز الهضمي والكلى','2020-09-21 10:45:33','2020-09-21 10:45:33'),(316,'doctors','position',11,'en','أخصائي','2020-09-21 10:46:40','2020-09-21 10:46:40'),(317,'doctors','speciality',11,'en','أخصائى أمراض النساء والولادة','2020-09-21 10:46:40','2020-09-21 10:46:40'),(318,'doctors','position',10,'en','استشاري','2020-09-21 10:48:05','2020-09-21 10:48:05'),(319,'doctors','speciality',10,'en','استشارى أمراض المخ و الأعصاب','2020-09-21 10:48:05','2020-09-21 10:48:05'),(320,'doctors','position',13,'en','أخصائي','2020-09-21 10:49:28','2020-09-21 10:49:28'),(321,'doctors','speciality',13,'en','أخصائى أول نساء وولادة','2020-09-21 10:49:28','2020-09-21 10:49:28'),(322,'doctors','position',9,'en','أخصائي','2020-09-21 10:50:43','2020-09-21 10:50:43'),(323,'doctors','speciality',9,'en','أخصائي الامراض الباطنية','2020-09-21 10:50:43','2020-09-21 10:50:43'),(324,'doctors','position',3,'en','استشاري','2020-09-21 10:51:56','2020-09-21 10:51:56'),(325,'doctors','speciality',3,'en','استشاري الجراحة العامة','2020-09-21 10:51:56','2020-09-21 10:51:56'),(354,'data_rows','display_name',174,'en','Id','2020-09-22 12:58:10','2020-09-22 12:58:10'),(355,'data_rows','display_name',187,'en','Title Ar','2020-09-22 12:58:10','2020-09-22 12:58:10'),(356,'data_rows','display_name',188,'en','Title En','2020-09-22 12:58:10','2020-09-22 12:58:10'),(357,'data_rows','display_name',208,'en','Slug Ar','2020-09-22 12:58:10','2020-09-22 12:58:10'),(358,'data_rows','display_name',209,'en','Slug En','2020-09-22 12:58:10','2020-09-22 12:58:10'),(359,'data_rows','display_name',176,'en','Description','2020-09-22 12:58:10','2020-09-22 12:58:10'),(360,'data_rows','display_name',177,'en','Start','2020-09-22 12:58:10','2020-09-22 12:58:10'),(361,'data_rows','display_name',178,'en','End','2020-09-22 12:58:10','2020-09-22 12:58:10'),(362,'data_rows','display_name',179,'en','Img','2020-09-22 12:58:10','2020-09-22 12:58:10'),(363,'data_rows','display_name',180,'en','Images','2020-09-22 12:58:10','2020-09-22 12:58:10'),(364,'data_rows','display_name',181,'en','Map X','2020-09-22 12:58:10','2020-09-22 12:58:10'),(365,'data_rows','display_name',182,'en','Map Y','2020-09-22 12:58:10','2020-09-22 12:58:10'),(366,'data_rows','display_name',183,'en','Stock','2020-09-22 12:58:10','2020-09-22 12:58:10'),(367,'data_rows','display_name',189,'en','meta Keywords','2020-09-22 12:58:10','2020-09-22 12:58:10'),(368,'data_rows','display_name',190,'en','meta Description','2020-09-22 12:58:10','2020-09-22 12:58:10'),(369,'data_rows','display_name',184,'en','Status','2020-09-22 12:58:10','2020-09-22 12:58:10'),(370,'data_rows','display_name',185,'en','Created At','2020-09-22 12:58:10','2020-09-22 12:58:10'),(371,'data_rows','display_name',186,'en','Updated At','2020-09-22 12:58:10','2020-09-22 12:58:10'),(372,'data_rows','display_name',359,'en','Facebook title','2020-09-22 12:58:10','2020-09-22 12:58:10'),(373,'data_rows','display_name',360,'en','Facebook description','2020-09-22 12:58:10','2020-09-22 12:58:10'),(374,'data_rows','display_name',361,'en','Facebook image','2020-09-22 12:58:10','2020-09-22 12:58:10'),(375,'data_rows','display_name',362,'en','Twitter title','2020-09-22 12:58:10','2020-09-22 12:58:10'),(376,'data_rows','display_name',363,'en','Twitter description','2020-09-22 12:58:11','2020-09-22 12:58:11'),(377,'data_rows','display_name',364,'en','Twitter image','2020-09-22 12:58:11','2020-09-22 12:58:11'),(378,'data_rows','display_name',395,'en','Image title','2020-09-22 12:58:11','2020-09-22 12:58:11'),(379,'data_rows','display_name',396,'en','Image alt','2020-09-22 12:58:11','2020-09-22 12:58:11'),(380,'data_types','display_name_singular',22,'en','Event','2020-09-22 12:58:11','2020-09-22 12:58:11'),(381,'data_types','display_name_plural',22,'en','Events','2020-09-22 12:58:11','2020-09-22 12:58:11'),(382,'data_rows','display_name',419,'en','image','2020-09-22 12:59:28','2020-09-22 12:59:28'),(383,'data_rows','display_name',420,'en','Date','2020-09-22 12:59:28','2020-09-22 12:59:28'),(384,'data_rows','display_name',421,'en','small description','2020-09-22 12:59:28','2020-09-22 12:59:28'),(385,'events','small_description',1,'en','Veep writers and stars have incredibly responded to the news of an\nPre-installed stitches are required by the method of email client, calendar.','2020-09-22 13:00:48','2020-09-30 13:17:51'),(386,'events','description',1,'en','<p>Veep writers and stars have incredibly responded to the news of an</p>\n<p>Pre-installed stitches are required by the method of email client, calendar.</p>','2020-09-22 13:00:48','2020-09-28 17:27:29'),(387,'events','meta_keywords',1,'en','meta Keywords ar','2020-09-22 13:00:48','2020-09-22 13:00:48'),(388,'events','meta_description',1,'en','meta Description ar','2020-09-22 13:00:48','2020-09-22 13:00:48'),(393,'events','small_description',3,'en','Veep writers and stars have incredibly responded to the news of an\nPre-installed stitches are required by the method of email client, calendar.','2020-09-22 13:13:12','2020-10-03 00:15:39'),(394,'events','description',3,'en','<p>Veep writers and stars have incredibly responded to the news of an</p>\n<p>Pre-installed stitches are required by the method of email client, calendar.</p>','2020-09-22 13:13:12','2020-09-28 17:04:16'),(395,'events','meta_keywords',3,'en','meta Keywords ar','2020-09-22 13:13:12','2020-09-22 13:13:12'),(396,'events','meta_description',3,'en','meta Description ar','2020-09-22 13:13:12','2020-09-22 13:13:12'),(397,'doctors','meta_keywords',22,'en','Meta Keywords ar','2020-09-22 15:58:54','2020-09-22 15:58:54'),(398,'doctors','meta_description',22,'en','Meta Description ar','2020-09-22 15:58:54','2020-09-22 15:58:54'),(399,'doctors','meta_description',11,'en','Meta Description ar','2020-09-22 16:08:17','2020-09-22 16:08:17'),(400,'doctors','meta_description',8,'en','Meta Description ar','2020-09-22 16:12:18','2020-09-22 16:12:18'),(444,'data_rows','display_name',365,'en','Facebook title','2020-09-23 12:48:25','2020-09-23 12:48:25'),(445,'data_rows','display_name',366,'en','Facebook description','2020-09-23 12:48:25','2020-09-23 12:48:25'),(446,'data_rows','display_name',367,'en','Facebook image','2020-09-23 12:48:25','2020-09-23 12:48:25'),(447,'data_rows','display_name',368,'en','Twitter title','2020-09-23 12:48:25','2020-09-23 12:48:25'),(448,'data_rows','display_name',369,'en','Twitter description','2020-09-23 12:48:25','2020-09-23 12:48:25'),(449,'data_rows','display_name',370,'en','Twitter image','2020-09-23 12:48:25','2020-09-23 12:48:25'),(450,'data_rows','display_name',389,'en','Image title','2020-09-23 12:48:25','2020-09-23 12:48:25'),(451,'data_rows','display_name',390,'en','Image alt','2020-09-23 12:48:25','2020-09-23 12:48:25'),(452,'data_rows','display_name',285,'en','clinics','2020-09-23 12:48:25','2020-09-23 12:48:25'),(453,'data_rows','display_name',286,'en','specialities','2020-09-23 12:48:25','2020-09-23 12:48:25'),(454,'data_rows','display_name',422,'en','Currency','2020-09-23 15:17:52','2020-09-23 15:17:52'),(456,'doctors','small_description',1,'en','Masters in oral and maxillofacial surgery - Dental checkup- Root canal treatment- Dental crowns- Bleaching- Panoramic X-ray- X-ray at Hai ElJamea Hospital','2020-09-23 15:39:59','2020-09-23 17:44:57'),(472,'doctors','small_description',17,'en','small desc en','2020-09-23 16:01:45','2020-09-23 16:01:45'),(473,'doctors','small_description',21,'en','small desc en 7 small desc en 7 small desc en 7 small desc en 7 small desc en 7 small desc en 7 small desc en 7 small desc en 7 small desc en 7 small desc en 7 small desc en 7 small desc en 7 small desc en 7 small desc en 7 small desc en 7 small desc en 7 small desc en 7 small desc en 7 small desc en 7 small desc en 7 small desc en 7 small desc en 7 small desc en 7 small desc en 7 ','2020-09-23 16:04:14','2020-09-23 17:17:13'),(474,'doctors','small_description',20,'en','small desc en','2020-09-23 16:04:56','2020-09-23 16:04:56'),(475,'doctors','small_description',19,'en','small desc 9','2020-09-23 16:05:27','2020-09-23 16:05:27'),(476,'doctors','small_description',18,'en','small desc en 10','2020-09-23 16:06:01','2020-09-23 16:06:01'),(477,'doctors','small_description',16,'en','Small Description 12','2020-09-23 16:06:36','2020-09-23 16:06:36'),(478,'doctors','small_description',15,'en','small desc en','2020-09-23 16:07:10','2020-09-23 16:07:10'),(479,'doctors','small_description',14,'en','small desc en','2020-09-23 16:08:21','2020-09-23 16:08:21'),(480,'doctors','small_description',13,'en','small desc en','2020-09-23 16:08:54','2020-09-23 16:08:54'),(481,'doctors','small_description',12,'en','Masters in Gynecology - Pregnancy and Delivery:- Critical pregnancy- Fertility clinic- Natural birth- Pregnancy poisoning (toxemia)- Repeated miscarriage- Ectopic pregnancy- Sterility (males and females)- Family planning- Complementary services:- 4D Ultrasound.- Menopause care and follow-up- Menstruation problems- Reproductive system problems- Uterine prolapse- Early detection of gynecologic cancers.- Cervical and ovarian cancer endoscopy','2020-09-23 16:10:01','2020-09-23 17:14:45'),(482,'doctors','small_description',11,'en','Small Description en15','2020-09-23 16:10:31','2020-09-23 16:10:31'),(483,'doctors','small_description',9,'en','small desc 16','2020-09-23 16:12:07','2020-09-23 16:12:07'),(484,'doctors','small_description',8,'en','Small Description en','2020-09-23 16:12:40','2020-09-23 16:12:40'),(485,'doctors','small_description',7,'en','Small Description en','2020-09-23 16:13:16','2020-09-23 16:13:16'),(486,'doctors','small_description',6,'en','Small Description en','2020-09-23 16:13:45','2020-09-23 16:13:45'),(487,'doctors','small_description',5,'en','Small Description en','2020-09-23 16:14:08','2020-09-23 16:14:08'),(488,'doctors','small_description',4,'en','Small Description en','2020-09-23 16:14:34','2020-09-23 16:14:34'),(489,'doctors','small_description',3,'en','Small Description en Small Description en Small Description en Small Description en Small Description en Small Description en Small Description en Small Description en Small Description en Small Description en Small Description en Small Description en Small Description en Small Description en Small Description en Small Description en Small Description en Small Description en ','2020-09-23 16:15:27','2020-09-23 17:13:29'),(490,'data_rows','display_name',423,'en','Small Description','2020-09-23 17:09:49','2020-09-23 17:09:49'),(491,'sliders','link',3,'en','http://tawfek.tk/test/ar','2020-09-28 16:11:19','2020-09-28 16:11:19'),(492,'sliders','title',3,'en','Original style','2020-09-28 16:11:19','2020-09-28 16:13:10'),(493,'sliders','description',3,'en','Veep writers and stars have incredibly responded to the news of an\nPre-installed stitches are required by the method of email client, calendar.','2020-09-28 16:11:19','2020-09-28 16:13:10'),(494,'sliders','link',2,'en','http://tawfek.tk/arabic','2020-09-28 16:20:05','2020-09-28 16:20:05'),(495,'sliders','title',2,'en','Original style','2020-09-28 16:20:05','2020-09-28 16:20:05'),(496,'sliders','description',2,'en','Veep writers and stars have incredibly responded to the news of an\nPre-installed stitches are required by the method of email client, calendar.','2020-09-28 16:20:05','2020-09-28 16:20:05'),(497,'services','small_description',5,'en','small description Dental','2020-09-28 16:28:13','2020-09-28 16:28:13'),(498,'services','description',5,'en','<div class=\"serv-content position-relative\" style=\"background-image: url(\'https://admin.alwstage.tk/storage/services/October2020/Omw7OXrzJPXwSbPQYEw2.png\');\">\n<div class=\"d-none d-sm-block\">&nbsp;</div>\n<div class=\"container-fluid cont\">\n<div class=\"row\">\n<div class=\"col-md-12\">\n<h3 class=\"text-center text-capitalize mb-5\">Teeth <span style=\"color: #daa358;\">whitening</span></h3>\n</div>\n<div class=\"col-md-6\">&nbsp;</div>\n<div class=\"col-md-6\">\n<p>The Nike Air Max 270, which is Nike&rsquo;s first lifestyle Air unit, is a balance of the old and the new. Built to withstand all-day wear for an active lifestyle, it has a design and features with performance in mind without the need of sacrificing a must-have style that Air Max followers have been yearning for. It flaunts an exaggerated heel Air unit (the tallest yet measuring 32-mm), a bootie construction, and a breathable knit and mesh upper in numerous colorways that collectively makes a statement and gives the silhouette a signature look that have gained the approval of sneakerheads, Nike Air Max followers, and the sneaker market in general.</p>\n</div>\n</div>\n<div class=\"row\">\n<div class=\"col-md-12\">\n<h3 class=\"text-center text-capitalize mb-5\">Tooth <span style=\"color: #daa358;\">removal</span></h3>\n</div>\n<div class=\"col-md-6\">&nbsp;</div>\n<div class=\"col-md-6\">\n<p>The Nike Air Max 270, which is Nike&rsquo;s first lifestyle Air unit, is a balance of the old and the new. Built to withstand all-day wear for an active lifestyle, it has a design and features with performance in mind without the need of sacrificing a must-have style that Air Max followers have been yearning for. It flaunts an exaggerated heel Air unit (the tallest yet measuring 32-mm), a bootie construction, and a breathable knit and mesh upper in numerous colorways that collectively makes a statement and gives the silhouette a signature look that have gained the approval of sneakerheads, Nike Air Max followers, and the sneaker market in general.</p>\n</div>\n</div>\n<div class=\"row\">\n<div class=\"col-md-12\">\n<h3 class=\"text-center text-capitalize mb-5\"><span style=\"color: #daa358;\">Orthodontics</span></h3>\n</div>\n<div class=\"col-md-6\">&nbsp;</div>\n<div class=\"col-md-6\">\n<p>The Nike Air Max 270, which is Nike&rsquo;s first lifestyle Air unit, is a balance of the old and the new. Built to withstand all-day wear for an active lifestyle, it has a design and features with performance in mind without the need of sacrificing a must-have style that Air Max followers have been yearning for. It flaunts an exaggerated heel Air unit (the tallest yet measuring 32-mm), a bootie construction, and a breathable knit and mesh upper in numerous colorways that collectively makes a statement and gives the silhouette a signature look that have gained the approval of sneakerheads, Nike Air Max followers, and the sneaker market in general.</p>\n</div>\n</div>\n</div>\n</div>','2020-09-28 16:28:13','2020-10-12 12:38:53'),(499,'services','meta_keywords',5,'en','Meta Keywords en','2020-09-28 16:28:13','2020-09-28 16:28:13'),(500,'services','meta_description',5,'en','Meta Description en','2020-09-28 16:28:13','2020-09-28 16:28:13'),(501,'doctors','small_description',10,'en','وصف ضغير عربى','2020-09-28 16:46:04','2020-09-28 16:46:04'),(502,'testimonials','description',3,'en','I don\'t work with a glam squad to get me together for the red carpet, I reall\ny enjoy the time it takes to do it myself, to choose my clothes and do my own\nmakeup and my own hair.','2020-09-28 16:58:06','2020-09-28 16:58:06'),(503,'testimonials','description',5,'en','I don\'t work with a glam squad to get me together for the red carpet, I reall\ny enjoy the time it takes to do it myself, to choose my clothes and do my own\nmakeup and my own hair.','2020-09-28 16:59:23','2020-09-28 16:59:23'),(505,'posts','title',7,'en','The cosmetics world title title title title','2020-09-28 17:41:21','2020-09-28 17:41:21'),(506,'posts','excerpt',7,'en','Est diam debitis an, error recusabo id pro, quo\neripuit civibus ut. Mel ut tamquam erroribus, ad\nnonumy vituperata mei.Et','2020-09-28 17:41:21','2020-09-28 17:41:21'),(507,'posts','body',7,'en','<p>Est diam debitis an, error recusabo id pro, quo</p>\n<p>eripuit civibus ut. Mel ut tamquam erroribus, ad</p>\n<p>nonumy vituperata mei.Et</p>','2020-09-28 17:41:21','2020-09-28 17:41:21'),(508,'posts','slug',7,'en','the-cosmetics-world-title-title-title-title','2020-09-28 17:41:21','2020-09-28 17:41:21'),(509,'posts','title',9,'en','The cosmetics world title title title title title title','2020-09-28 17:47:50','2020-09-28 17:47:50'),(510,'posts','excerpt',9,'en','Est diam debitis an, error recusabo id pro, quo\neripuit civibus ut. Mel ut tamquam erroribus, ad\nnonumy vituperata mei.Et','2020-09-28 17:47:50','2020-09-28 17:47:50'),(511,'posts','body',9,'en','<p>Est diam debitis an, error recusabo id pro, quo</p>\n<p>eripuit civibus ut. Mel ut tamquam erroribus, ad</p>\n<p>nonumy vituperata mei.Et</p>','2020-09-28 17:47:50','2020-09-28 17:47:50'),(512,'posts','slug',9,'en','the-cosmetics-world-title-title-title-title-title-title','2020-09-28 17:47:50','2020-09-28 17:47:50'),(513,'posts','title',10,'en','health care','2020-09-28 17:49:50','2020-10-06 18:27:23'),(514,'posts','slug',10,'en','health-care','2020-09-28 17:49:50','2020-10-06 18:27:23'),(519,'tags','name',4,'en','healty','2020-09-28 18:05:35','2020-09-28 18:05:35'),(520,'tags','slug',4,'en','healty','2020-09-28 18:05:35','2020-09-28 18:05:35'),(521,'tags','description',4,'en','healthy description','2020-09-28 18:05:36','2020-09-28 18:05:36'),(522,'tags','name',3,'en','Beautifying','2020-09-28 18:06:57','2020-09-28 18:06:57'),(523,'tags','slug',3,'en','beautifying','2020-09-28 18:06:57','2020-09-28 18:06:57'),(524,'tags','description',3,'en','Beautifying desc','2020-09-28 18:06:57','2020-09-28 18:06:57'),(525,'posts','title',8,'en','The cosmetics world title title title title title','2020-09-28 18:08:01','2020-09-28 18:08:01'),(526,'posts','body',8,'en','<p>Est diam debitis an, error recusabo id pro, quo</p>\n<p>eripuit civibus ut. Mel ut tamquam erroribus, ad</p>\n<p>nonumy vituperata mei.Et</p>','2020-09-28 18:08:01','2020-09-28 18:08:01'),(527,'posts','slug',8,'en','the-cosmetics-world-title-title-title-title-title','2020-09-28 18:08:01','2020-09-28 18:08:01'),(528,'data_rows','display_name',424,'en','Id','2020-09-29 13:34:35','2020-09-29 13:34:35'),(529,'data_rows','display_name',425,'en','Title','2020-09-29 13:34:35','2020-09-29 13:34:35'),(530,'data_rows','display_name',426,'en','Slug','2020-09-29 13:34:35','2020-09-29 13:34:35'),(531,'data_rows','display_name',427,'en','Image','2020-09-29 13:34:35','2020-09-29 13:34:35'),(532,'data_rows','display_name',428,'en','Small description','2020-09-29 13:34:35','2020-09-29 13:34:35'),(533,'data_rows','display_name',429,'en','description','2020-09-29 13:34:35','2020-09-29 13:34:35'),(534,'data_rows','display_name',431,'en','Image alt','2020-09-29 13:34:35','2020-09-29 13:34:35'),(535,'data_rows','display_name',430,'en','image title','2020-09-29 13:34:35','2020-09-29 13:34:35'),(536,'data_rows','display_name',432,'en','Created at','2020-09-29 13:34:35','2020-09-29 13:34:35'),(537,'data_rows','display_name',433,'en','Updated at','2020-09-29 13:34:35','2020-09-29 13:34:35'),(538,'data_types','display_name_singular',39,'en','Journey','2020-09-29 13:34:35','2020-09-29 13:34:35'),(539,'data_types','display_name_plural',39,'en','Journeys','2020-09-29 13:34:35','2020-09-29 13:34:35'),(540,'menu_items','title',79,'en','Journeys','2020-09-29 13:51:27','2020-09-29 13:51:27'),(541,'journeys','title',2,'en','Beauty Bodycare','2020-09-29 14:31:19','2020-09-29 15:36:15'),(542,'journeys','slug',2,'en','title-en','2020-09-29 14:31:19','2020-09-29 14:31:19'),(543,'journeys','description',2,'en','<p>At vero eos st accusamus et justo</p>','2020-09-29 14:31:19','2020-09-29 15:36:15'),(544,'journeys','small_description',2,'en','At vero eos st accusamus et justo','2020-09-29 14:31:19','2020-09-29 15:36:15'),(545,'journeys','title',3,'en','Beauty Bodycare','2020-09-29 14:51:03','2020-09-29 15:31:45'),(546,'journeys','description',3,'en','<p>At vero eos st accusamus et justo</p>','2020-09-29 14:51:03','2020-09-29 15:31:45'),(547,'journeys','small_description',3,'en','At vero eos st accusamus et justo','2020-09-29 14:51:03','2020-09-29 15:31:46'),(548,'journeys','title',4,'en','Beauty Bodycare','2020-09-29 15:39:22','2020-09-29 15:39:22'),(549,'journeys','description',4,'en','<p>At vero eos st accusamus et justo</p>','2020-09-29 15:39:22','2020-09-29 15:39:22'),(550,'journeys','small_description',4,'en','At vero eos st accusamus et justo','2020-09-29 15:39:22','2020-09-29 15:39:22'),(551,'journeys','title',5,'en','Beauty Bodycare','2020-09-29 15:43:11','2020-09-29 15:43:11'),(552,'journeys','description',5,'en','<p>At vero eos st accusamus et justo</p>','2020-09-29 15:43:11','2020-09-29 15:43:11'),(553,'journeys','small_description',5,'en','At vero eos st accusamus et justo','2020-09-29 15:43:11','2020-09-29 15:43:11'),(554,'journeys','title',6,'en','Beauty Bodycare','2020-09-29 15:44:20','2020-09-29 15:44:20'),(555,'journeys','description',6,'en','<p>At vero eos st accusamus et justo</p>','2020-09-29 15:44:20','2020-09-29 15:44:20'),(556,'journeys','small_description',6,'en','At vero eos st accusamus et justo','2020-09-29 15:44:20','2020-09-29 15:44:20'),(557,'journeys','title',7,'en','Beauty Bodycare','2020-09-29 15:45:54','2020-09-29 15:45:54'),(558,'journeys','description',7,'en','<p>At vero eos st accusamus et justo</p>','2020-09-29 15:45:54','2020-09-29 15:45:54'),(559,'journeys','small_description',7,'en','At vero eos st accusamus et justo','2020-09-29 15:45:54','2020-09-29 15:45:54'),(560,'journeys','title',8,'en','Beauty Bodycare','2020-09-29 15:48:18','2020-09-29 15:48:18'),(561,'journeys','description',8,'en','<p>At vero eos st accusamus et justo</p>','2020-09-29 15:48:18','2020-09-29 15:48:18'),(562,'journeys','small_description',8,'en','At vero eos st accusamus et justo','2020-09-29 15:48:18','2020-09-29 15:48:18'),(563,'journeys','title',9,'en','Beauty Bodycare','2020-09-29 15:49:38','2020-09-29 15:49:38'),(564,'journeys','description',9,'en','<p>At vero eos st accusamus et justo</p>','2020-09-29 15:49:38','2020-09-29 15:49:38'),(565,'journeys','small_description',9,'en','At vero eos st accusamus et justo','2020-09-29 15:49:38','2020-09-29 15:49:38'),(566,'data_rows','display_name',434,'en','Topevent','2020-09-29 18:02:22','2020-09-29 18:02:22'),(570,'data_rows','display_name',29,'en','ID','2020-09-30 11:48:07','2020-09-30 11:48:07'),(571,'data_rows','display_name',30,'en','Author','2020-09-30 11:48:07','2020-09-30 11:48:07'),(572,'data_rows','display_name',31,'en','Category','2020-09-30 11:48:07','2020-09-30 11:48:07'),(573,'data_rows','display_name',32,'en','Title','2020-09-30 11:48:07','2020-09-30 11:48:07'),(574,'data_rows','display_name',42,'en','SEO Title','2020-09-30 11:48:07','2020-09-30 11:48:07'),(575,'data_rows','display_name',33,'en','Excerpt','2020-09-30 11:48:07','2020-09-30 11:48:07'),(576,'data_rows','display_name',34,'en','Body','2020-09-30 11:48:07','2020-09-30 11:48:07'),(577,'data_rows','display_name',35,'en','Post Image','2020-09-30 11:48:07','2020-09-30 11:48:07'),(578,'data_rows','display_name',36,'en','Slug','2020-09-30 11:48:07','2020-09-30 11:48:07'),(579,'data_rows','display_name',37,'en','Meta Description','2020-09-30 11:48:07','2020-09-30 11:48:07'),(580,'data_rows','display_name',38,'en','Meta Keywords','2020-09-30 11:48:07','2020-09-30 11:48:07'),(581,'data_rows','display_name',39,'en','Status','2020-09-30 11:48:07','2020-09-30 11:48:07'),(582,'data_rows','display_name',43,'en','Featured','2020-09-30 11:48:07','2020-09-30 11:48:07'),(583,'data_rows','display_name',40,'en','Created At','2020-09-30 11:48:07','2020-09-30 11:48:07'),(584,'data_rows','display_name',41,'en','Updated At','2020-09-30 11:48:07','2020-09-30 11:48:07'),(585,'data_rows','display_name',333,'en','Facebook title','2020-09-30 11:48:07','2020-09-30 11:48:07'),(586,'data_rows','display_name',334,'en','Facebook description','2020-09-30 11:48:07','2020-09-30 11:48:07'),(587,'data_rows','display_name',335,'en','Facebook image','2020-09-30 11:48:07','2020-09-30 11:48:07'),(588,'data_rows','display_name',336,'en','Twitter title','2020-09-30 11:48:07','2020-09-30 11:48:07'),(589,'data_rows','display_name',337,'en','Twitter description','2020-09-30 11:48:07','2020-09-30 11:48:07'),(590,'data_rows','display_name',338,'en','Twitter image','2020-09-30 11:48:07','2020-09-30 11:48:07'),(591,'data_rows','display_name',393,'en','Image title','2020-09-30 11:48:07','2020-09-30 11:48:07'),(592,'data_rows','display_name',394,'en','Image alt','2020-09-30 11:48:07','2020-09-30 11:48:07'),(593,'data_rows','display_name',173,'en','tags','2020-09-30 11:48:07','2020-09-30 11:48:07'),(594,'data_rows','display_name',195,'en','users','2020-09-30 11:48:07','2020-09-30 11:48:07'),(595,'data_types','display_name_singular',5,'en','Post','2020-09-30 11:48:07','2020-09-30 11:48:07'),(596,'data_types','display_name_plural',5,'en','Posts','2020-09-30 11:48:07','2020-09-30 11:48:07'),(597,'data_rows','display_name',266,'en','ID','2020-09-30 12:32:52','2020-09-30 12:32:52'),(598,'data_rows','display_name',267,'en','Name','2020-09-30 12:32:52','2020-09-30 12:32:52'),(599,'data_rows','display_name',268,'en','Created At','2020-09-30 12:32:52','2020-09-30 12:32:52'),(600,'data_rows','display_name',269,'en','Updated At','2020-09-30 12:32:52','2020-09-30 12:32:52'),(601,'data_rows','display_name',294,'en','Clinic Id','2020-09-30 12:32:52','2020-09-30 12:32:52'),(602,'data_rows','display_name',296,'en','Image','2020-09-30 12:32:52','2020-09-30 12:32:52'),(603,'data_rows','display_name',371,'en','Meta description','2020-09-30 12:32:52','2020-09-30 12:32:52'),(604,'data_rows','display_name',372,'en','Meta keywords','2020-09-30 12:32:52','2020-09-30 12:32:52'),(605,'data_rows','display_name',373,'en','Facebook title','2020-09-30 12:32:52','2020-09-30 12:32:52'),(606,'data_rows','display_name',374,'en','Facebook description','2020-09-30 12:32:52','2020-09-30 12:32:52'),(607,'data_rows','display_name',375,'en','Facebook image','2020-09-30 12:32:52','2020-09-30 12:32:52'),(608,'data_rows','display_name',376,'en','Twitter title','2020-09-30 12:32:52','2020-09-30 12:32:52'),(609,'data_rows','display_name',377,'en','Twitter description','2020-09-30 12:32:52','2020-09-30 12:32:52'),(610,'data_rows','display_name',378,'en','Twitter image','2020-09-30 12:32:52','2020-09-30 12:32:52'),(611,'data_rows','display_name',295,'en','Clinic','2020-09-30 12:32:52','2020-09-30 12:32:52'),(612,'data_types','display_name_singular',32,'en','Speciality','2020-09-30 12:32:52','2020-09-30 12:32:52'),(613,'data_types','display_name_plural',32,'en','Specialities','2020-09-30 12:32:52','2020-09-30 12:32:52'),(614,'data_rows','display_name',141,'en','Id','2020-09-30 12:44:13','2020-09-30 12:44:13'),(615,'data_rows','display_name',142,'en','Name Ar','2020-09-30 12:44:13','2020-09-30 12:44:13'),(616,'data_rows','display_name',143,'en','Name En','2020-09-30 12:44:13','2020-09-30 12:44:13'),(617,'data_rows','display_name',204,'en','Slug Ar','2020-09-30 12:44:13','2020-09-30 12:44:13'),(618,'data_rows','display_name',205,'en','Slug En','2020-09-30 12:44:13','2020-09-30 12:44:13'),(619,'data_rows','display_name',144,'en','Small Description','2020-09-30 12:44:13','2020-09-30 12:44:13'),(620,'data_rows','display_name',145,'en','Description','2020-09-30 12:44:13','2020-09-30 12:44:13'),(621,'data_rows','display_name',146,'en','Photo','2020-09-30 12:44:13','2020-09-30 12:44:13'),(622,'data_rows','display_name',147,'en','Meta Keywords','2020-09-30 12:44:13','2020-09-30 12:44:13'),(623,'data_rows','display_name',148,'en','Meta Description','2020-09-30 12:44:13','2020-09-30 12:44:13'),(624,'data_rows','display_name',149,'en','Status','2020-09-30 12:44:13','2020-09-30 12:44:13'),(625,'data_rows','display_name',150,'en','Created At','2020-09-30 12:44:13','2020-09-30 12:44:13'),(626,'data_rows','display_name',151,'en','Updated At','2020-09-30 12:44:13','2020-09-30 12:44:13'),(627,'data_rows','display_name',345,'en','Facebook title','2020-09-30 12:44:13','2020-09-30 12:44:13'),(628,'data_rows','display_name',346,'en','Facebook description','2020-09-30 12:44:13','2020-09-30 12:44:13'),(629,'data_rows','display_name',347,'en','Facebook image','2020-09-30 12:44:13','2020-09-30 12:44:13'),(630,'data_rows','display_name',348,'en','Twitter title','2020-09-30 12:44:13','2020-09-30 12:44:13'),(631,'data_rows','display_name',349,'en','Twitter description','2020-09-30 12:44:13','2020-09-30 12:44:13'),(632,'data_rows','display_name',350,'en','Twitter image','2020-09-30 12:44:13','2020-09-30 12:44:13'),(633,'data_rows','display_name',391,'en','Image title','2020-09-30 12:44:13','2020-09-30 12:44:13'),(634,'data_rows','display_name',392,'en','Image alt','2020-09-30 12:44:13','2020-09-30 12:44:13'),(635,'data_types','display_name_singular',19,'en','Service','2020-09-30 12:44:13','2020-09-30 12:44:13'),(636,'data_types','display_name_plural',19,'en','Services','2020-09-30 12:44:13','2020-09-30 12:44:13'),(637,'data_rows','display_name',69,'en','Id','2020-09-30 12:47:21','2020-09-30 12:47:21'),(638,'data_rows','display_name',70,'en','Photo Ar','2020-09-30 12:47:21','2020-09-30 12:47:21'),(639,'data_rows','display_name',71,'en','Photo En','2020-09-30 12:47:21','2020-09-30 12:47:21'),(640,'data_rows','display_name',73,'en','Title','2020-09-30 12:47:21','2020-09-30 12:47:21'),(641,'data_rows','display_name',74,'en','Description','2020-09-30 12:47:21','2020-09-30 12:47:21'),(642,'data_rows','display_name',72,'en','Link','2020-09-30 12:47:21','2020-09-30 12:47:21'),(643,'data_rows','display_name',77,'en','Status','2020-09-30 12:47:21','2020-09-30 12:47:21'),(644,'data_rows','display_name',75,'en','Created_at','2020-09-30 12:47:21','2020-09-30 12:47:21'),(645,'data_rows','display_name',76,'en','updated at','2020-09-30 12:47:21','2020-09-30 12:47:21'),(646,'data_types','display_name_singular',16,'en','Slider','2020-09-30 12:47:21','2020-09-30 12:47:21'),(647,'data_types','display_name_plural',16,'en','Sliders','2020-09-30 12:47:21','2020-09-30 12:47:21'),(648,'data_rows','display_name',397,'en','Id','2020-09-30 12:50:42','2020-09-30 12:50:42'),(649,'data_rows','display_name',398,'en','Logo','2020-09-30 12:50:42','2020-09-30 12:50:42'),(650,'data_rows','display_name',399,'en','Link','2020-09-30 12:50:42','2020-09-30 12:50:42'),(651,'data_rows','display_name',402,'en','image title','2020-09-30 12:50:42','2020-09-30 12:50:42'),(652,'data_rows','display_name',403,'en','Image alt','2020-09-30 12:50:42','2020-09-30 12:50:42'),(653,'data_rows','display_name',400,'en','Created at','2020-09-30 12:50:42','2020-09-30 12:50:42'),(654,'data_rows','display_name',401,'en','Updated at','2020-09-30 12:50:42','2020-09-30 12:50:42'),(655,'data_types','display_name_singular',36,'en','Partner','2020-09-30 12:50:42','2020-09-30 12:50:42'),(656,'data_types','display_name_plural',36,'en','Partners','2020-09-30 12:50:42','2020-09-30 12:50:42'),(658,'posts','title',13,'en','face','2020-10-01 11:29:27','2020-10-01 11:29:27'),(659,'posts','excerpt',13,'en','Est diam debitis an, error recusabo id pro, quo\neripuit civibus ut. Mel ut tamquam erroribus, ad','2020-10-01 11:29:27','2020-10-01 11:29:27'),(660,'posts','body',13,'en','<p>Est diam debitis an, error recusabo id pro, quo</p>\n<p>eripuit civibus ut. Mel ut tamquam erroribus, ad</p>\n<p>nonumy vituperata mei.Et</p>','2020-10-01 11:29:27','2020-10-01 11:29:27'),(661,'posts','slug',13,'en','face','2020-10-01 11:29:27','2020-10-01 11:29:27'),(662,'posts','meta_description',13,'en','Meta Description','2020-10-01 11:29:27','2020-10-01 11:29:27'),(663,'posts','meta_keywords',13,'en','Meta Keywords','2020-10-01 11:29:27','2020-10-01 11:29:27'),(664,'posts','seo_title',13,'en','SEO Title','2020-10-01 11:29:27','2020-10-01 11:29:27'),(665,'posts','title',14,'en','weight loss','2020-10-01 12:10:10','2020-10-01 12:10:10'),(666,'posts','excerpt',14,'en','small description','2020-10-01 12:10:10','2020-10-01 12:10:10'),(667,'posts','body',14,'en','<p>weight loss description</p>','2020-10-01 12:10:10','2020-10-01 12:10:10'),(668,'posts','slug',14,'en','weight-loss','2020-10-01 12:10:10','2020-10-01 12:10:10'),(669,'posts','title',15,'en','fitness','2020-10-01 12:14:08','2020-10-01 12:14:08'),(670,'posts','excerpt',15,'en','small fitness description','2020-10-01 12:14:08','2020-10-01 12:14:08'),(671,'posts','body',15,'en','<p>fitness description</p>','2020-10-01 12:14:08','2020-10-01 12:14:08'),(672,'posts','slug',15,'en','fitness','2020-10-01 12:14:08','2020-10-01 12:14:08'),(673,'posts','meta_description',15,'en','Meta Description','2020-10-01 12:14:08','2020-10-01 12:14:08'),(674,'posts','meta_keywords',15,'en','Meta Keywords','2020-10-01 12:14:08','2020-10-01 12:14:08'),(675,'data_rows','display_name',404,'en','Id','2020-10-01 13:30:57','2020-10-01 13:30:57'),(676,'data_rows','display_name',405,'en','Username','2020-10-01 13:30:57','2020-10-01 13:30:57'),(677,'data_rows','display_name',406,'en','Image','2020-10-01 13:30:57','2020-10-01 13:30:57'),(678,'data_rows','display_name',407,'en','Description','2020-10-01 13:30:57','2020-10-01 13:30:57'),(679,'data_rows','display_name',408,'en','Created at','2020-10-01 13:30:57','2020-10-01 13:30:57'),(680,'data_rows','display_name',409,'en','Updated at','2020-10-01 13:30:57','2020-10-01 13:30:57'),(681,'data_rows','display_name',416,'en','Image title','2020-10-01 13:30:57','2020-10-01 13:30:57'),(682,'data_rows','display_name',417,'en','Image alt','2020-10-01 13:30:57','2020-10-01 13:30:57'),(683,'data_types','display_name_singular',37,'en','Testimonial','2020-10-01 13:30:57','2020-10-01 13:30:57'),(684,'data_types','display_name_plural',37,'en','Testimonials','2020-10-01 13:30:57','2020-10-01 13:30:57'),(685,'services','title',5,'en','Dental','2020-10-04 12:00:54','2020-10-04 12:00:54'),(686,'services','slug',5,'en','dental','2020-10-04 12:00:54','2020-10-04 12:00:54'),(687,'services','title',4,'en','Beauty service','2020-10-04 12:04:50','2020-10-04 12:04:50'),(688,'services','slug',4,'en','beauty-service','2020-10-04 12:04:50','2020-10-04 12:04:50'),(689,'services','title',3,'en','Skin Care','2020-10-04 12:06:30','2020-10-04 12:06:30'),(690,'services','slug',3,'en','skin-care','2020-10-04 12:06:30','2020-10-04 12:06:30'),(691,'data_rows','display_name',437,'en','Title','2020-10-04 12:35:46','2020-10-04 12:35:46'),(692,'data_rows','display_name',438,'en','Slug','2020-10-04 12:35:46','2020-10-04 12:35:46'),(693,'events','title',3,'en','Original style','2020-10-04 13:01:09','2020-10-04 13:01:09'),(694,'events','slug',3,'en','original-style','2020-10-04 13:01:09','2020-10-04 13:01:09'),(695,'events','title',1,'en','world event','2020-10-04 13:02:53','2020-10-04 13:02:53'),(696,'events','slug',1,'en','world-event','2020-10-04 13:02:53','2020-10-04 13:02:53'),(697,'journeys','slug',9,'en','beauty-bodycare8','2020-10-04 13:21:11','2020-10-04 13:21:11'),(698,'journeys','slug',8,'en','beauty-bodycare7','2020-10-04 13:21:52','2020-10-04 13:21:52'),(699,'journeys','slug',7,'en','beauty-bodycare6','2020-10-04 13:22:08','2020-10-04 13:22:08'),(700,'journeys','slug',6,'en','beauty-bodycare','2020-10-04 13:22:28','2020-10-04 13:22:28'),(701,'journeys','slug',5,'en','beauty-bodycare4','2020-10-04 13:22:45','2020-10-04 13:22:45'),(702,'journeys','slug',4,'en','beauty-bodycare3','2020-10-04 13:23:02','2020-10-04 13:23:02'),(703,'journeys','slug',3,'en','aljmal-alanayh-baljsm','2020-10-04 13:23:18','2020-10-04 13:23:18'),(704,'doctors','title',12,'en','Akram Maged','2020-10-04 17:23:10','2020-10-04 17:23:10'),(705,'doctors','slug',12,'en','akram-maged','2020-10-04 17:23:10','2020-10-04 17:23:10'),(706,'doctors','title',22,'en','\'Ahmed Gaber','2020-10-04 17:23:46','2020-10-04 17:23:46'),(707,'doctors','slug',22,'en','ahmed-gaber','2020-10-04 17:23:46','2020-10-04 17:23:46'),(708,'doctors','title',21,'en','Moustafa Salama','2020-10-04 17:24:25','2020-10-04 17:24:25'),(709,'doctors','slug',21,'en','moustafa-salama','2020-10-04 17:24:25','2020-10-04 17:24:25'),(710,'doctors','title',20,'en','Essam AbdElFattah','2020-10-04 17:25:28','2020-10-04 17:25:28'),(711,'doctors','slug',20,'en','essam-abdelfattah','2020-10-04 17:25:28','2020-10-04 17:25:28'),(712,'doctors','title',19,'en','Heba Ghazy','2020-10-04 17:26:04','2020-10-04 17:26:04'),(713,'doctors','slug',19,'en','heba-ghazy','2020-10-04 17:26:04','2020-10-04 17:26:04'),(714,'doctors','title',18,'en','Ibrahim Eid','2020-10-04 17:26:36','2020-10-04 17:26:36'),(715,'doctors','slug',18,'en','ibrahim-eid','2020-10-04 17:26:36','2020-10-04 17:26:36'),(716,'doctors','title',17,'en','Alaa AL Shamy','2020-10-04 17:27:08','2020-10-04 17:27:08'),(717,'doctors','slug',17,'en','alaa-al-shamy','2020-10-04 17:27:08','2020-10-04 17:27:08'),(718,'doctors','title',16,'en','Khaled AbdelAziz','2020-10-04 17:27:39','2020-10-04 17:27:39'),(719,'doctors','slug',16,'en','khaled-abdelaziz','2020-10-04 17:27:39','2020-10-04 17:27:39'),(720,'doctors','title',15,'en','Ezzat Karima','2020-10-04 17:28:10','2020-10-04 17:28:10'),(721,'doctors','slug',15,'en','ezzat-karima','2020-10-04 17:28:10','2020-10-04 17:28:10'),(722,'doctors','title',14,'en','Osama AbdelSalam','2020-10-04 17:28:42','2020-10-04 17:28:42'),(723,'doctors','slug',14,'en','osama-abdelsalam','2020-10-04 17:28:42','2020-10-04 17:28:42'),(724,'doctors','title',13,'en','Manal Fawzy','2020-10-04 17:29:13','2020-10-04 17:29:13'),(725,'doctors','slug',13,'en','manal-fawzy','2020-10-04 17:29:13','2020-10-04 17:29:13'),(726,'doctors','title',1,'en','Shaimaa Essam','2020-10-04 17:29:44','2020-10-04 17:29:44'),(727,'doctors','slug',1,'en','shaimaa-essam','2020-10-04 17:29:44','2020-10-04 17:29:44'),(728,'doctors','title',11,'en','Nohier Darweesh','2020-10-04 17:30:32','2020-10-04 17:30:32'),(729,'doctors','slug',11,'en','nohier-darweesh','2020-10-04 17:30:32','2020-10-04 17:30:32'),(730,'doctors','title',10,'en','Mohammed Nasr','2020-10-04 17:31:10','2020-10-04 17:31:10'),(731,'doctors','slug',10,'en','mohammed-nasr','2020-10-04 17:31:10','2020-10-04 17:31:10'),(732,'doctors','title',9,'en','\'Mahmoud Harb','2020-10-04 17:31:48','2020-10-04 17:31:48'),(733,'doctors','slug',9,'en','mahmoud-harb','2020-10-04 17:31:48','2020-10-04 17:31:48'),(734,'doctors','title',8,'en','Mohammed Ashmway','2020-10-04 17:32:20','2020-10-04 17:32:20'),(735,'doctors','slug',8,'en','mohammed-ashmway','2020-10-04 17:32:20','2020-10-04 17:32:20'),(736,'doctors','title',7,'en','Mansour Abdllah','2020-10-04 17:32:54','2020-10-04 17:32:54'),(737,'doctors','slug',7,'en','mansour-abdllah','2020-10-04 17:32:54','2020-10-04 17:32:54'),(738,'doctors','title',6,'en','Mervat AbdElhamid','2020-10-04 17:33:30','2020-10-04 17:33:30'),(739,'doctors','slug',6,'en','mervat-abdelhamid','2020-10-04 17:33:30','2020-10-04 17:33:30'),(740,'doctors','title',5,'en','Mohammed Efrieg','2020-10-04 17:34:01','2020-10-04 17:34:01'),(741,'doctors','slug',5,'en','mohammed-efrieg','2020-10-04 17:34:01','2020-10-04 17:34:01'),(742,'doctors','title',4,'en','Rania Elbaz','2020-10-04 17:34:32','2020-10-04 17:34:32'),(743,'doctors','slug',4,'en','rania-elbaz','2020-10-04 17:34:32','2020-10-04 17:34:32'),(744,'doctors','title',3,'en','Ahdaf Anan','2020-10-04 17:35:29','2020-10-04 17:35:29'),(745,'doctors','slug',3,'en','ahdaf-anan','2020-10-04 17:35:29','2020-10-04 17:35:29'),(746,'data_rows','display_name',435,'en','Image Title','2020-10-06 16:35:35','2020-10-06 16:35:35'),(747,'data_rows','display_name',436,'en','Image Alt','2020-10-06 16:35:35','2020-10-06 16:35:35'),(748,'data_rows','display_name',441,'en','Title','2020-10-06 16:57:26','2020-10-06 16:57:26'),(749,'data_rows','display_name',442,'en','Slug','2020-10-06 16:57:26','2020-10-06 16:57:26'),(750,'data_rows','display_name',439,'en','Title','2020-10-06 17:06:34','2020-10-06 17:06:34'),(751,'data_rows','display_name',440,'en','Slug','2020-10-06 17:06:34','2020-10-06 17:06:34'),(752,'data_rows','display_name',447,'en','Order','2020-10-06 17:44:27','2020-10-06 17:44:27'),(753,'data_rows','display_name',452,'en','Facebook','2020-10-07 14:52:20','2020-10-07 14:52:20'),(754,'data_rows','display_name',453,'en','Twitter','2020-10-07 14:52:20','2020-10-07 14:52:20'),(755,'data_rows','display_name',454,'en','Youtube','2020-10-07 14:52:20','2020-10-07 14:52:20'),(756,'data_rows','display_name',455,'en','Whatsapp','2020-10-07 14:52:20','2020-10-07 14:52:20'),(757,'data_rows','display_name',456,'en','Instagram','2020-10-07 14:52:20','2020-10-07 14:52:20'),(765,'events','title',4,'en','beauty event','2020-10-12 10:28:35','2020-10-12 10:28:35'),(766,'events','slug',4,'en','beauty-event','2020-10-12 10:28:35','2020-10-12 10:28:35'),(767,'events','small_description',4,'en','small description en','2020-10-12 10:28:35','2020-10-12 10:28:35'),(768,'events','description',4,'en','<p>beauty event for ladies health care</p>','2020-10-12 10:28:35','2020-10-12 10:28:35'),(769,'events','meta_keywords',4,'en','meta Keywords en','2020-10-12 10:28:35','2020-10-12 10:28:35'),(770,'events','meta_description',4,'en','meta Description en','2020-10-12 10:28:35','2020-10-12 10:28:35'),(771,'data_rows','display_name',445,'en','Order','2020-10-12 14:20:54','2020-10-12 14:20:54'),(772,'data_rows','display_name',457,'en','Is new','2020-10-12 14:21:05','2020-10-12 14:21:05');
/*!40000 ALTER TABLE `translations` ENABLE KEYS */;
UNLOCK TABLES;

--
-- Table structure for table `user_roles`
--

DROP TABLE IF EXISTS `user_roles`;
/*!40101 SET @saved_cs_client     = @@character_set_client */;
/*!50503 SET character_set_client = utf8mb4 */;
CREATE TABLE `user_roles` (
  `user_id` bigint unsigned NOT NULL,
  `role_id` bigint unsigned NOT NULL,
  PRIMARY KEY (`user_id`,`role_id`),
  KEY `user_roles_user_id_index` (`user_id`),
  KEY `user_roles_role_id_index` (`role_id`),
  CONSTRAINT `user_roles_role_id_foreign` FOREIGN KEY (`role_id`) REFERENCES `roles` (`id`) ON DELETE CASCADE,
  CONSTRAINT `user_roles_user_id_foreign` FOREIGN KEY (`user_id`) REFERENCES `users` (`id`) ON DELETE CASCADE
) ENGINE=InnoDB DEFAULT CHARSET=utf8 COLLATE=utf8_unicode_ci;
/*!40101 SET character_set_client = @saved_cs_client */;

--
-- Dumping data for table `user_roles`
--

LOCK TABLES `user_roles` WRITE;
/*!40000 ALTER TABLE `user_roles` DISABLE KEYS */;
/*!40000 ALTER TABLE `user_roles` ENABLE KEYS */;
UNLOCK TABLES;

--
-- Table structure for table `users`
--

DROP TABLE IF EXISTS `users`;
/*!40101 SET @saved_cs_client     = @@character_set_client */;
/*!50503 SET character_set_client = utf8mb4 */;
CREATE TABLE `users` (
  `id` bigint unsigned NOT NULL AUTO_INCREMENT,
  `role_id` bigint unsigned DEFAULT NULL,
  `name` varchar(255) COLLATE utf8_unicode_ci NOT NULL,
  `email` varchar(255) COLLATE utf8_unicode_ci NOT NULL,
  `avatar` varchar(255) COLLATE utf8_unicode_ci DEFAULT 'users/default.png',
  `email_verified_at` timestamp NULL DEFAULT NULL,
  `password` varchar(255) COLLATE utf8_unicode_ci NOT NULL,
  `remember_token` varchar(100) COLLATE utf8_unicode_ci DEFAULT NULL,
  `settings` text COLLATE utf8_unicode_ci,
  `created_at` timestamp NULL DEFAULT NULL,
  `updated_at` timestamp NULL DEFAULT NULL,
  `gender` varchar(255) COLLATE utf8_unicode_ci DEFAULT NULL,
  `address` longtext COLLATE utf8_unicode_ci,
  `doctor_id` int DEFAULT '0',
  `reset_token` varchar(250) COLLATE utf8_unicode_ci DEFAULT NULL,
  `government_id` int DEFAULT NULL,
  `last_name` varchar(255) COLLATE utf8_unicode_ci DEFAULT NULL,
  PRIMARY KEY (`id`),
  UNIQUE KEY `users_email_unique` (`email`),
  KEY `users_role_id_foreign` (`role_id`),
  CONSTRAINT `users_role_id_foreign` FOREIGN KEY (`role_id`) REFERENCES `roles` (`id`)
) ENGINE=InnoDB DEFAULT CHARSET=utf8 COLLATE=utf8_unicode_ci;
/*!40101 SET character_set_client = @saved_cs_client */;

--
-- Dumping data for table `users`
--

LOCK TABLES `users` WRITE;
/*!40000 ALTER TABLE `users` DISABLE KEYS */;
/*!40000 ALTER TABLE `users` ENABLE KEYS */;
UNLOCK TABLES;

--
-- Table structure for table `workinghours`
--

DROP TABLE IF EXISTS `workinghours`;
/*!40101 SET @saved_cs_client     = @@character_set_client */;
/*!50503 SET character_set_client = utf8mb4 */;
CREATE TABLE `workinghours` (
  `id` int unsigned NOT NULL AUTO_INCREMENT,
  `day` varchar(255) COLLATE utf8_unicode_ci DEFAULT NULL,
  `start` varchar(255) COLLATE utf8_unicode_ci DEFAULT NULL,
  `end` varchar(255) COLLATE utf8_unicode_ci DEFAULT NULL,
  `doctor_id` int DEFAULT NULL,
  `type` varchar(255) COLLATE utf8_unicode_ci DEFAULT NULL,
  `created_at` timestamp NULL DEFAULT NULL,
  `updated_at` timestamp NULL DEFAULT NULL,
  PRIMARY KEY (`id`)
) ENGINE=InnoDB AUTO_INCREMENT=120 DEFAULT CHARSET=utf8 COLLATE=utf8_unicode_ci;
/*!40101 SET character_set_client = @saved_cs_client */;

--
-- Dumping data for table `workinghours`
--

LOCK TABLES `workinghours` WRITE;
/*!40000 ALTER TABLE `workinghours` DISABLE KEYS */;
INSERT INTO `workinghours` VALUES (1,'Sunday','08:00','11:00',1,'Working','2020-09-17 17:03:05','2020-09-17 17:03:05'),(2,'Tuesday','08:00','11:00',1,'Working','2020-09-17 17:03:05','2020-09-17 17:03:05'),(3,'Thursday','08:00','11:00',1,'Working','2020-09-17 17:03:05','2020-09-17 17:03:05'),(4,'Saturday','10:00','14:00',2,'Working','2020-09-17 17:03:05','2020-09-17 17:03:05'),(5,'Sunday','10:00','14:00',2,'Working','2020-09-17 17:03:05','2020-09-17 17:03:05'),(6,'Monday','10:00','14:00',2,'Working','2020-09-17 17:03:05','2020-09-17 17:03:05'),(7,'Tuesday','10:00','14:00',2,'Working','2020-09-17 17:03:05','2020-09-17 17:03:05'),(8,'Wednesday','10:00','14:00',2,'Working','2020-09-17 17:03:05','2020-09-17 17:03:05'),(9,'Thursday','10:00','14:00',2,'Working','2020-09-17 17:03:05','2020-09-17 17:03:05'),(10,'Saturday','10:00','14:00',3,'Working','2020-09-17 17:03:05','2020-09-17 17:03:05'),(11,'Sunday','10:00','14:00',3,'Working','2020-09-17 17:03:05','2020-09-17 17:03:05'),(12,'Monday','08:00','12:00',3,'Working','2020-09-17 17:03:05','2020-09-17 17:03:05'),(13,'Tuesday','10:00','14:00',3,'Working','2020-09-17 17:03:06','2020-09-17 17:03:06'),(14,'Wednesday','10:00','14:00',3,'Working','2020-09-17 17:03:06','2020-09-17 17:03:06'),(15,'Thursday','08:00','12:00',3,'Working','2020-09-17 17:03:06','2020-09-17 17:03:06'),(16,'Saturday','10:00','14:00',4,'Working','2020-09-17 17:03:06','2020-09-17 17:03:06'),(17,'Monday','10:00','14:00',4,'Working','2020-09-17 17:03:06','2020-09-17 17:03:06'),(18,'Tuesday','10:00','14:00',5,'Working','2020-09-17 17:03:06','2020-09-17 17:03:06'),(19,'Wednesday','10:00','14:00',5,'Working','2020-09-17 17:03:06','2020-09-17 17:03:06'),(20,'Saturday','08:00','11:00',6,'Working','2020-09-17 17:03:06','2020-09-17 17:03:06'),(21,'Sunday','11:00','14:00',6,'Working','2020-09-17 17:03:06','2020-09-17 17:03:06'),(22,'Monday','08:00','11:00',6,'Working','2020-09-17 17:03:06','2020-09-17 17:03:06'),(23,'Tuesday','08:00','11:00',6,'Working','2020-09-17 17:03:06','2020-09-17 17:03:06'),(24,'Wednesday','08:00','11:00',6,'Working','2020-09-17 17:03:06','2020-09-17 17:03:06'),(25,'Thursday','11:00','14:00',6,'Working','2020-09-17 17:03:06','2020-09-17 17:03:06'),(26,'Saturday','08:00','11:00',7,'Working','2020-09-17 17:03:06','2020-09-17 17:03:06'),(27,'Sunday','08:00','11:00',7,'Working','2020-09-17 17:03:06','2020-09-17 17:03:06'),(28,'Monday','08:00','11:00',7,'Working','2020-09-17 17:03:06','2020-09-17 17:03:06'),(29,'Tuesday','08:00','11:00',7,'Working','2020-09-17 17:03:06','2020-09-17 17:03:06'),(30,'Wednesday','14:00','20:00',7,'Working','2020-09-17 17:03:06','2020-09-17 17:03:06'),(31,'Thursday','08:00','11:00',7,'Working','2020-09-17 17:03:06','2020-09-17 17:03:06'),(32,'Saturday','11:00','14:00',8,'Working','2020-09-17 17:03:06','2020-09-17 17:03:06'),(33,'Sunday','14:00','20:00',8,'Working','2020-09-17 17:03:06','2020-09-17 17:03:06'),(34,'Monday','11:00','14:00',8,'Working','2020-09-17 17:03:06','2020-09-17 17:03:06'),(35,'Tuesday','11:00','14:00',8,'Working','2020-09-17 17:03:06','2020-09-17 17:03:06'),(36,'Wednesday','11:00','14:00',8,'Working','2020-09-17 17:03:06','2020-09-17 17:03:06'),(37,'Thursday','11:00','14:00',8,'Working','2020-09-17 17:03:06','2020-09-17 17:03:06'),(38,'Saturday','11:00','14:00',9,'Working','2020-09-17 17:03:06','2020-09-17 17:03:06'),(39,'Sunday','11:00','14:00',9,'Working','2020-09-17 17:03:06','2020-09-17 17:03:06'),(40,'Monday','14:00','20:00',9,'Working','2020-09-17 17:03:06','2020-09-17 17:03:06'),(41,'Tuesday','11:00','14:00',9,'Working','2020-09-17 17:03:06','2020-09-17 17:03:06'),(42,'Wednesday','11:00','14:00',9,'Working','2020-09-17 17:03:06','2020-09-17 17:03:06'),(43,'Thursday','11:00','14:00',9,'Working','2020-09-17 17:03:06','2020-09-17 17:03:06'),(44,'Saturday','10:00','14:00',10,'Working','2020-09-17 17:03:06','2020-09-17 17:03:06'),(45,'Sunday','10:00','14:00',10,'Working','2020-09-17 17:03:06','2020-09-17 17:03:06'),(46,'Monday','10:00','14:00',10,'Working','2020-09-17 17:03:06','2020-09-17 17:03:06'),(47,'Tuesday','10:00','14:00',10,'Working','2020-09-17 17:03:06','2020-09-17 17:03:06'),(48,'Wednesday','10:00','14:00',10,'Working','2020-09-17 17:03:06','2020-09-17 17:03:06'),(49,'Thursday','10:00','14:00',10,'Working','2020-09-17 17:03:06','2020-09-17 17:03:06'),(50,'Saturday','08:00','11:00',11,'Working','2020-09-17 17:03:06','2020-09-17 17:03:06'),(51,'Sunday','08:00','11:00',11,'Working','2020-09-17 17:03:06','2020-09-17 17:03:06'),(52,'Monday','08:00','11:00',11,'Working','2020-09-17 17:03:06','2020-09-17 17:03:06'),(53,'Tuesday','08:00','11:00',11,'Working','2020-09-17 17:03:06','2020-09-17 17:03:06'),(54,'Wednesday','08:00','11:00',11,'Working','2020-09-17 17:03:06','2020-09-17 17:03:06'),(55,'Thursday','08:00','11:00',11,'Working','2020-09-17 17:03:06','2020-09-17 17:03:06'),(56,'Saturday','11:00','14:00',12,'Working','2020-09-17 17:03:06','2020-09-17 17:03:06'),(57,'Sunday','11:00','14:00',12,'Working','2020-09-17 17:03:06','2020-09-17 17:03:06'),(58,'Monday','11:00','14:00',12,'Working','2020-09-17 17:03:06','2020-09-17 17:03:06'),(59,'Tuesday','11:00','14:00',12,'Working','2020-09-17 17:03:06','2020-09-17 17:03:06'),(60,'Wednesday','11:00','14:00',12,'Working','2020-09-17 17:03:06','2020-09-17 17:03:06'),(61,'Thursday','11:00','14:00',12,'Working','2020-09-17 17:03:06','2020-09-17 17:03:06'),(62,'Saturday','11:00','14:00',13,'Working','2020-09-17 17:03:06','2020-09-17 17:03:06'),(63,'Sunday','11:00','14:00',13,'Working','2020-09-17 17:03:06','2020-09-17 17:03:06'),(64,'Monday','11:00','14:00',13,'Working','2020-09-17 17:03:06','2020-09-17 17:03:06'),(65,'Tuesday','11:00','14:00',13,'Working','2020-09-17 17:03:06','2020-09-17 17:03:06'),(66,'Wednesday','11:00','14:00',13,'Working','2020-09-17 17:03:06','2020-09-17 17:03:06'),(67,'Thursday','11:00','14:00',13,'Working','2020-09-17 17:03:06','2020-09-17 17:03:06'),(68,'Saturday','08:00','11:00',14,'Working','2020-09-17 17:03:06','2020-09-17 17:03:06'),(69,'Sunday','08:00','11:00',14,'Working','2020-09-17 17:03:06','2020-09-17 17:03:06'),(70,'Monday','08:00','11:00',14,'Working','2020-09-17 17:03:06','2020-09-17 17:03:06'),(71,'Tuesday','11:00','14:00',14,'Working','2020-09-17 17:03:06','2020-09-17 17:03:06'),(72,'Wednesday','11:00','14:00',14,'Working','2020-09-17 17:03:06','2020-09-17 17:03:06'),(73,'Thursday','11:00','14:00',14,'Working','2020-09-17 17:03:06','2020-09-17 17:03:06'),(74,'Saturday','08:00','11:00',15,'Working','2020-09-17 17:03:06','2020-09-17 17:03:06'),(75,'Sunday','08:00','11:00',15,'Working','2020-09-17 17:03:06','2020-09-17 17:03:06'),(76,'Tuesday','11:00','14:00',15,'Working','2020-09-17 17:03:06','2020-09-17 17:03:06'),(77,'Wednesday','14:00','20:00',15,'Working','2020-09-17 17:03:06','2020-09-17 17:03:06'),(78,'Thursday','11:00','14:00',15,'Working','2020-09-17 17:03:06','2020-09-17 17:03:06'),(79,'Saturday','08:00','11:00',16,'Working','2020-09-17 17:03:06','2020-09-17 17:03:06'),(80,'Sunday','11:00','14:00',16,'Working','2020-09-17 17:03:06','2020-09-17 17:03:06'),(81,'Monday','08:00','11:00',16,'Working','2020-09-17 17:03:06','2020-09-17 17:03:06'),(82,'Tuesday','11:00','14:00',16,'Working','2020-09-17 17:03:06','2020-09-17 17:03:06'),(83,'Wednesday','11:00','14:00',16,'Working','2020-09-17 17:03:06','2020-09-17 17:03:06'),(84,'Thursday','08:00','11:00',16,'Working','2020-09-17 17:03:06','2020-09-17 17:03:06'),(85,'Saturday','14:00','20:00',17,'Working','2020-09-17 17:03:06','2020-09-17 17:03:06'),(86,'Sunday','14:00','20:00',17,'Working','2020-09-17 17:03:06','2020-09-17 17:03:06'),(87,'Monday','14:00','20:00',17,'Working','2020-09-17 17:03:06','2020-09-17 17:03:06'),(88,'Tuesday','14:00','20:00',17,'Working','2020-09-17 17:03:06','2020-09-17 17:03:06'),(89,'Wednesday','14:00','20:00',17,'Working','2020-09-17 17:03:06','2020-09-17 17:03:06'),(90,'Thursday','14:00','20:00',17,'Working','2020-09-17 17:03:06','2020-09-17 17:03:06'),(91,'Saturday','08:00','14:00',18,'Working','2020-09-17 17:03:06','2020-09-17 17:03:06'),(92,'Sunday','08:00','14:00',18,'Working','2020-09-17 17:03:06','2020-09-17 17:03:06'),(93,'Monday','08:00','14:00',18,'Working','2020-09-17 17:03:06','2020-09-17 17:03:06'),(94,'Tuesday','08:00','14:00',18,'Working','2020-09-17 17:03:06','2020-09-17 17:03:06'),(95,'Wednesday','08:00','14:00',18,'Working','2020-09-17 17:03:06','2020-09-17 17:03:06'),(96,'Thursday','08:00','14:00',18,'Working','2020-09-17 17:03:06','2020-09-17 17:03:06'),(97,'Saturday','08:00','12:00',19,'Working','2020-09-17 17:03:06','2020-09-17 17:03:06'),(98,'Monday','10:00','14:00',19,'Working','2020-09-17 17:03:06','2020-09-17 17:03:06'),(99,'Tuesday','10:00','14:00',19,'Working','2020-09-17 17:03:06','2020-09-17 17:03:06'),(100,'Wednesday','10:00','14:00',19,'Working','2020-09-17 17:03:06','2020-09-17 17:03:06'),(101,'Thursday','10:00','14:00',19,'Working','2020-09-17 17:03:06','2020-09-17 17:03:06'),(102,'Saturday','09:00','12:00',20,'Working','2020-09-17 17:03:06','2020-09-17 17:03:06'),(103,'Sunday','09:00','12:00',20,'Working','2020-09-17 17:03:06','2020-09-17 17:03:06'),(104,'Monday','09:00','12:00',20,'Working','2020-09-17 17:03:06','2020-09-17 17:03:06'),(105,'Tuesday','09:00','12:00',20,'Working','2020-09-17 17:03:06','2020-09-17 17:03:06'),(106,'Wednesday','09:00','12:00',20,'Working','2020-09-17 17:03:06','2020-09-17 17:03:06'),(107,'Thursday','09:00','12:00',20,'Working','2020-09-17 17:03:06','2020-09-17 17:03:06'),(108,'Saturday','08:00','12:00',21,'Working','2020-09-17 17:03:06','2020-09-17 17:03:06'),(109,'Sunday','08:00','12:00',21,'Working','2020-09-17 17:03:06','2020-09-17 17:03:06'),(110,'Monday','08:00','12:00',21,'Working','2020-09-17 17:03:06','2020-09-17 17:03:06'),(111,'Tuesday','08:00','12:00',21,'Working','2020-09-17 17:03:06','2020-09-17 17:03:06'),(112,'Wednesday','08:00','12:00',21,'Working','2020-09-17 17:03:06','2020-09-17 17:03:06'),(113,'Thursday','08:00','12:00',21,'Working','2020-09-17 17:03:06','2020-09-17 17:03:06'),(114,'Saturday','10:00','14:00',22,'Working','2020-09-17 17:03:06','2020-09-17 17:03:06'),(115,'Sunday','10:00','14:00',22,'Working','2020-09-17 17:03:06','2020-09-17 17:03:06'),(116,'Monday','10:00','14:00',22,'Working','2020-09-17 17:03:06','2020-09-17 17:03:06'),(117,'Tuesday','10:00','14:00',22,'Working','2020-09-17 17:03:06','2020-09-17 17:03:06'),(118,'Wednesday','10:00','14:00',22,'Working','2020-09-17 17:03:06','2020-09-17 17:03:06'),(119,'Thursday','10:00','14:00',22,'Working','2020-09-17 17:03:06','2020-09-17 17:03:06');
/*!40000 ALTER TABLE `workinghours` ENABLE KEYS */;
UNLOCK TABLES;
/*!40103 SET TIME_ZONE=@OLD_TIME_ZONE */;

/*!40101 SET SQL_MODE=@OLD_SQL_MODE */;
/*!40014 SET FOREIGN_KEY_CHECKS=@OLD_FOREIGN_KEY_CHECKS */;
/*!40014 SET UNIQUE_CHECKS=@OLD_UNIQUE_CHECKS */;
/*!40101 SET CHARACTER_SET_CLIENT=@OLD_CHARACTER_SET_CLIENT */;
/*!40101 SET CHARACTER_SET_RESULTS=@OLD_CHARACTER_SET_RESULTS */;
/*!40101 SET COLLATION_CONNECTION=@OLD_COLLATION_CONNECTION */;
/*!40111 SET SQL_NOTES=@OLD_SQL_NOTES */;

-- Dump completed on 2020-10-27 14:00:02
